STARLINK-70000
1 70000U 21029A   25001.00000000  .00000000  00000-0  00000-0 0  9999
2 70000  53.0000 151.1818 0001000 345.0891 142.6135 15.06000000000018
STARLINK-70001
1 70001U 20073A   25001.00000000  .00000000  00000-0  00000-0 0  9998
2 70001  97.6000 334.0611 0001000 285.9161 304.9940 15.06000000000015
STARLINK-70002
1 70002U 19044A   25001.00000000  .00000000  00000-0  00000-0 0  9995
2 70002  53.2000  87.8599 0001000  22.5056 184.3384 15.06000000000012
STARLINK-70003
1 70003U 25054A   25001.00000000  .00000000  00000-0  00000-0 0  9994
2 70003  53.0000  53.7461 0001000 190.0996 351.6897 15.06000000000013
STARLINK-70004
1 70004U 22042A   25001.00000000  .00000000  00000-0  00000-0 0  9999
2 70004  43.0000  65.7781 0001000 273.0357  32.6129 15.06000000000018
STARLINK-70005
1 70005U 25002A   25001.00000000  .00000000  00000-0  00000-0 0  9999
2 70005  53.0000   6.7208 0001000 198.8027  92.0251 15.06000000000013
STARLINK-70006
1 70006U 25066A   25001.00000000  .00000000  00000-0  00000-0 0  9990
2 70006  97.6000 217.9275 0001000 229.3476  92.8335 15.06000000000017
STARLINK-70007
1 70007U 24013A   25001.00000000  .00000000  00000-0  00000-0 0  9992
2 70007  43.0000  55.7496 0001000 243.9237 338.9945 15.06000000000014
STARLINK-70008
1 70008U 24034A   25001.00000000  .00000000  00000-0  00000-0 0  9996
2 70008  97.6000  61.2176 0001000 327.5976 246.2335 15.06000000000010
STARLINK-70009
1 70009U 20078A   25001.00000000  .00000000  00000-0  00000-0 0  9991
2 70009  97.6000 322.7336 0001000  21.3197  24.7531 15.06000000000015
STARLINK-70010
1 70010U 21089A   25001.00000000  .00000000  00000-0  00000-0 0  9996
2 70010  53.2000 130.5476 0001000 353.1262  80.0052 15.06000000000017
STARLINK-70011
1 70011U 24043A   25001.00000000  .00000000  00000-0  00000-0 0  9990
2 70011  43.0000  85.7443 0001000 177.3818 272.4174 15.06000000000015
STARLINK-70012
1 70012U 25029A   25001.00000000  .00000000  00000-0  00000-0 0  9996
2 70012  53.0000 241.5194 0001000 228.3338  41.5672 15.06000000000014
STARLINK-70013
1 70013U 22051A   25001.00000000  .00000000  00000-0  00000-0 0  9999
2 70013  53.2000 274.1302 0001000 171.0640 125.1931 15.06000000000017
STARLINK-70014
1 70014U 20093A   25001.00000000  .00000000  00000-0  00000-0 0  9994
2 70014  53.0000 282.2885 0001000 251.0266 281.7505 15.06000000000011
STARLINK-70015
1 70015U 24099A   25001.00000000  .00000000  00000-0  00000-0 0  9995
2 70015  53.0000  53.2250 0001000 337.1930  52.8169 15.06000000000011
STARLINK-70016
1 70016U 20031A   25001.00000000  .00000000  00000-0  00000-0 0  9998
2 70016  97.6000 167.0793 0001000 289.8571 167.1390 15.06000000000012
STARLINK-70017
1 70017U 20053A   25001.00000000  .00000000  00000-0  00000-0 0  9993
2 70017  53.2000 332.3155 0001000  47.8511  57.1778 15.06000000000014
STARLINK-70018
1 70018U 23033A   25001.00000000  .00000000  00000-0  00000-0 0  9995
2 70018  53.2000 340.5629 0001000   2.6773 141.6209 15.06000000000019
STARLINK-70019
1 70019U 24090A   25001.00000000  .00000000  00000-0  00000-0 0  9990
2 70019  53.2000 237.3943 0001000 168.5452 338.5883 15.06000000000013
STARLINK-70020
1 70020U 20096A   25001.00000000  .00000000  00000-0  00000-0 0  9994
2 70020  43.0000 163.3151 0001000   5.3998 110.6193 15.06000000000017
STARLINK-70021
1 70021U 22078A   25001.00000000  .00000000  00000-0  00000-0 0  9997
2 70021  53.2000 244.7855 0001000 111.6520 267.3481 15.06000000000018
STARLINK-70022
1 70022U 20095A   25001.00000000  .00000000  00000-0  00000-0 0  9995
2 70022  53.2000  17.3050 0001000 252.7490  11.6577 15.06000000000019
STARLINK-70023
1 70023U 19069A   25001.00000000  .00000000  00000-0  00000-0 0  9995
2 70023  70.0000 338.5854 0001000 324.1901 200.9712 15.06000000000012
STARLINK-70024
1 70024U 21001A   25001.00000000  .00000000  00000-0  00000-0 0  9995
2 70024  53.2000 340.6215 0001000 165.1879 142.3111 15.06000000000010
STARLINK-70025
1 70025U 24080A   25001.00000000  .00000000  00000-0  00000-0 0  9996
2 70025  43.0000 153.7142 0001000  99.7174 286.0469 15.06000000000012
STARLINK-70026
1 70026U 21034A   25001.00000000  .00000000  00000-0  00000-0 0  9993
2 70026  43.0000 212.2829 0001000  15.0777 305.6978 15.06000000000019
STARLINK-70027
1 70027U 21084A   25001.00000000  .00000000  00000-0  00000-0 0  9999
2 70027  43.0000 262.7035 0001000 126.3839  37.2730 15.06000000000018
STARLINK-70028
1 70028U 23071A   25001.00000000  .00000000  00000-0  00000-0 0  9998
2 70028  53.2000 237.1873 0001000 349.3939 228.1018 15.06000000000016
STARLINK-70029
1 70029U 23090A   25001.00000000  .00000000  00000-0  00000-0 0  9990
2 70029  97.6000 318.9091 0001000 256.8513  76.9734 15.06000000000013
STARLINK-70030
1 70030U 24052A   25001.00000000  .00000000  00000-0  00000-0 0  9991
2 70030  43.0000   4.3705 0001000  88.3311 287.1746 15.06000000000011
STARLINK-70031
1 70031U 22091A   25001.00000000  .00000000  00000-0  00000-0 0  9993
2 70031  53.2000  52.2276 0001000  89.9966 337.7541 15.06000000000018
STARLINK-70032
1 70032U 23005A   25001.00000000  .00000000  00000-0  00000-0 0  9990
2 70032  70.0000 125.9484 0001000 255.3525 106.0218 15.06000000000013
STARLINK-70033
1 70033U 19033A   25001.00000000  .00000000  00000-0  00000-0 0  9997
2 70033  43.0000 359.5712 0001000 219.3199 328.5414 15.06000000000019
STARLINK-70034
1 70034U 19023A   25001.00000000  .00000000  00000-0  00000-0 0  9997
2 70034  53.2000 311.6832 0001000  50.4709 272.8002 15.06000000000010
STARLINK-70035
1 70035U 25080A   25001.00000000  .00000000  00000-0  00000-0 0  9998
2 70035  97.6000   9.7404 0001000  33.1381 125.8215 15.06000000000010
STARLINK-70036
1 70036U 22090A   25001.00000000  .00000000  00000-0  00000-0 0  9997
2 70036  53.2000 217.5838 0001000  68.5956 281.3495 15.06000000000017
STARLINK-70037
1 70037U 22097A   25001.00000000  .00000000  00000-0  00000-0 0  9995
2 70037  97.6000 167.4779 0001000 157.6972 359.2747 15.06000000000010
STARLINK-70038
1 70038U 25053A   25001.00000000  .00000000  00000-0  00000-0 0  9991
2 70038  97.6000  26.7263 0001000 157.9762 115.6931 15.06000000000015
STARLINK-70039
1 70039U 20004A   25001.00000000  .00000000  00000-0  00000-0 0  9993
2 70039  43.0000 326.0463 0001000 139.4214 177.6668 15.06000000000011
STARLINK-70040
1 70040U 23088A   25001.00000000  .00000000  00000-0  00000-0 0  9990
2 70040  70.0000 177.3051 0001000  62.4414 302.7948 15.06000000000012
STARLINK-70041
1 70041U 23091A   25001.00000000  .00000000  00000-0  00000-0 0  9995
2 70041  97.6000 190.4226 0001000 337.1268   9.5137 15.06000000000019
STARLINK-70042
1 70042U 22004A   25001.00000000  .00000000  00000-0  00000-0 0  9999
2 70042  53.2000 218.8832 0001000 272.7014 107.1028 15.06000000000013
STARLINK-70043
1 70043U 23035A   25001.00000000  .00000000  00000-0  00000-0 0  9995
2 70043  97.6000 182.2556 0001000  24.5022 112.8464 15.06000000000012
STARLINK-70044
1 70044U 23064A   25001.00000000  .00000000  00000-0  00000-0 0  9998
2 70044  70.0000 299.1762 0001000 299.9052 288.4617 15.06000000000016
STARLINK-70045
1 70045U 23009A   25001.00000000  .00000000  00000-0  00000-0 0  9998
2 70045  53.0000 236.8236 0001000  74.2659 226.1975 15.06000000000015
STARLINK-70046
1 70046U 20001A   25001.00000000  .00000000  00000-0  00000-0 0  9998
2 70046  97.6000 181.3144 0001000 151.7634 231.9642 15.06000000000011
STARLINK-70047
1 70047U 19006A   25001.00000000  .00000000  00000-0  00000-0 0  9992
2 70047  97.6000  11.5508 0001000  92.5046 154.6511 15.06000000000015
STARLINK-70048
1 70048U 25012A   25001.00000000  .00000000  00000-0  00000-0 0  9997
2 70048  43.0000 282.2883 0001000 292.4585 244.3358 15.06000000000019
STARLINK-70049
1 70049U 19087A   25001.00000000  .00000000  00000-0  00000-0 0  9993
2 70049  43.0000 148.1643 0001000 240.8947 176.8064 15.06000000000016
STARLINK-70050
1 70050U 22077A   25001.00000000  .00000000  00000-0  00000-0 0  9998
2 70050  43.0000  60.8068 0001000 303.2580 294.9314 15.06000000000016
STARLINK-70051
1 70051U 19054A   25001.00000000  .00000000  00000-0  00000-0 0  9990
2 70051  53.2000 234.4841 0001000 244.5135 351.6118 15.06000000000014
STARLINK-70052
1 70052U 19086A   25001.00000000  .00000000  00000-0  00000-0 0  9996
2 70052  70.0000 205.0511 0001000 156.7378 276.6894 15.06000000000010
STARLINK-70053
1 70053U 22097A   25001.00000000  .00000000  00000-0  00000-0 0  9993
2 70053  43.0000 298.2431 0001000 121.0748  89.6786 15.06000000000014
STARLINK-70054
1 70054U 23016A   25001.00000000  .00000000  00000-0  00000-0 0  9996
2 70054  53.0000 254.3651 0001000 128.1397  52.0808 15.06000000000010
STARLINK-70055
1 70055U 19045A   25001.00000000  .00000000  00000-0  00000-0 0  9994
2 70055  97.6000 229.8138 0001000 335.9094  54.2847 15.06000000000011
STARLINK-70056
1 70056U 19016A   25001.00000000  .00000000  00000-0  00000-0 0  9993
2 70056  70.0000 217.2535 0001000 159.1519  80.3097 15.06000000000014
STARLINK-70057
1 70057U 25050A   25001.00000000  .00000000  00000-0  00000-0 0  9999
2 70057  70.0000 342.5929 0001000 281.8504 242.0039 15.06000000000014
STARLINK-70058
1 70058U 22059A   25001.00000000  .00000000  00000-0  00000-0 0  9996
2 70058  53.2000  27.7043 0001000 178.5917 353.5843 15.06000000000018
STARLINK-70059
1 70059U 24081A   25001.00000000  .00000000  00000-0  00000-0 0  9994
2 70059  53.0000 255.8732 0001000  62.8330 244.8414 15.06000000000016
STARLINK-70060
1 70060U 21088A   25001.00000000  .00000000  00000-0  00000-0 0  9990
2 70060  97.6000 127.2128 0001000 334.4681 310.7671 15.06000000000018
STARLINK-70061
1 70061U 20031A   25001.00000000  .00000000  00000-0  00000-0 0  9998
2 70061  70.0000 257.6538 0001000 175.9685 128.0621 15.06000000000014
STARLINK-70062
1 70062U 25013A   25001.00000000  .00000000  00000-0  00000-0 0  9994
2 70062  43.0000 172.1602 0001000 296.8636 246.8814 15.06000000000010
STARLINK-70063
1 70063U 19034A   25001.00000000  .00000000  00000-0  00000-0 0  9991
2 70063  53.2000 295.6680 0001000 277.1500 213.9741 15.06000000000017
STARLINK-70064
1 70064U 20019A   25001.00000000  .00000000  00000-0  00000-0 0  9997
2 70064  97.6000  30.2280 0001000  95.0925 277.9602 15.06000000000013
STARLINK-70065
1 70065U 21030A   25001.00000000  .00000000  00000-0  00000-0 0  9992
2 70065  53.2000 335.4114 0001000 130.1515  88.8487 15.06000000000014
STARLINK-70066
1 70066U 22068A   25001.00000000  .00000000  00000-0  00000-0 0  9995
2 70066  53.2000  24.1403 0001000 268.9647 188.6814 15.06000000000017
STARLINK-70067
1 70067U 25016A   25001.00000000  .00000000  00000-0  00000-0 0  9992
2 70067  70.0000 346.3114 0001000  85.4358 251.7016 15.06000000000010
STARLINK-70068
1 70068U 25025A   25001.00000000  .00000000  00000-0  00000-0 0  9993
2 70068  43.0000 233.7744 0001000 295.9361 106.5802 15.06000000000011
STARLINK-70069
1 70069U 22082A   25001.00000000  .00000000  00000-0  00000-0 0  9994
2 70069  70.0000 242.0628 0001000  76.6509 297.4382 15.06000000000017
STARLINK-70070
1 70070U 19097A   25001.00000000  .00000000  00000-0  00000-0 0  9998
2 70070  53.0000 344.4856 0001000 296.0648  17.2310 15.06000000000011
STARLINK-70071
1 70071U 25072A   25001.00000000  .00000000  00000-0  00000-0 0  9999
2 70071  53.2000 339.9407 0001000  20.0661 202.6475 15.06000000000017
STARLINK-70072
1 70072U 24018A   25001.00000000  .00000000  00000-0  00000-0 0  9999
2 70072  53.2000 269.8339 0001000 303.3382 263.3938 15.06000000000018
STARLINK-70073
1 70073U 23035A   25001.00000000  .00000000  00000-0  00000-0 0  9998
2 70073  70.0000 336.4302 0001000 290.8591  52.3379 15.06000000000014
STARLINK-70074
1 70074U 19044A   25001.00000000  .00000000  00000-0  00000-0 0  9994
2 70074  70.0000 105.7702 0001000 301.6431  87.1392 15.06000000000011
STARLINK-70075
1 70075U 23048A   25001.00000000  .00000000  00000-0  00000-0 0  9994
2 70075  97.6000 145.6478 0001000 274.9244 258.3839 15.06000000000012
STARLINK-70076
1 70076U 23017A   25001.00000000  .00000000  00000-0  00000-0 0  9991
2 70076  70.0000 340.4910 0001000 350.7398 319.9661 15.06000000000014
STARLINK-70077
1 70077U 20067A   25001.00000000  .00000000  00000-0  00000-0 0  9994
2 70077  43.0000 206.5073 0001000 226.8751 270.4979 15.06000000000016
STARLINK-70078
1 70078U 19037A   25001.00000000  .00000000  00000-0  00000-0 0  9990
2 70078  53.2000 209.9529 0001000  55.8875 225.8634 15.06000000000012
STARLINK-70079
1 70079U 23087A   25001.00000000  .00000000  00000-0  00000-0 0  9991
2 70079  97.6000 174.0092 0001000 353.7198 112.8243 15.06000000000011
STARLINK-70080
1 70080U 22071A   25001.00000000  .00000000  00000-0  00000-0 0  9995
2 70080  70.0000 163.6273 0001000 149.2134  35.6366 15.06000000000019
STARLINK-70081
1 70081U 22078A   25001.00000000  .00000000  00000-0  00000-0 0  9993
2 70081  53.2000 170.5430 0001000  17.6075 194.5191 15.06000000000018
STARLINK-70082
1 70082U 23031A   25001.00000000  .00000000  00000-0  00000-0 0  9994
2 70082  70.0000  26.1560 0001000 237.3765 343.8979 15.06000000000016
STARLINK-70083
1 70083U 23062A   25001.00000000  .00000000  00000-0  00000-0 0  9999
2 70083  43.0000 115.6727 0001000 310.0295 221.9016 15.06000000000011
STARLINK-70084
1 70084U 23084A   25001.00000000  .00000000  00000-0  00000-0 0  9994
2 70084  53.2000 319.0112 0001000 296.3835 343.7018 15.06000000000014
STARLINK-70085
1 70085U 23091A   25001.00000000  .00000000  00000-0  00000-0 0  9993
2 70085  53.0000   0.3920 0001000 355.8833  87.1998 15.06000000000015
STARLINK-70086
1 70086U 24067A   25001.00000000  .00000000  00000-0  00000-0 0  9998
2 70086  53.0000 196.2445 0001000 217.6284 359.7420 15.06000000000016
STARLINK-70087
1 70087U 24013A   25001.00000000  .00000000  00000-0  00000-0 0  9990
2 70087  53.2000  97.3361 0001000 286.4885  57.1161 15.06000000000019
STARLINK-70088
1 70088U 19007A   25001.00000000  .00000000  00000-0  00000-0 0  9998
2 70088  53.0000  10.5474 0001000 120.8260  47.5036 15.06000000000012
STARLINK-70089
1 70089U 23095A   25001.00000000  .00000000  00000-0  00000-0 0  9991
2 70089  70.0000  38.4400 0001000 326.2921  82.8857 15.06000000000019
STARLINK-70090
1 70090U 25058A   25001.00000000  .00000000  00000-0  00000-0 0  9994
2 70090  53.0000 100.5597 0001000 354.4332   7.0301 15.06000000000012
STARLINK-70091
1 70091U 25097A   25001.00000000  .00000000  00000-0  00000-0 0  9998
2 70091  53.0000  88.1154 0001000  90.2339 331.8053 15.06000000000017
STARLINK-70092
1 70092U 25012A   25001.00000000  .00000000  00000-0  00000-0 0  9996
2 70092  53.0000 189.3832 0001000  83.0302 176.3330 15.06000000000015
STARLINK-70093
1 70093U 19036A   25001.00000000  .00000000  00000-0  00000-0 0  9996
2 70093  53.0000 205.5376 0001000 252.2046 140.9666 15.06000000000014
STARLINK-70094
1 70094U 25038A   25001.00000000  .00000000  00000-0  00000-0 0  9996
2 70094  53.2000 113.3329 0001000  17.1580 274.1281 15.06000000000015
STARLINK-70095
1 70095U 19066A   25001.00000000  .00000000  00000-0  00000-0 0  9991
2 70095  97.6000 320.6670 0001000 319.6108  97.3424 15.06000000000010
STARLINK-70096
1 70096U 22053A   25001.00000000  .00000000  00000-0  00000-0 0  9992
2 70096  53.2000 243.1817 0001000 153.9155 100.5492 15.06000000000014
STARLINK-70097
1 70097U 25091A   25001.00000000  .00000000  00000-0  00000-0 0  9998
2 70097  43.0000 256.2406 0001000 220.1518  58.2507 15.06000000000017
STARLINK-70098
1 70098U 23065A   25001.00000000  .00000000  00000-0  00000-0 0  9998
2 70098  53.0000 307.1526 0001000 220.0399 162.1737 15.06000000000014
STARLINK-70099
1 70099U 25064A   25001.00000000  .00000000  00000-0  00000-0 0  9990
2 70099  43.0000  10.2651 0001000 142.2613 117.0150 15.06000000000017
STARLINK-70100
1 70100U 23070A   25001.00000000  .00000000  00000-0  00000-0 0  9998
2 70100  43.0000 104.8473 0001000 241.4972  58.9407 15.06000000000010
STARLINK-70101
1 70101U 19024A   25001.00000000  .00000000  00000-0  00000-0 0  9993
2 70101  70.0000 346.1928 0001000 158.3682   2.5194 15.06000000000019
STARLINK-70102
1 70102U 24027A   25001.00000000  .00000000  00000-0  00000-0 0  9993
2 70102  53.0000 251.2104 0001000  29.4923 117.4908 15.06000000000018
STARLINK-70103
1 70103U 19019A   25001.00000000  .00000000  00000-0  00000-0 0  9999
2 70103  53.0000  13.8514 0001000 225.8368 202.5567 15.06000000000018
STARLINK-70104
1 70104U 20072A   25001.00000000  .00000000  00000-0  00000-0 0  9991
2 70104  53.2000  34.7809 0001000 158.3495  55.2062 15.06000000000014
STARLINK-70105
1 70105U 22079A   25001.00000000  .00000000  00000-0  00000-0 0  9991
2 70105  53.0000 155.7850 0001000  14.3689 154.5084 15.06000000000016
STARLINK-70106
1 70106U 24080A   25001.00000000  .00000000  00000-0  00000-0 0  9996
2 70106  97.6000   7.9050 0001000 101.1188  34.7155 15.06000000000018
STARLINK-70107
1 70107U 19069A   25001.00000000  .00000000  00000-0  00000-0 0  9998
2 70107  70.0000 140.2702 0001000 130.4449 138.2259 15.06000000000019
STARLINK-70108
1 70108U 19070A   25001.00000000  .00000000  00000-0  00000-0 0  9991
2 70108  53.0000   3.2832 0001000 358.6443 185.7824 15.06000000000016
STARLINK-70109
1 70109U 24065A   25001.00000000  .00000000  00000-0  00000-0 0  9992
2 70109  53.0000 223.2824 0001000 199.4773 289.4854 15.06000000000014
STARLINK-70110
1 70110U 21003A   25001.00000000  .00000000  00000-0  00000-0 0  9993
2 70110  70.0000  33.3764 0001000 194.9504 115.4318 15.06000000000013
STARLINK-70111
1 70111U 23005A   25001.00000000  .00000000  00000-0  00000-0 0  9998
2 70111  53.0000 289.5559 0001000  75.6833 172.5161 15.06000000000012
STARLINK-70112
1 70112U 22060A   25001.00000000  .00000000  00000-0  00000-0 0  9999
2 70112  53.0000 175.0374 0001000 309.0155 216.3048 15.06000000000019
STARLINK-70113
1 70113U 23004A   25001.00000000  .00000000  00000-0  00000-0 0  9999
2 70113  53.0000 231.0640 0001000  54.3659 161.1147 15.06000000000015
STARLINK-70114
1 70114U 24086A   25001.00000000  .00000000  00000-0  00000-0 0  9991
2 70114  97.6000 238.0139 0001000 147.2582 338.4299 15.06000000000014
STARLINK-70115
1 70115U 24027A   25001.00000000  .00000000  00000-0  00000-0 0  9997
2 70115  43.0000 113.4739 0001000 101.7160 229.0670 15.06000000000017
STARLINK-70116
1 70116U 19068A   25001.00000000  .00000000  00000-0  00000-0 0  9997
2 70116  70.0000  26.6639 0001000 252.0546 325.2270 15.06000000000015
STARLINK-70117
1 70117U 24082A   25001.00000000  .00000000  00000-0  00000-0 0  9990
2 70117  43.0000 139.3734 0001000 330.5782  31.8161 15.06000000000017
STARLINK-70118
1 70118U 19097A   25001.00000000  .00000000  00000-0  00000-0 0  9991
2 70118  43.0000 150.1745 0001000 253.8870 197.8867 15.06000000000012
STARLINK-70119
1 70119U 22070A   25001.00000000  .00000000  00000-0  00000-0 0  9997
2 70119  97.6000 240.1052 0001000 247.7078  70.0948 15.06000000000013
STARLINK-70120
1 70120U 20036A   25001.00000000  .00000000  00000-0  00000-0 0  9999
2 70120  70.0000 154.7049 0001000 340.6015  88.2486 15.06000000000018
STARLINK-70121
1 70121U 19074A   25001.00000000  .00000000  00000-0  00000-0 0  9990
2 70121  53.0000 234.2229 0001000 166.7201 130.2404 15.06000000000016
STARLINK-70122
1 70122U 19004A   25001.00000000  .00000000  00000-0  00000-0 0  9994
2 70122  53.2000 282.0710 0001000   6.4989 316.8301 15.06000000000016
STARLINK-70123
1 70123U 23009A   25001.00000000  .00000000  00000-0  00000-0 0  9995
2 70123  53.0000 300.3957 0001000 344.1914 274.2937 15.06000000000014
STARLINK-70124
1 70124U 19018A   25001.00000000  .00000000  00000-0  00000-0 0  9991
2 70124  43.0000 169.4071 0001000 150.2788 119.3480 15.06000000000012
STARLINK-70125
1 70125U 23036A   25001.00000000  .00000000  00000-0  00000-0 0  9997
2 70125  53.2000 227.4695 0001000 297.1763  26.9671 15.06000000000012
STARLINK-70126
1 70126U 20057A   25001.00000000  .00000000  00000-0  00000-0 0  9998
2 70126  70.0000 258.1580 0001000 236.1816   9.1587 15.06000000000015
STARLINK-70127
1 70127U 25017A   25001.00000000  .00000000  00000-0  00000-0 0  9990
2 70127  70.0000 188.8380 0001000 344.7087 164.5216 15.06000000000014
STARLINK-70128
1 70128U 21076A   25001.00000000  .00000000  00000-0  00000-0 0  9992
2 70128  53.0000   1.5433 0001000 235.3273 301.1484 15.06000000000014
STARLINK-70129
1 70129U 20050A   25001.00000000  .00000000  00000-0  00000-0 0  9994
2 70129  70.0000 123.1935 0001000 303.1967 200.1945 15.06000000000016
STARLINK-70130
1 70130U 22044A   25001.00000000  .00000000  00000-0  00000-0 0  9991
2 70130  70.0000 204.4306 0001000 148.6285 264.9621 15.06000000000017
STARLINK-70131
1 70131U 21055A   25001.00000000  .00000000  00000-0  00000-0 0  9993
2 70131  53.2000 270.0280 0001000 203.1095 175.3021 15.06000000000016
STARLINK-70132
1 70132U 23100A   25001.00000000  .00000000  00000-0  00000-0 0  9997
2 70132  70.0000   2.3297 0001000 283.7160 340.2549 15.06000000000013
STARLINK-70133
1 70133U 21070A   25001.00000000  .00000000  00000-0  00000-0 0  9992
2 70133  53.2000 317.9651 0001000 164.6864 351.6078 15.06000000000017
STARLINK-70134
1 70134U 21044A   25001.00000000  .00000000  00000-0  00000-0 0  9994
2 70134  97.6000 161.3785 0001000 250.2324 357.5352 15.06000000000012
STARLINK-70135
1 70135U 20069A   25001.00000000  .00000000  00000-0  00000-0 0  9991
2 70135  53.0000  93.2373 0001000 300.6438 147.5657 15.06000000000016
STARLINK-70136
1 70136U 25025A   25001.00000000  .00000000  00000-0  00000-0 0  9999
2 70136  53.2000 184.1064 0001000 215.6039 336.8549 15.06000000000011
STARLINK-70137
1 70137U 22055A   25001.00000000  .00000000  00000-0  00000-0 0  9990
2 70137  43.0000   3.4539 0001000 187.8553 250.8070 15.06000000000014
STARLINK-70138
1 70138U 21012A   25001.00000000  .00000000  00000-0  00000-0 0  9993
2 70138  53.0000  44.8222 0001000 124.9169 327.1985 15.06000000000012
STARLINK-70139
1 70139U 22096A   25001.00000000  .00000000  00000-0  00000-0 0  9997
2 70139  70.0000 320.0043 0001000 305.6056 271.8241 15.06000000000015
STARLINK-70140
1 70140U 23090A   25001.00000000  .00000000  00000-0  00000-0 0  9994
2 70140  97.6000 221.3959 0001000  95.6270 206.5015 15.06000000000019
STARLINK-70141
1 70141U 20036A   25001.00000000  .00000000  00000-0  00000-0 0  9992
2 70141  43.0000 302.9819 0001000  12.6707 144.6048 15.06000000000018
STARLINK-70142
1 70142U 23059A   25001.00000000  .00000000  00000-0  00000-0 0  9991
2 70142  53.2000 219.7285 0001000  20.4872 328.0486 15.06000000000018
STARLINK-70143
1 70143U 24039A   25001.00000000  .00000000  00000-0  00000-0 0  9991
2 70143  53.0000 238.7526 0001000 192.1297 245.2105 15.06000000000012
STARLINK-70144
1 70144U 20081A   25001.00000000  .00000000  00000-0  00000-0 0  9995
2 70144  97.6000 137.8049 0001000 344.4740 213.4451 15.06000000000012
STARLINK-70145
1 70145U 22079A   25001.00000000  .00000000  00000-0  00000-0 0  9995
2 70145  70.0000  91.5242 0001000 252.0038 220.5134 15.06000000000010
STARLINK-70146
1 70146U 21028A   25001.00000000  .00000000  00000-0  00000-0 0  9999
2 70146  97.6000 290.3244 0001000   3.2041 222.5523 15.06000000000011
STARLINK-70147
1 70147U 20014A   25001.00000000  .00000000  00000-0  00000-0 0  9994
2 70147  70.0000 292.4573 0001000 237.3403 340.8154 15.06000000000011
STARLINK-70148
1 70148U 25017A   25001.00000000  .00000000  00000-0  00000-0 0  9993
2 70148  53.0000 340.1422 0001000 190.5435 144.4245 15.06000000000011
STARLINK-70149
1 70149U 21046A   25001.00000000  .00000000  00000-0  00000-0 0  9992
2 70149  97.6000 171.9043 0001000 123.1732 140.2911 15.06000000000011
STARLINK-70150
1 70150U 23049A   25001.00000000  .00000000  00000-0  00000-0 0  9999
2 70150  43.0000 267.2333 0001000 187.6464   8.5676 15.06000000000010
STARLINK-70151
1 70151U 25004A   25001.00000000  .00000000  00000-0  00000-0 0  9993
2 70151  70.0000 239.1896 0001000  35.9514 270.0434 15.06000000000012
STARLINK-70152
1 70152U 22055A   25001.00000000  .00000000  00000-0  00000-0 0  9997
2 70152  53.0000 166.8373 0001000  13.3514  30.5369 15.06000000000016
STARLINK-70153
1 70153U 19038A   25001.00000000  .00000000  00000-0  00000-0 0  9995
2 70153  53.2000 318.0258 0001000 268.3090  48.3003 15.06000000000015
STARLINK-70154
1 70154U 20048A   25001.00000000  .00000000  00000-0  00000-0 0  9999
2 70154  43.0000  18.4909 0001000 270.8466 300.9131 15.06000000000011
STARLINK-70155
1 70155U 25062A   25001.00000000  .00000000  00000-0  00000-0 0  9991
2 70155  97.6000 215.2533 0001000 357.1968 223.9979 15.06000000000017
STARLINK-70156
1 70156U 20002A   25001.00000000  .00000000  00000-0  00000-0 0  9991
2 70156  53.2000 228.8191 0001000  50.8217 165.3911 15.06000000000015
STARLINK-70157
1 70157U 20094A   25001.00000000  .00000000  00000-0  00000-0 0  9993
2 70157  53.0000 250.5021 0001000 209.5671 123.5939 15.06000000000011
STARLINK-70158
1 70158U 22040A   25001.00000000  .00000000  00000-0  00000-0 0  9997
2 70158  53.0000  42.6553 0001000 199.6292 171.0342 15.06000000000016
STARLINK-70159
1 70159U 25024A   25001.00000000  .00000000  00000-0  00000-0 0  9993
2 70159  53.0000 292.8932 0001000 262.0838  41.9367 15.06000000000010
STARLINK-70160
1 70160U 22022A   25001.00000000  .00000000  00000-0  00000-0 0  9990
2 70160  43.0000 344.8575 0001000 359.6659 155.7921 15.06000000000016
STARLINK-70161
1 70161U 21049A   25001.00000000  .00000000  00000-0  00000-0 0  9999
2 70161  43.0000 232.5310 0001000 310.6351 124.8910 15.06000000000018
STARLINK-70162
1 70162U 25082A   25001.00000000  .00000000  00000-0  00000-0 0  9991
2 70162  70.0000  75.0527 0001000  13.1354 251.7250 15.06000000000014
STARLINK-70163
1 70163U 22057A   25001.00000000  .00000000  00000-0  00000-0 0  9991
2 70163  70.0000 249.0119 0001000 330.5322 285.6257 15.06000000000019
STARLINK-70164
1 70164U 23096A   25001.00000000  .00000000  00000-0  00000-0 0  9996
2 70164  43.0000 309.1966 0001000  74.8999 147.0154 15.06000000000013
STARLINK-70165
1 70165U 21019A   25001.00000000  .00000000  00000-0  00000-0 0  9990
2 70165  43.0000  56.7850 0001000 108.7290 299.6629 15.06000000000013
STARLINK-70166
1 70166U 19004A   25001.00000000  .00000000  00000-0  00000-0 0  9992
2 70166  70.0000 349.7729 0001000 239.6155 354.3891 15.06000000000018
STARLINK-70167
1 70167U 22014A   25001.00000000  .00000000  00000-0  00000-0 0  9998
2 70167  53.2000 309.3799 0001000 306.6612 244.0044 15.06000000000019
STARLINK-70168
1 70168U 19008A   25001.00000000  .00000000  00000-0  00000-0 0  9998
2 70168  53.0000 149.6575 0001000  75.9935 130.1273 15.06000000000018
STARLINK-70169
1 70169U 23096A   25001.00000000  .00000000  00000-0  00000-0 0  9991
2 70169  70.0000   4.9326 0001000  72.6950 115.8015 15.06000000000010
STARLINK-70170
1 70170U 22060A   25001.00000000  .00000000  00000-0  00000-0 0  9993
2 70170  53.0000 234.7180 0001000 345.2391 151.8823 15.06000000000019
STARLINK-70171
1 70171U 22043A   25001.00000000  .00000000  00000-0  00000-0 0  9995
2 70171  43.0000 337.5504 0001000 329.2038 271.7527 15.06000000000014
STARLINK-70172
1 70172U 21013A   25001.00000000  .00000000  00000-0  00000-0 0  9992
2 70172  70.0000 113.1792 0001000 172.9705 308.4128 15.06000000000011
STARLINK-70173
1 70173U 21086A   25001.00000000  .00000000  00000-0  00000-0 0  9993
2 70173  53.0000  79.0963 0001000  33.2325  46.3835 15.06000000000013
STARLINK-70174
1 70174U 25087A   25001.00000000  .00000000  00000-0  00000-0 0  9999
2 70174  97.6000  59.5020 0001000  38.2068 111.3637 15.06000000000017
STARLINK-70175
1 70175U 24043A   25001.00000000  .00000000  00000-0  00000-0 0  9991
2 70175  53.0000 162.8655 0001000 358.5147 146.5497 15.06000000000016
STARLINK-70176
1 70176U 21021A   25001.00000000  .00000000  00000-0  00000-0 0  9995
2 70176  70.0000  50.9577 0001000 289.8665 252.1918 15.06000000000019
STARLINK-70177
1 70177U 24079A   25001.00000000  .00000000  00000-0  00000-0 0  9992
2 70177  43.0000 302.0647 0001000 280.3971 125.1723 15.06000000000018
STARLINK-70178
1 70178U 22076A   25001.00000000  .00000000  00000-0  00000-0 0  9998
2 70178  53.2000 311.5012 0001000 286.7008 218.7013 15.06000000000015
STARLINK-70179
1 70179U 20099A   25001.00000000  .00000000  00000-0  00000-0 0  9992
2 70179  70.0000 271.1897 0001000 338.5160 249.2196 15.06000000000011
STARLINK-70180
1 70180U 23031A   25001.00000000  .00000000  00000-0  00000-0 0  9993
2 70180  53.2000 220.1336 0001000 158.2701 289.3270 15.06000000000014
STARLINK-70181
1 70181U 20056A   25001.00000000  .00000000  00000-0  00000-0 0  9998
2 70181  97.6000 219.2448 0001000 274.3689 123.3993 15.06000000000014
STARLINK-70182
1 70182U 20075A   25001.00000000  .00000000  00000-0  00000-0 0  9990
2 70182  70.0000  21.0823 0001000 225.4989 224.0299 15.06000000000014
STARLINK-70183
1 70183U 23018A   25001.00000000  .00000000  00000-0  00000-0 0  9991
2 70183  53.2000 158.2761 0001000  39.7712 329.5920 15.06000000000014
STARLINK-70184
1 70184U 22059A   25001.00000000  .00000000  00000-0  00000-0 0  9996
2 70184  97.6000   1.0624 0001000  58.8555 161.4992 15.06000000000019
STARLINK-70185
1 70185U 21036A   25001.00000000  .00000000  00000-0  00000-0 0  9991
2 70185  43.0000 312.0996 0001000 309.9840 227.0806 15.06000000000012
STARLINK-70186
1 70186U 19020A   25001.00000000  .00000000  00000-0  00000-0 0  9992
2 70186  53.0000 215.5738 0001000  85.2084  95.8517 15.06000000000019
STARLINK-70187
1 70187U 22055A   25001.00000000  .00000000  00000-0  00000-0 0  9995
2 70187  43.0000  80.9297 0001000 334.0770 149.7098 15.06000000000013
STARLINK-70188
1 70188U 24007A   25001.00000000  .00000000  00000-0  00000-0 0  9995
2 70188  70.0000  92.0670 0001000 137.9847 197.5037 15.06000000000012
STARLINK-70189
1 70189U 24042A   25001.00000000  .00000000  00000-0  00000-0 0  9995
2 70189  53.0000 121.4093 0001000 213.1871 194.4843 15.06000000000015
STARLINK-70190
1 70190U 23040A   25001.00000000  .00000000  00000-0  00000-0 0  9994
2 70190  53.0000  94.3118 0001000 154.3026 129.1321 15.06000000000017
STARLINK-70191
1 70191U 24061A   25001.00000000  .00000000  00000-0  00000-0 0  9999
2 70191  70.0000 276.3250 0001000  46.9628 199.3986 15.06000000000016
STARLINK-70192
1 70192U 23007A   25001.00000000  .00000000  00000-0  00000-0 0  9999
2 70192  97.6000 169.8527 0001000 145.5532 225.9438 15.06000000000013
STARLINK-70193
1 70193U 20090A   25001.00000000  .00000000  00000-0  00000-0 0  9999
2 70193  43.0000 245.1511 0001000 337.0953 282.5030 15.06000000000012
STARLINK-70194
1 70194U 21016A   25001.00000000  .00000000  00000-0  00000-0 0  9999
2 70194  53.0000 174.8857 0001000 352.1734 348.6639 15.06000000000019
STARLINK-70195
1 70195U 25031A   25001.00000000  .00000000  00000-0  00000-0 0  9991
2 70195  97.6000 127.2854 0001000 215.6206   2.7766 15.06000000000019
STARLINK-70196
1 70196U 21078A   25001.00000000  .00000000  00000-0  00000-0 0  9999
2 70196  97.6000 254.6190 0001000 271.8821 197.6190 15.06000000000010
STARLINK-70197
1 70197U 19011A   25001.00000000  .00000000  00000-0  00000-0 0  9994
2 70197  97.6000 243.1176 0001000 204.6554 110.6830 15.06000000000011
STARLINK-70198
1 70198U 25047A   25001.00000000  .00000000  00000-0  00000-0 0  9991
2 70198  53.0000  54.9049 0001000 273.1790 179.7680 15.06000000000017
STARLINK-70199
1 70199U 22079A   25001.00000000  .00000000  00000-0  00000-0 0  9994
2 70199  53.0000 325.1465 0001000 229.7905  80.5818 15.06000000000010
STARLINK-70200
1 70200U 23061A   25001.00000000  .00000000  00000-0  00000-0 0  9999
2 70200  70.0000  46.7763 0001000 257.3506  54.2541 15.06000000000014
STARLINK-70201
1 70201U 25093A   25001.00000000  .00000000  00000-0  00000-0 0  9997
2 70201  97.6000 158.3868 0001000 244.0798 251.1002 15.06000000000012
STARLINK-70202
1 70202U 25007A   25001.00000000  .00000000  00000-0  00000-0 0  9993
2 70202  53.0000 280.8701 0001000  90.0331 119.2553 15.06000000000013
STARLINK-70203
1 70203U 25037A   25001.00000000  .00000000  00000-0  00000-0 0  9997
2 70203  53.2000 178.9980 0001000  92.9910  61.9080 15.06000000000014
STARLINK-70204
1 70204U 25061A   25001.00000000  .00000000  00000-0  00000-0 0  9995
2 70204  97.6000  80.0582 0001000  92.2388 292.3922 15.06000000000015
STARLINK-70205
1 70205U 21035A   25001.00000000  .00000000  00000-0  00000-0 0  9993
2 70205  43.0000 198.6171 0001000 285.4483  97.8365 15.06000000000012
STARLINK-70206
1 70206U 22038A   25001.00000000  .00000000  00000-0  00000-0 0  9998
2 70206  97.6000  18.2151 0001000 238.8532  60.3274 15.06000000000014
STARLINK-70207
1 70207U 22049A   25001.00000000  .00000000  00000-0  00000-0 0  9991
2 70207  53.0000  96.7625 0001000 122.0331  22.6584 15.06000000000014
STARLINK-70208
1 70208U 19084A   25001.00000000  .00000000  00000-0  00000-0 0  9997
2 70208  70.0000 116.9289 0001000 264.7325  77.5846 15.06000000000012
STARLINK-70209
1 70209U 24035A   25001.00000000  .00000000  00000-0  00000-0 0  9990
2 70209  97.6000 115.9824 0001000 275.2154 226.6735 15.06000000000013
STARLINK-70210
1 70210U 21057A   25001.00000000  .00000000  00000-0  00000-0 0  9993
2 70210  70.0000  51.5233 0001000 169.8344 314.7603 15.06000000000011
STARLINK-70211
1 70211U 19020A   25001.00000000  .00000000  00000-0  00000-0 0  9991
2 70211  70.0000 141.8230 0001000 127.3773 295.1315 15.06000000000019
STARLINK-70212
1 70212U 21018A   25001.00000000  .00000000  00000-0  00000-0 0  9992
2 70212  53.2000  70.9575 0001000 231.0792 295.1849 15.06000000000013
STARLINK-70213
1 70213U 25027A   25001.00000000  .00000000  00000-0  00000-0 0  9997
2 70213  43.0000   8.6516 0001000 359.8085 112.6311 15.06000000000015
STARLINK-70214
1 70214U 23004A   25001.00000000  .00000000  00000-0  00000-0 0  9991
2 70214  53.0000 332.0673 0001000 164.5023  32.4808 15.06000000000018
STARLINK-70215
1 70215U 25070A   25001.00000000  .00000000  00000-0  00000-0 0  9997
2 70215  43.0000 266.8055 0001000  19.0146 256.8508 15.06000000000015
STARLINK-70216
1 70216U 25004A   25001.00000000  .00000000  00000-0  00000-0 0  9995
2 70216  70.0000 118.3892 0001000 315.5368 226.0759 15.06000000000013
STARLINK-70217
1 70217U 25009A   25001.00000000  .00000000  00000-0  00000-0 0  9991
2 70217  53.2000 173.0097 0001000  41.5830 358.3503 15.06000000000018
STARLINK-70218
1 70218U 21055A   25001.00000000  .00000000  00000-0  00000-0 0  9999
2 70218  70.0000 190.8336 0001000   8.2064 357.7665 15.06000000000010
STARLINK-70219
1 70219U 24075A   25001.00000000  .00000000  00000-0  00000-0 0  9995
2 70219  53.2000 279.0542 0001000 144.4966 223.0320 15.06000000000010
STARLINK-70220
1 70220U 22065A   25001.00000000  .00000000  00000-0  00000-0 0  9994
2 70220  53.2000 107.8912 0001000  44.4988 105.8371 15.06000000000017
STARLINK-70221
1 70221U 24001A   25001.00000000  .00000000  00000-0  00000-0 0  9997
2 70221  43.0000  62.9287 0001000 233.7710 215.8340 15.06000000000015
STARLINK-70222
1 70222U 25089A   25001.00000000  .00000000  00000-0  00000-0 0  9995
2 70222  43.0000 191.5240 0001000 103.3201 215.6379 15.06000000000011
STARLINK-70223
1 70223U 19004A   25001.00000000  .00000000  00000-0  00000-0 0  9996
2 70223  53.2000 154.2473 0001000 286.2869 225.0913 15.06000000000019
STARLINK-70224
1 70224U 21010A   25001.00000000  .00000000  00000-0  00000-0 0  9997
2 70224  43.0000 103.5190 0001000 192.0319 240.0322 15.06000000000015
STARLINK-70225
1 70225U 21005A   25001.00000000  .00000000  00000-0  00000-0 0  9992
2 70225  53.0000  76.2659 0001000  77.6221  60.7093 15.06000000000015
STARLINK-70226
1 70226U 21051A   25001.00000000  .00000000  00000-0  00000-0 0  9994
2 70226  70.0000 106.2156 0001000 198.8069 196.5740 15.06000000000014
STARLINK-70227
1 70227U 19004A   25001.00000000  .00000000  00000-0  00000-0 0  9990
2 70227  53.0000 240.7859 0001000 254.7033 228.3980 15.06000000000013
STARLINK-70228
1 70228U 20008A   25001.00000000  .00000000  00000-0  00000-0 0  9997
2 70228  53.0000  98.2623 0001000  70.7830 330.9110 15.06000000000015
STARLINK-70229
1 70229U 23037A   25001.00000000  .00000000  00000-0  00000-0 0  9993
2 70229  53.0000 209.6595 0001000  13.0876 303.3359 15.06000000000011
STARLINK-70230
1 70230U 22014A   25001.00000000  .00000000  00000-0  00000-0 0  9999
2 70230  97.6000 330.9028 0001000 307.1167 358.8715 15.06000000000017
STARLINK-70231
1 70231U 24012A   25001.00000000  .00000000  00000-0  00000-0 0  9990
2 70231  70.0000 228.8687 0001000  79.2464 316.4199 15.06000000000012
STARLINK-70232
1 70232U 23054A   25001.00000000  .00000000  00000-0  00000-0 0  9996
2 70232  70.0000 159.3698 0001000  63.3087 160.9476 15.06000000000018
STARLINK-70233
1 70233U 20066A   25001.00000000  .00000000  00000-0  00000-0 0  9997
2 70233  70.0000  72.9507 0001000 200.4931 201.2345 15.06000000000014
STARLINK-70234
1 70234U 19063A   25001.00000000  .00000000  00000-0  00000-0 0  9993
2 70234  97.6000 216.3425 0001000 159.1692 324.3590 15.06000000000016
STARLINK-70235
1 70235U 20099A   25001.00000000  .00000000  00000-0  00000-0 0  9995
2 70235  70.0000  97.0065 0001000 289.4542 191.6962 15.06000000000015
STARLINK-70236
1 70236U 23096A   25001.00000000  .00000000  00000-0  00000-0 0  9996
2 70236  43.0000  61.9609 0001000 336.5905 298.9941 15.06000000000015
STARLINK-70237
1 70237U 24057A   25001.00000000  .00000000  00000-0  00000-0 0  9995
2 70237  70.0000 132.4726 0001000 196.2273 162.3203 15.06000000000014
STARLINK-70238
1 70238U 23002A   25001.00000000  .00000000  00000-0  00000-0 0  9995
2 70238  97.6000 215.4842 0001000 132.4882 334.1947 15.06000000000013
STARLINK-70239
1 70239U 19001A   25001.00000000  .00000000  00000-0  00000-0 0  9990
2 70239  43.0000 148.6283 0001000 277.7123 258.0512 15.06000000000018
STARLINK-70240
1 70240U 21016A   25001.00000000  .00000000  00000-0  00000-0 0  9991
2 70240  43.0000  63.1213 0001000 239.1316  36.6508 15.06000000000015
STARLINK-70241
1 70241U 21084A   25001.00000000  .00000000  00000-0  00000-0 0  9997
2 70241  43.0000 235.2197 0001000 177.0443 316.5280 15.06000000000017
STARLINK-70242
1 70242U 20080A   25001.00000000  .00000000  00000-0  00000-0 0  9993
2 70242  53.2000 302.5758 0001000 112.4440 348.7643 15.06000000000012
STARLINK-70243
1 70243U 22010A   25001.00000000  .00000000  00000-0  00000-0 0  9999
2 70243  70.0000 332.5501 0001000 214.3086  95.9149 15.06000000000019
STARLINK-70244
1 70244U 22097A   25001.00000000  .00000000  00000-0  00000-0 0  9995
2 70244  97.6000  51.0119 0001000 117.3181 188.6389 15.06000000000017
STARLINK-70245
1 70245U 25026A   25001.00000000  .00000000  00000-0  00000-0 0  9991
2 70245  70.0000 198.7832 0001000  49.2600 184.4351 15.06000000000016
STARLINK-70246
1 70246U 20046A   25001.00000000  .00000000  00000-0  00000-0 0  9999
2 70246  43.0000 349.0478 0001000  17.5122 193.9808 15.06000000000013
STARLINK-70247
1 70247U 21098A   25001.00000000  .00000000  00000-0  00000-0 0  9998
2 70247  43.0000 145.8261 0001000 281.3442 303.1420 15.06000000000017
STARLINK-70248
1 70248U 20005A   25001.00000000  .00000000  00000-0  00000-0 0  9996
2 70248  53.2000  85.5930 0001000 280.7729 133.8441 15.06000000000016
STARLINK-70249
1 70249U 24042A   25001.00000000  .00000000  00000-0  00000-0 0  9992
2 70249  53.2000 241.4257 0001000  24.6445 196.1951 15.06000000000010
STARLINK-70250
1 70250U 21090A   25001.00000000  .00000000  00000-0  00000-0 0  9994
2 70250  70.0000 154.8087 0001000 339.8255 255.5075 15.06000000000014
STARLINK-70251
1 70251U 19051A   25001.00000000  .00000000  00000-0  00000-0 0  9999
2 70251  53.0000 191.3143 0001000 351.9041  42.0888 15.06000000000014
STARLINK-70252
1 70252U 21067A   25001.00000000  .00000000  00000-0  00000-0 0  9990
2 70252  43.0000 301.4136 0001000 115.4971 293.6676 15.06000000000014
STARLINK-70253
1 70253U 24096A   25001.00000000  .00000000  00000-0  00000-0 0  9996
2 70253  70.0000 155.2393 0001000 251.4671  64.9260 15.06000000000011
STARLINK-70254
1 70254U 19054A   25001.00000000  .00000000  00000-0  00000-0 0  9995
2 70254  43.0000 184.3597 0001000 219.8037  95.9003 15.06000000000014
STARLINK-70255
1 70255U 21071A   25001.00000000  .00000000  00000-0  00000-0 0  9998
2 70255  97.6000 167.4379 0001000 277.1937 190.5336 15.06000000000017
STARLINK-70256
1 70256U 19078A   25001.00000000  .00000000  00000-0  00000-0 0  9993
2 70256  97.6000  19.7627 0001000 130.3500 255.3471 15.06000000000019
STARLINK-70257
1 70257U 24046A   25001.00000000  .00000000  00000-0  00000-0 0  9995
2 70257  53.0000  10.4699 0001000  26.0270 352.4578 15.06000000000015
STARLINK-70258
1 70258U 19065A   25001.00000000  .00000000  00000-0  00000-0 0  9991
2 70258  43.0000 116.3681 0001000 301.2710 283.4289 15.06000000000011
STARLINK-70259
1 70259U 25018A   25001.00000000  .00000000  00000-0  00000-0 0  9997
2 70259  43.0000 345.4136 0001000  63.7449 262.1769 15.06000000000018
STARLINK-70260
1 70260U 21005A   25001.00000000  .00000000  00000-0  00000-0 0  9991
2 70260  43.0000  21.1545 0001000 238.8328 329.2890 15.06000000000013
STARLINK-70261
1 70261U 24026A   25001.00000000  .00000000  00000-0  00000-0 0  9998
2 70261  97.6000 247.6499 0001000 212.6095 336.3179 15.06000000000012
STARLINK-70262
1 70262U 25015A   25001.00000000  .00000000  00000-0  00000-0 0  9998
2 70262  53.2000 294.5220 0001000 193.9856 328.7777 15.06000000000019
STARLINK-70263
1 70263U 19045A   25001.00000000  .00000000  00000-0  00000-0 0  9995
2 70263  70.0000  81.6923 0001000 336.1813 170.0462 15.06000000000015
STARLINK-70264
1 70264U 20077A   25001.00000000  .00000000  00000-0  00000-0 0  9993
2 70264  43.0000 145.9525 0001000 288.4169  57.6075 15.06000000000011
STARLINK-70265
1 70265U 19001A   25001.00000000  .00000000  00000-0  00000-0 0  9999
2 70265  70.0000  37.9030 0001000 118.7140 326.5076 15.06000000000016
STARLINK-70266
1 70266U 22054A   25001.00000000  .00000000  00000-0  00000-0 0  9992
2 70266  53.2000 139.6268 0001000 214.5243  33.2260 15.06000000000019
STARLINK-70267
1 70267U 21025A   25001.00000000  .00000000  00000-0  00000-0 0  9990
2 70267  70.0000 245.0665 0001000 199.7688 359.5959 15.06000000000016
STARLINK-70268
1 70268U 24087A   25001.00000000  .00000000  00000-0  00000-0 0  9992
2 70268  53.2000 271.3658 0001000 352.2693 143.7395 15.06000000000013
STARLINK-70269
1 70269U 19011A   25001.00000000  .00000000  00000-0  00000-0 0  9994
2 70269  43.0000 202.1148 0001000 271.5337 246.8540 15.06000000000012
STARLINK-70270
1 70270U 24069A   25001.00000000  .00000000  00000-0  00000-0 0  9995
2 70270  53.2000 354.2568 0001000 236.4476 302.6467 15.06000000000015
STARLINK-70271
1 70271U 24029A   25001.00000000  .00000000  00000-0  00000-0 0  9992
2 70271  53.2000 182.8713 0001000  50.1214 252.6021 15.06000000000014
STARLINK-70272
1 70272U 23015A   25001.00000000  .00000000  00000-0  00000-0 0  9997
2 70272  53.2000 116.1588 0001000 209.3224 262.4105 15.06000000000016
STARLINK-70273
1 70273U 24092A   25001.00000000  .00000000  00000-0  00000-0 0  9994
2 70273  43.0000  11.1803 0001000 156.1817 271.3648 15.06000000000016
STARLINK-70274
1 70274U 21054A   25001.00000000  .00000000  00000-0  00000-0 0  9990
2 70274  53.0000  95.0439 0001000 310.1869  71.1214 15.06000000000018
STARLINK-70275
1 70275U 19058A   25001.00000000  .00000000  00000-0  00000-0 0  9992
2 70275  43.0000  53.6743 0001000 357.4087 233.0542 15.06000000000015
STARLINK-70276
1 70276U 21070A   25001.00000000  .00000000  00000-0  00000-0 0  9990
2 70276  53.0000 107.3753 0001000 166.0795 223.7536 15.06000000000014
STARLINK-70277
1 70277U 20058A   25001.00000000  .00000000  00000-0  00000-0 0  9996
2 70277  53.0000 269.6002 0001000  90.0649 251.9181 15.06000000000017
STARLINK-70278
1 70278U 23081A   25001.00000000  .00000000  00000-0  00000-0 0  9996
2 70278  97.6000 319.2295 0001000 226.2416 160.2918 15.06000000000013
STARLINK-70279
1 70279U 21007A   25001.00000000  .00000000  00000-0  00000-0 0  9993
2 70279  53.2000  61.4955 0001000 190.3807 156.5235 15.06000000000016
STARLINK-70280
1 70280U 20012A   25001.00000000  .00000000  00000-0  00000-0 0  9990
2 70280  70.0000  30.6484 0001000 176.2484  30.6409 15.06000000000019
STARLINK-70281
1 70281U 21065A   25001.00000000  .00000000  00000-0  00000-0 0  9990
2 70281  97.6000  79.5722 0001000  12.1086 274.3603 15.06000000000011
STARLINK-70282
1 70282U 19024A   25001.00000000  .00000000  00000-0  00000-0 0  9993
2 70282  53.0000  72.0802 0001000 212.3143 125.7370 15.06000000000013
STARLINK-70283
1 70283U 25037A   25001.00000000  .00000000  00000-0  00000-0 0  9995
2 70283  53.2000 140.8725 0001000  63.9599 104.0449 15.06000000000016
STARLINK-70284
1 70284U 20027A   25001.00000000  .00000000  00000-0  00000-0 0  9990
2 70284  43.0000  66.4042 0001000  22.0327  76.6076 15.06000000000014
STARLINK-70285
1 70285U 19044A   25001.00000000  .00000000  00000-0  00000-0 0  9998
2 70285  70.0000 334.4946 0001000 291.2734 136.8542 15.06000000000015
STARLINK-70286
1 70286U 21086A   25001.00000000  .00000000  00000-0  00000-0 0  9998
2 70286  43.0000 287.7772 0001000 318.9476 214.9010 15.06000000000011
STARLINK-70287
1 70287U 22032A   25001.00000000  .00000000  00000-0  00000-0 0  9991
2 70287  70.0000 334.4313 0001000 234.8964 260.1308 15.06000000000014
STARLINK-70288
1 70288U 24098A   25001.00000000  .00000000  00000-0  00000-0 0  9996
2 70288  53.0000 208.6794 0001000  52.0233 330.3287 15.06000000000016
STARLINK-70289
1 70289U 23018A   25001.00000000  .00000000  00000-0  00000-0 0  9998
2 70289  97.6000  82.7377 0001000  86.8151 286.2881 15.06000000000012
STARLINK-70290
1 70290U 19084A   25001.00000000  .00000000  00000-0  00000-0 0  9998
2 70290  43.0000 239.8635 0001000 288.1916 221.8607 15.06000000000018
STARLINK-70291
1 70291U 23030A   25001.00000000  .00000000  00000-0  00000-0 0  9995
2 70291  43.0000 225.5549 0001000  54.6763 288.5498 15.06000000000019
STARLINK-70292
1 70292U 23070A   25001.00000000  .00000000  00000-0  00000-0 0  9990
2 70292  53.0000 183.4314 0001000 170.1658   2.2870 15.06000000000015
STARLINK-70293
1 70293U 25044A   25001.00000000  .00000000  00000-0  00000-0 0  9994
2 70293  97.6000 132.9698 0001000  82.9801 210.6741 15.06000000000016
STARLINK-70294
1 70294U 19007A   25001.00000000  .00000000  00000-0  00000-0 0  9997
2 70294  70.0000 299.4740 0001000  90.6622 153.9305 15.06000000000011
STARLINK-70295
1 70295U 20016A   25001.00000000  .00000000  00000-0  00000-0 0  9990
2 70295  97.6000 141.1110 0001000 207.1120  28.4325 15.06000000000017
STARLINK-70296
1 70296U 21021A   25001.00000000  .00000000  00000-0  00000-0 0  9998
2 70296  97.6000 254.4291 0001000 112.6764  56.9220 15.06000000000010
STARLINK-70297
1 70297U 21099A   25001.00000000  .00000000  00000-0  00000-0 0  9994
2 70297  53.2000 291.9853 0001000 247.2236  80.2971 15.06000000000011
STARLINK-70298
1 70298U 25053A   25001.00000000  .00000000  00000-0  00000-0 0  9999
2 70298  53.2000   6.8855 0001000 193.5124  14.3605 15.06000000000018
STARLINK-70299
1 70299U 22031A   25001.00000000  .00000000  00000-0  00000-0 0  9993
2 70299  53.2000 201.3133 0001000 158.2954  35.3492 15.06000000000016
STARLINK-70300
1 70300U 21090A   25001.00000000  .00000000  00000-0  00000-0 0  9990
2 70300  70.0000 187.4090 0001000 225.3376 285.9373 15.06000000000017
STARLINK-70301
1 70301U 25064A   25001.00000000  .00000000  00000-0  00000-0 0  9996
2 70301  53.2000 149.1702 0001000  90.8681   3.0390 15.06000000000018
STARLINK-70302
1 70302U 22031A   25001.00000000  .00000000  00000-0  00000-0 0  9998
2 70302  53.2000  80.0732 0001000 102.5206 129.8878 15.06000000000017
STARLINK-70303
1 70303U 21001A   25001.00000000  .00000000  00000-0  00000-0 0  9995
2 70303  70.0000 157.2143 0001000  63.7755 251.8282 15.06000000000010
STARLINK-70304
1 70304U 20100A   25001.00000000  .00000000  00000-0  00000-0 0  9995
2 70304  53.2000 110.5527 0001000  77.4754 302.8928 15.06000000000017
STARLINK-70305
1 70305U 24057A   25001.00000000  .00000000  00000-0  00000-0 0  9991
2 70305  70.0000 198.4480 0001000 175.2260 221.0262 15.06000000000010
STARLINK-70306
1 70306U 21052A   25001.00000000  .00000000  00000-0  00000-0 0  9994
2 70306  43.0000 253.5379 0001000 347.6933  69.8609 15.06000000000016
STARLINK-70307
1 70307U 21041A   25001.00000000  .00000000  00000-0  00000-0 0  9993
2 70307  43.0000 295.2117 0001000  86.7937  77.6185 15.06000000000011
STARLINK-70308
1 70308U 24088A   25001.00000000  .00000000  00000-0  00000-0 0  9998
2 70308  97.6000  67.5571 0001000 154.3833 285.8898 15.06000000000012
STARLINK-70309
1 70309U 24038A   25001.00000000  .00000000  00000-0  00000-0 0  9994
2 70309  53.2000 245.8905 0001000  89.2486 196.0286 15.06000000000017
STARLINK-70310
1 70310U 24024A   25001.00000000  .00000000  00000-0  00000-0 0  9991
2 70310  43.0000 351.5054 0001000  39.6378  20.4737 15.06000000000016
STARLINK-70311
1 70311U 19063A   25001.00000000  .00000000  00000-0  00000-0 0  9999
2 70311  43.0000 207.2761 0001000 275.2457 355.7128 15.06000000000013
STARLINK-70312
1 70312U 19035A   25001.00000000  .00000000  00000-0  00000-0 0  9999
2 70312  97.6000 198.2393 0001000 326.1872 236.3459 15.06000000000017
STARLINK-70313
1 70313U 20016A   25001.00000000  .00000000  00000-0  00000-0 0  9991
2 70313  97.6000 149.0569 0001000 159.5558 267.0410 15.06000000000014
STARLINK-70314
1 70314U 21067A   25001.00000000  .00000000  00000-0  00000-0 0  9999
2 70314  70.0000  40.1104 0001000 326.5440 211.0522 15.06000000000015
STARLINK-70315
1 70315U 25085A   25001.00000000  .00000000  00000-0  00000-0 0  9994
2 70315  53.2000 298.3702 0001000 132.8729 266.7895 15.06000000000018
STARLINK-70316
1 70316U 25015A   25001.00000000  .00000000  00000-0  00000-0 0  9998
2 70316  53.0000 158.1359 0001000 269.6531  95.7197 15.06000000000013
STARLINK-70317
1 70317U 19007A   25001.00000000  .00000000  00000-0  00000-0 0  9993
2 70317  43.0000 254.8218 0001000 256.1398 241.9808 15.06000000000017
STARLINK-70318
1 70318U 19084A   25001.00000000  .00000000  00000-0  00000-0 0  9999
2 70318  53.2000 341.1818 0001000 328.7600 251.3322 15.06000000000015
STARLINK-70319
1 70319U 25009A   25001.00000000  .00000000  00000-0  00000-0 0  9994
2 70319  70.0000  46.3947 0001000 198.5707 229.8397 15.06000000000013
STARLINK-70320
1 70320U 24070A   25001.00000000  .00000000  00000-0  00000-0 0  9993
2 70320  70.0000  92.7107 0001000 111.2408  95.9434 15.06000000000012
STARLINK-70321
1 70321U 21059A   25001.00000000  .00000000  00000-0  00000-0 0  9998
2 70321  43.0000 271.8114 0001000  72.9073 149.8174 15.06000000000012
STARLINK-70322
1 70322U 25087A   25001.00000000  .00000000  00000-0  00000-0 0  9994
2 70322  43.0000  30.6947 0001000  75.0488 105.2874 15.06000000000015
STARLINK-70323
1 70323U 25049A   25001.00000000  .00000000  00000-0  00000-0 0  9993
2 70323  70.0000 313.6047 0001000   5.7707  79.5541 15.06000000000019
STARLINK-70324
1 70324U 24052A   25001.00000000  .00000000  00000-0  00000-0 0  9997
2 70324  53.2000 307.4704 0001000 169.8511 197.6498 15.06000000000012
STARLINK-70325
1 70325U 22080A   25001.00000000  .00000000  00000-0  00000-0 0  9997
2 70325  70.0000 225.1615 0001000  24.4096 171.4034 15.06000000000017
STARLINK-70326
1 70326U 22048A   25001.00000000  .00000000  00000-0  00000-0 0  9992
2 70326  97.6000  16.6008 0001000 131.5072 296.0450 15.06000000000012
STARLINK-70327
1 70327U 24018A   25001.00000000  .00000000  00000-0  00000-0 0  9992
2 70327  53.2000 350.8659 0001000 202.6039 205.4761 15.06000000000018
STARLINK-70328
1 70328U 22049A   25001.00000000  .00000000  00000-0  00000-0 0  9995
2 70328  53.2000 153.5261 0001000 218.8551 190.8310 15.06000000000011
STARLINK-70329
1 70329U 23069A   25001.00000000  .00000000  00000-0  00000-0 0  9999
2 70329  53.2000  56.1929 0001000  33.5152 322.9636 15.06000000000019
STARLINK-70330
1 70330U 24001A   25001.00000000  .00000000  00000-0  00000-0 0  9998
2 70330  97.6000 303.1855 0001000  79.9962 167.1544 15.06000000000016
STARLINK-70331
1 70331U 19044A   25001.00000000  .00000000  00000-0  00000-0 0  9990
2 70331  70.0000 131.6767 0001000 232.0357 112.3245 15.06000000000018
STARLINK-70332
1 70332U 24015A   25001.00000000  .00000000  00000-0  00000-0 0  9995
2 70332  53.0000 284.4080 0001000 172.9735  71.3091 15.06000000000010
STARLINK-70333
1 70333U 19054A   25001.00000000  .00000000  00000-0  00000-0 0  9993
2 70333  43.0000 304.7989 0001000 108.5025 349.9200 15.06000000000017
STARLINK-70334
1 70334U 21051A   25001.00000000  .00000000  00000-0  00000-0 0  9994
2 70334  53.0000 135.5055 0001000 234.0547 109.9611 15.06000000000017
STARLINK-70335
1 70335U 20093A   25001.00000000  .00000000  00000-0  00000-0 0  9990
2 70335  53.2000 321.8851 0001000 215.6465  62.4112 15.06000000000017
STARLINK-70336
1 70336U 20022A   25001.00000000  .00000000  00000-0  00000-0 0  9993
2 70336  70.0000  53.4704 0001000 207.0061 223.5305 15.06000000000011
STARLINK-70337
1 70337U 23050A   25001.00000000  .00000000  00000-0  00000-0 0  9998
2 70337  70.0000  70.6558 0001000 130.4594 354.6474 15.06000000000013
STARLINK-70338
1 70338U 24083A   25001.00000000  .00000000  00000-0  00000-0 0  9996
2 70338  70.0000 235.2049 0001000  37.4157  70.8330 15.06000000000017
STARLINK-70339
1 70339U 21052A   25001.00000000  .00000000  00000-0  00000-0 0  9990
2 70339  43.0000  93.9535 0001000  59.7638 143.4310 15.06000000000013
STARLINK-70340
1 70340U 25023A   25001.00000000  .00000000  00000-0  00000-0 0  9994
2 70340  53.0000  25.1385 0001000  12.7025 194.5142 15.06000000000015
STARLINK-70341
1 70341U 20012A   25001.00000000  .00000000  00000-0  00000-0 0  9998
2 70341  53.2000  25.6166 0001000  93.3520 158.6568 15.06000000000018
STARLINK-70342
1 70342U 20070A   25001.00000000  .00000000  00000-0  00000-0 0  9993
2 70342  53.0000 240.6499 0001000  33.8145 350.2010 15.06000000000019
STARLINK-70343
1 70343U 21050A   25001.00000000  .00000000  00000-0  00000-0 0  9993
2 70343  70.0000 164.2099 0001000 309.8136 299.3651 15.06000000000016
STARLINK-70344
1 70344U 24025A   25001.00000000  .00000000  00000-0  00000-0 0  9999
2 70344  97.6000 259.7697 0001000 218.2070  11.0020 15.06000000000015
STARLINK-70345
1 70345U 20033A   25001.00000000  .00000000  00000-0  00000-0 0  9995
2 70345  53.2000 315.9787 0001000 162.5958 235.2839 15.06000000000013
STARLINK-70346
1 70346U 22060A   25001.00000000  .00000000  00000-0  00000-0 0  9998
2 70346  53.2000  19.9873 0001000 239.7624 168.3167 15.06000000000018
STARLINK-70347
1 70347U 19013A   25001.00000000  .00000000  00000-0  00000-0 0  9993
2 70347  43.0000  22.8872 0001000  19.0355 337.6553 15.06000000000018
STARLINK-70348
1 70348U 20059A   25001.00000000  .00000000  00000-0  00000-0 0  9996
2 70348  70.0000 271.4787 0001000 352.3533 299.5185 15.06000000000014
STARLINK-70349
1 70349U 22031A   25001.00000000  .00000000  00000-0  00000-0 0  9999
2 70349  53.2000 128.9814 0001000 254.5325 175.6972 15.06000000000015
STARLINK-70350
1 70350U 20029A   25001.00000000  .00000000  00000-0  00000-0 0  9996
2 70350  43.0000 257.1528 0001000 162.8047 355.6428 15.06000000000019
STARLINK-70351
1 70351U 20011A   25001.00000000  .00000000  00000-0  00000-0 0  9998
2 70351  53.2000 312.1102 0001000 292.8340 214.6948 15.06000000000014
STARLINK-70352
1 70352U 22066A   25001.00000000  .00000000  00000-0  00000-0 0  9991
2 70352  43.0000 359.6364 0001000 158.7957 302.4762 15.06000000000012
STARLINK-70353
1 70353U 20004A   25001.00000000  .00000000  00000-0  00000-0 0  9992
2 70353  43.0000  90.4488 0001000 260.0337 321.4455 15.06000000000019
STARLINK-70354
1 70354U 23017A   25001.00000000  .00000000  00000-0  00000-0 0  9990
2 70354  53.0000 148.1804 0001000 163.1275  50.2933 15.06000000000016
STARLINK-70355
1 70355U 19082A   25001.00000000  .00000000  00000-0  00000-0 0  9998
2 70355  53.2000 357.4305 0001000 173.4572 159.0489 15.06000000000018
STARLINK-70356
1 70356U 23003A   25001.00000000  .00000000  00000-0  00000-0 0  9997
2 70356  70.0000 308.9264 0001000 310.0060 147.8968 15.06000000000019
STARLINK-70357
1 70357U 21086A   25001.00000000  .00000000  00000-0  00000-0 0  9997
2 70357  43.0000 330.1488 0001000  49.4374  18.2711 15.06000000000013
STARLINK-70358
1 70358U 24003A   25001.00000000  .00000000  00000-0  00000-0 0  9990
2 70358  53.0000  10.7556 0001000  77.1338  13.8357 15.06000000000017
STARLINK-70359
1 70359U 20037A   25001.00000000  .00000000  00000-0  00000-0 0  9994
2 70359  70.0000 323.2244 0001000  98.5886  36.6859 15.06000000000018
STARLINK-70360
1 70360U 24087A   25001.00000000  .00000000  00000-0  00000-0 0  9995
2 70360  97.6000 215.0952 0001000 158.2261  33.2821 15.06000000000012
STARLINK-70361
1 70361U 20020A   25001.00000000  .00000000  00000-0  00000-0 0  9999
2 70361  97.6000 248.3844 0001000  57.3141 237.9454 15.06000000000013
STARLINK-70362
1 70362U 20075A   25001.00000000  .00000000  00000-0  00000-0 0  9990
2 70362  53.0000 148.9556 0001000 346.6327 311.8119 15.06000000000015
STARLINK-70363
1 70363U 20038A   25001.00000000  .00000000  00000-0  00000-0 0  9990
2 70363  97.6000  90.4239 0001000 287.7785 255.2840 15.06000000000014
STARLINK-70364
1 70364U 20034A   25001.00000000  .00000000  00000-0  00000-0 0  9997
2 70364  97.6000 315.8584 0001000  79.5329 335.8195 15.06000000000011
STARLINK-70365
1 70365U 20009A   25001.00000000  .00000000  00000-0  00000-0 0  9990
2 70365  43.0000 200.5109 0001000  50.3680 106.3964 15.06000000000012
STARLINK-70366
1 70366U 21077A   25001.00000000  .00000000  00000-0  00000-0 0  9997
2 70366  70.0000 134.5530 0001000 294.1504 357.1962 15.06000000000014
STARLINK-70367
1 70367U 22017A   25001.00000000  .00000000  00000-0  00000-0 0  9993
2 70367  53.2000 344.1787 0001000 314.3286 130.9623 15.06000000000014
STARLINK-70368
1 70368U 19023A   25001.00000000  .00000000  00000-0  00000-0 0  9997
2 70368  53.2000 322.2489 0001000 207.1207 107.6850 15.06000000000016
STARLINK-70369
1 70369U 19077A   25001.00000000  .00000000  00000-0  00000-0 0  9997
2 70369  70.0000 206.1680 0001000 137.0287 344.7028 15.06000000000017
STARLINK-70370
1 70370U 21084A   25001.00000000  .00000000  00000-0  00000-0 0  9990
2 70370  53.0000 192.5183 0001000  63.3990  77.8853 15.06000000000018
STARLINK-70371
1 70371U 23080A   25001.00000000  .00000000  00000-0  00000-0 0  9999
2 70371  43.0000  75.5893 0001000  74.2396 343.3225 15.06000000000011
STARLINK-70372
1 70372U 25067A   25001.00000000  .00000000  00000-0  00000-0 0  9997
2 70372  97.6000 254.0598 0001000 210.7309 330.1413 15.06000000000017
STARLINK-70373
1 70373U 22024A   25001.00000000  .00000000  00000-0  00000-0 0  9998
2 70373  53.0000  13.8303 0001000  54.7815  45.4889 15.06000000000010
STARLINK-70374
1 70374U 24082A   25001.00000000  .00000000  00000-0  00000-0 0  9995
2 70374  70.0000 168.0238 0001000  65.5082 231.5133 15.06000000000016
STARLINK-70375
1 70375U 24071A   25001.00000000  .00000000  00000-0  00000-0 0  9994
2 70375  43.0000 148.4950 0001000 315.9796 216.4579 15.06000000000010
STARLINK-70376
1 70376U 25080A   25001.00000000  .00000000  00000-0  00000-0 0  9996
2 70376  97.6000  21.3777 0001000 155.7598 280.3872 15.06000000000018
STARLINK-70377
1 70377U 20054A   25001.00000000  .00000000  00000-0  00000-0 0  9993
2 70377  53.0000  87.9511 0001000   0.4442 225.3855 15.06000000000013
STARLINK-70378
1 70378U 22079A   25001.00000000  .00000000  00000-0  00000-0 0  9993
2 70378  53.2000 355.0234 0001000  52.3289 195.0170 15.06000000000015
STARLINK-70379
1 70379U 25087A   25001.00000000  .00000000  00000-0  00000-0 0  9996
2 70379  53.2000 215.3303 0001000 260.0704 134.7266 15.06000000000017
STARLINK-70380
1 70380U 21045A   25001.00000000  .00000000  00000-0  00000-0 0  9998
2 70380  70.0000   6.7405 0001000 257.3625 187.5262 15.06000000000014
STARLINK-70381
1 70381U 23029A   25001.00000000  .00000000  00000-0  00000-0 0  9993
2 70381  53.0000 322.9165 0001000  80.8792  56.9568 15.06000000000014
STARLINK-70382
1 70382U 25020A   25001.00000000  .00000000  00000-0  00000-0 0  9997
2 70382  53.0000 193.4805 0001000 292.5307 308.3136 15.06000000000016
STARLINK-70383
1 70383U 23079A   25001.00000000  .00000000  00000-0  00000-0 0  9990
2 70383  70.0000 306.7409 0001000  25.4170  65.0215 15.06000000000011
STARLINK-70384
1 70384U 19092A   25001.00000000  .00000000  00000-0  00000-0 0  9991
2 70384  53.2000 171.8984 0001000 202.0118 313.5113 15.06000000000017
STARLINK-70385
1 70385U 20065A   25001.00000000  .00000000  00000-0  00000-0 0  9994
2 70385  43.0000 312.3076 0001000 153.9622 104.2028 15.06000000000013
STARLINK-70386
1 70386U 24034A   25001.00000000  .00000000  00000-0  00000-0 0  9995
2 70386  43.0000  40.9949 0001000 132.6406  84.6600 15.06000000000018
STARLINK-70387
1 70387U 21011A   25001.00000000  .00000000  00000-0  00000-0 0  9998
2 70387  70.0000 276.3692 0001000  87.3975 193.3609 15.06000000000013
STARLINK-70388
1 70388U 22057A   25001.00000000  .00000000  00000-0  00000-0 0  9990
2 70388  70.0000 257.8190 0001000 157.9947 246.7053 15.06000000000010
STARLINK-70389
1 70389U 25047A   25001.00000000  .00000000  00000-0  00000-0 0  9993
2 70389  97.6000   1.1406 0001000 324.0609  19.2519 15.06000000000018
STARLINK-70390
1 70390U 24049A   25001.00000000  .00000000  00000-0  00000-0 0  9996
2 70390  70.0000 258.0771 0001000 311.2829 226.9137 15.06000000000018
STARLINK-70391
1 70391U 20062A   25001.00000000  .00000000  00000-0  00000-0 0  9998
2 70391  70.0000 170.5886 0001000 226.3152 179.2848 15.06000000000018
STARLINK-70392
1 70392U 24033A   25001.00000000  .00000000  00000-0  00000-0 0  9991
2 70392  70.0000 331.9444 0001000 206.4133  81.9859 15.06000000000011
STARLINK-70393
1 70393U 22007A   25001.00000000  .00000000  00000-0  00000-0 0  9991
2 70393  70.0000 110.5565 0001000 222.9458 266.6258 15.06000000000015
STARLINK-70394
1 70394U 21001A   25001.00000000  .00000000  00000-0  00000-0 0  9995
2 70394  97.6000 356.3129 0001000   0.1452 347.0557 15.06000000000013
STARLINK-70395
1 70395U 20009A   25001.00000000  .00000000  00000-0  00000-0 0  9993
2 70395  53.0000 333.9360 0001000  57.4842  44.4546 15.06000000000012
STARLINK-70396
1 70396U 24094A   25001.00000000  .00000000  00000-0  00000-0 0  9992
2 70396  97.6000 152.8902 0001000  49.2944  83.6298 15.06000000000018
STARLINK-70397
1 70397U 23094A   25001.00000000  .00000000  00000-0  00000-0 0  9992
2 70397  70.0000 298.0553 0001000  41.5557 269.9462 15.06000000000016
STARLINK-70398
1 70398U 21093A   25001.00000000  .00000000  00000-0  00000-0 0  9990
2 70398  53.0000 322.1295 0001000 163.3344 181.7140 15.06000000000011
STARLINK-70399
1 70399U 21002A   25001.00000000  .00000000  00000-0  00000-0 0  9991
2 70399  70.0000 322.4442 0001000 311.7749  78.9581 15.06000000000012
STARLINK-70400
1 70400U 22042A   25001.00000000  .00000000  00000-0  00000-0 0  9999
2 70400  53.2000  98.1006 0001000 163.6091 211.6346 15.06000000000010
STARLINK-70401
1 70401U 21053A   25001.00000000  .00000000  00000-0  00000-0 0  9991
2 70401  70.0000 187.1859 0001000  50.5221  40.1945 15.06000000000012
STARLINK-70402
1 70402U 25057A   25001.00000000  .00000000  00000-0  00000-0 0  9990
2 70402  53.2000 343.6645 0001000 159.7762  75.6685 15.06000000000014
STARLINK-70403
1 70403U 20094A   25001.00000000  .00000000  00000-0  00000-0 0  9997
2 70403  53.0000  88.8283 0001000  34.3044 224.4590 15.06000000000019
STARLINK-70404
1 70404U 21021A   25001.00000000  .00000000  00000-0  00000-0 0  9999
2 70404  53.2000  69.8415 0001000  64.6181 247.7096 15.06000000000015
STARLINK-70405
1 70405U 21071A   25001.00000000  .00000000  00000-0  00000-0 0  9995
2 70405  97.6000 131.2471 0001000 147.7676 197.8749 15.06000000000016
STARLINK-70406
1 70406U 21095A   25001.00000000  .00000000  00000-0  00000-0 0  9992
2 70406  97.6000 204.4014 0001000 353.9005 250.9203 15.06000000000016
STARLINK-70407
1 70407U 20018A   25001.00000000  .00000000  00000-0  00000-0 0  9997
2 70407  43.0000 337.7751 0001000 260.0035 127.8245 15.06000000000019
STARLINK-70408
1 70408U 24005A   25001.00000000  .00000000  00000-0  00000-0 0  9998
2 70408  97.6000 251.0795 0001000 299.5340 200.1889 15.06000000000016
STARLINK-70409
1 70409U 19036A   25001.00000000  .00000000  00000-0  00000-0 0  9997
2 70409  97.6000  53.3412 0001000 308.5192 200.4041 15.06000000000015
STARLINK-70410
1 70410U 25022A   25001.00000000  .00000000  00000-0  00000-0 0  9991
2 70410  53.0000 356.4929 0001000 252.2362 297.3740 15.06000000000018
STARLINK-70411
1 70411U 22033A   25001.00000000  .00000000  00000-0  00000-0 0  9991
2 70411  43.0000 230.0313 0001000 136.2758 231.9284 15.06000000000019
STARLINK-70412
1 70412U 24076A   25001.00000000  .00000000  00000-0  00000-0 0  9991
2 70412  53.2000 170.0668 0001000 124.8062 340.7422 15.06000000000013
STARLINK-70413
1 70413U 21026A   25001.00000000  .00000000  00000-0  00000-0 0  9994
2 70413  53.2000 165.5410 0001000  48.0041 246.1361 15.06000000000013
STARLINK-70414
1 70414U 24052A   25001.00000000  .00000000  00000-0  00000-0 0  9997
2 70414  70.0000 345.7221 0001000 157.2547 130.0673 15.06000000000014
STARLINK-70415
1 70415U 25024A   25001.00000000  .00000000  00000-0  00000-0 0  9998
2 70415  97.6000 276.1021 0001000  50.4368 168.3157 15.06000000000011
STARLINK-70416
1 70416U 21005A   25001.00000000  .00000000  00000-0  00000-0 0  9994
2 70416  70.0000 294.7047 0001000 286.3083 271.1163 15.06000000000015
STARLINK-70417
1 70417U 19092A   25001.00000000  .00000000  00000-0  00000-0 0  9998
2 70417  43.0000 204.8296 0001000  80.7071 245.4232 15.06000000000018
STARLINK-70418
1 70418U 24058A   25001.00000000  .00000000  00000-0  00000-0 0  9997
2 70418  43.0000 251.2689 0001000 110.1624  35.9729 15.06000000000016
STARLINK-70419
1 70419U 24100A   25001.00000000  .00000000  00000-0  00000-0 0  9996
2 70419  53.2000 345.9395 0001000  31.6468 298.2571 15.06000000000017
STARLINK-70420
1 70420U 22093A   25001.00000000  .00000000  00000-0  00000-0 0  9997
2 70420  70.0000 172.8359 0001000  72.9386  26.4584 15.06000000000015
STARLINK-70421
1 70421U 23081A   25001.00000000  .00000000  00000-0  00000-0 0  9996
2 70421  70.0000  89.8703 0001000 352.6472 112.2829 15.06000000000016
STARLINK-70422
1 70422U 19065A   25001.00000000  .00000000  00000-0  00000-0 0  9994
2 70422  53.0000  67.4246 0001000  52.3736 195.1317 15.06000000000011
STARLINK-70423
1 70423U 25070A   25001.00000000  .00000000  00000-0  00000-0 0  9998
2 70423  53.0000 145.0017 0001000  71.8722 138.3654 15.06000000000015
STARLINK-70424
1 70424U 25044A   25001.00000000  .00000000  00000-0  00000-0 0  9990
2 70424  43.0000 322.1682 0001000 285.2997 337.9216 15.06000000000017
STARLINK-70425
1 70425U 20003A   25001.00000000  .00000000  00000-0  00000-0 0  9991
2 70425  53.2000 221.9232 0001000 119.3235 289.8338 15.06000000000010
STARLINK-70426
1 70426U 19031A   25001.00000000  .00000000  00000-0  00000-0 0  9991
2 70426  53.0000 193.7305 0001000 333.4680  91.8732 15.06000000000018
STARLINK-70427
1 70427U 20036A   25001.00000000  .00000000  00000-0  00000-0 0  9999
2 70427  97.6000 139.1778 0001000 176.7809  71.1955 15.06000000000010
STARLINK-70428
1 70428U 22003A   25001.00000000  .00000000  00000-0  00000-0 0  9996
2 70428  53.0000 242.5942 0001000 298.7889 276.0865 15.06000000000018
STARLINK-70429
1 70429U 19077A   25001.00000000  .00000000  00000-0  00000-0 0  9994
2 70429  97.6000 173.1899 0001000 347.4541 213.6680 15.06000000000012
STARLINK-70430
1 70430U 25070A   25001.00000000  .00000000  00000-0  00000-0 0  9996
2 70430  53.0000 230.2200 0001000 305.5854  23.4133 15.06000000000013
STARLINK-70431
1 70431U 23083A   25001.00000000  .00000000  00000-0  00000-0 0  9999
2 70431  53.2000  57.5587 0001000  13.7148 145.2067 15.06000000000017
STARLINK-70432
1 70432U 19051A   25001.00000000  .00000000  00000-0  00000-0 0  9990
2 70432  53.2000  72.8371 0001000  19.9416  51.7317 15.06000000000014
STARLINK-70433
1 70433U 20097A   25001.00000000  .00000000  00000-0  00000-0 0  9993
2 70433  70.0000 326.7291 0001000 214.4972 311.0229 15.06000000000017
STARLINK-70434
1 70434U 24032A   25001.00000000  .00000000  00000-0  00000-0 0  9997
2 70434  70.0000 157.6895 0001000 340.3180 103.2635 15.06000000000011
STARLINK-70435
1 70435U 25012A   25001.00000000  .00000000  00000-0  00000-0 0  9997
2 70435  53.0000 298.4684 0001000 123.3828  51.0186 15.06000000000012
STARLINK-70436
1 70436U 25078A   25001.00000000  .00000000  00000-0  00000-0 0  9990
2 70436  97.6000 320.4017 0001000  65.2960 302.9398 15.06000000000017
STARLINK-70437
1 70437U 23061A   25001.00000000  .00000000  00000-0  00000-0 0  9991
2 70437  43.0000 199.9994 0001000  32.5001 198.4415 15.06000000000017
STARLINK-70438
1 70438U 22047A   25001.00000000  .00000000  00000-0  00000-0 0  9995
2 70438  97.6000  62.9368 0001000 279.1986  42.1008 15.06000000000011
STARLINK-70439
1 70439U 24006A   25001.00000000  .00000000  00000-0  00000-0 0  9993
2 70439  53.2000 280.6988 0001000  61.7998 285.9009 15.06000000000013
STARLINK-70440
1 70440U 25067A   25001.00000000  .00000000  00000-0  00000-0 0  9993
2 70440  53.0000  29.4288 0001000 356.1992  10.9653 15.06000000000011
STARLINK-70441
1 70441U 24092A   25001.00000000  .00000000  00000-0  00000-0 0  9991
2 70441  70.0000  68.3974 0001000 145.9669 296.0535 15.06000000000016
STARLINK-70442
1 70442U 24079A   25001.00000000  .00000000  00000-0  00000-0 0  9997
2 70442  43.0000   8.9236 0001000 245.3752  90.4137 15.06000000000010
STARLINK-70443
1 70443U 19031A   25001.00000000  .00000000  00000-0  00000-0 0  9990
2 70443  53.2000  88.8888 0001000  64.0862 277.5812 15.06000000000010
STARLINK-70444
1 70444U 22015A   25001.00000000  .00000000  00000-0  00000-0 0  9997
2 70444  70.0000  75.8649 0001000 211.6490 111.0066 15.06000000000019
STARLINK-70445
1 70445U 21050A   25001.00000000  .00000000  00000-0  00000-0 0  9996
2 70445  97.6000 223.9097 0001000 120.3373  28.7425 15.06000000000017
STARLINK-70446
1 70446U 24004A   25001.00000000  .00000000  00000-0  00000-0 0  9999
2 70446  53.2000 292.8670 0001000 267.5577 185.0384 15.06000000000019
STARLINK-70447
1 70447U 25046A   25001.00000000  .00000000  00000-0  00000-0 0  9997
2 70447  97.6000 194.9906 0001000 172.7111  45.7783 15.06000000000012
STARLINK-70448
1 70448U 21024A   25001.00000000  .00000000  00000-0  00000-0 0  9990
2 70448  43.0000  41.1230 0001000 117.6546 230.1929 15.06000000000013
STARLINK-70449
1 70449U 20089A   25001.00000000  .00000000  00000-0  00000-0 0  9991
2 70449  97.6000  61.0560 0001000 321.6377 158.1014 15.06000000000019
STARLINK-70450
1 70450U 25043A   25001.00000000  .00000000  00000-0  00000-0 0  9998
2 70450  70.0000 170.3597 0001000  87.2604  60.3216 15.06000000000016
STARLINK-70451
1 70451U 21085A   25001.00000000  .00000000  00000-0  00000-0 0  9991
2 70451  53.0000  86.3236 0001000 351.2556 340.4848 15.06000000000017
STARLINK-70452
1 70452U 21012A   25001.00000000  .00000000  00000-0  00000-0 0  9992
2 70452  97.6000 164.2683 0001000  13.3218 143.4480 15.06000000000018
STARLINK-70453
1 70453U 22024A   25001.00000000  .00000000  00000-0  00000-0 0  9997
2 70453  53.2000 264.5557 0001000  84.4118 256.0429 15.06000000000013
STARLINK-70454
1 70454U 23087A   25001.00000000  .00000000  00000-0  00000-0 0  9998
2 70454  53.2000  86.4795 0001000 159.4553 115.0903 15.06000000000016
STARLINK-70455
1 70455U 19023A   25001.00000000  .00000000  00000-0  00000-0 0  9994
2 70455  53.2000 131.9309 0001000 171.3736 237.8839 15.06000000000011
STARLINK-70456
1 70456U 25012A   25001.00000000  .00000000  00000-0  00000-0 0  9990
2 70456  70.0000  42.1758 0001000  10.4092 146.8837 15.06000000000015
STARLINK-70457
1 70457U 22052A   25001.00000000  .00000000  00000-0  00000-0 0  9992
2 70457  70.0000  51.9565 0001000 328.4615 129.5381 15.06000000000015
STARLINK-70458
1 70458U 21010A   25001.00000000  .00000000  00000-0  00000-0 0  9996
2 70458  43.0000 303.2474 0001000 199.1740 323.9728 15.06000000000015
STARLINK-70459
1 70459U 23072A   25001.00000000  .00000000  00000-0  00000-0 0  9997
2 70459  53.0000  29.3282 0001000 340.1503  33.1444 15.06000000000010
STARLINK-70460
1 70460U 23048A   25001.00000000  .00000000  00000-0  00000-0 0  9992
2 70460  43.0000  63.5513 0001000  52.3765  20.5371 15.06000000000019
STARLINK-70461
1 70461U 21040A   25001.00000000  .00000000  00000-0  00000-0 0  9993
2 70461  97.6000  21.8297 0001000  56.1267 323.2141 15.06000000000018
STARLINK-70462
1 70462U 19071A   25001.00000000  .00000000  00000-0  00000-0 0  9995
2 70462  70.0000  24.3376 0001000 353.0604 260.8405 15.06000000000013
STARLINK-70463
1 70463U 25034A   25001.00000000  .00000000  00000-0  00000-0 0  9992
2 70463  70.0000 246.6934 0001000 239.0619  49.9622 15.06000000000019
STARLINK-70464
1 70464U 20082A   25001.00000000  .00000000  00000-0  00000-0 0  9991
2 70464  43.0000 260.3086 0001000 116.6982  40.0383 15.06000000000010
STARLINK-70465
1 70465U 19019A   25001.00000000  .00000000  00000-0  00000-0 0  9990
2 70465  97.6000 337.3570 0001000  51.5438 307.2646 15.06000000000012
STARLINK-70466
1 70466U 23066A   25001.00000000  .00000000  00000-0  00000-0 0  9998
2 70466  43.0000 320.0321 0001000 299.4452 295.2528 15.06000000000015
STARLINK-70467
1 70467U 24061A   25001.00000000  .00000000  00000-0  00000-0 0  9995
2 70467  70.0000 350.2199 0001000 336.9359  12.7049 15.06000000000017
STARLINK-70468
1 70468U 21040A   25001.00000000  .00000000  00000-0  00000-0 0  9990
2 70468  97.6000  60.0137 0001000 103.4325 168.5121 15.06000000000012
STARLINK-70469
1 70469U 20047A   25001.00000000  .00000000  00000-0  00000-0 0  9997
2 70469  70.0000 335.3005 0001000 226.2289  35.9333 15.06000000000015
STARLINK-70470
1 70470U 21035A   25001.00000000  .00000000  00000-0  00000-0 0  9997
2 70470  43.0000 299.3145 0001000  38.1209  64.9562 15.06000000000019
STARLINK-70471
1 70471U 23011A   25001.00000000  .00000000  00000-0  00000-0 0  9994
2 70471  43.0000 338.2531 0001000  62.7061  82.3357 15.06000000000017
STARLINK-70472
1 70472U 20028A   25001.00000000  .00000000  00000-0  00000-0 0  9990
2 70472  70.0000 244.0660 0001000  39.5723 140.3639 15.06000000000010
STARLINK-70473
1 70473U 24071A   25001.00000000  .00000000  00000-0  00000-0 0  9993
2 70473  43.0000 157.1698 0001000 241.3938 150.2042 15.06000000000015
STARLINK-70474
1 70474U 20058A   25001.00000000  .00000000  00000-0  00000-0 0  9995
2 70474  53.0000 101.1601 0001000 119.5793  39.7641 15.06000000000011
STARLINK-70475
1 70475U 23078A   25001.00000000  .00000000  00000-0  00000-0 0  9991
2 70475  53.0000 305.6393 0001000  66.3381 277.3456 15.06000000000017
STARLINK-70476
1 70476U 24021A   25001.00000000  .00000000  00000-0  00000-0 0  9991
2 70476  53.0000 181.6045 0001000  68.9160 327.9715 15.06000000000017
STARLINK-70477
1 70477U 19040A   25001.00000000  .00000000  00000-0  00000-0 0  9997
2 70477  53.2000 318.2723 0001000 125.8275 218.8613 15.06000000000016
STARLINK-70478
1 70478U 25037A   25001.00000000  .00000000  00000-0  00000-0 0  9991
2 70478  70.0000 312.9870 0001000 247.6256  11.7332 15.06000000000018
STARLINK-70479
1 70479U 22018A   25001.00000000  .00000000  00000-0  00000-0 0  9998
2 70479  43.0000 321.9634 0001000  74.9291 134.4385 15.06000000000018
STARLINK-70480
1 70480U 23085A   25001.00000000  .00000000  00000-0  00000-0 0  9995
2 70480  53.2000 321.6993 0001000 276.1704  19.4161 15.06000000000017
STARLINK-70481
1 70481U 21059A   25001.00000000  .00000000  00000-0  00000-0 0  9995
2 70481  43.0000  37.0857 0001000 248.4749 334.3569 15.06000000000014
STARLINK-70482
1 70482U 21051A   25001.00000000  .00000000  00000-0  00000-0 0  9998
2 70482  70.0000 193.3863 0001000 316.6237 235.2757 15.06000000000016
STARLINK-70483
1 70483U 21044A   25001.00000000  .00000000  00000-0  00000-0 0  9991
2 70483  43.0000  26.0845 0001000 191.1173 137.8690 15.06000000000017
STARLINK-70484
1 70484U 19016A   25001.00000000  .00000000  00000-0  00000-0 0  9998
2 70484  70.0000   6.2853 0001000 279.3783  35.1371 15.06000000000019
STARLINK-70485
1 70485U 22083A   25001.00000000  .00000000  00000-0  00000-0 0  9997
2 70485  43.0000 160.6312 0001000 207.3518  39.8567 15.06000000000010
STARLINK-70486
1 70486U 23091A   25001.00000000  .00000000  00000-0  00000-0 0  9998
2 70486  97.6000 216.4856 0001000 157.2301  55.5659 15.06000000000019
STARLINK-70487
1 70487U 20043A   25001.00000000  .00000000  00000-0  00000-0 0  9993
2 70487  70.0000 120.3812 0001000 130.4570 325.2053 15.06000000000016
STARLINK-70488
1 70488U 19050A   25001.00000000  .00000000  00000-0  00000-0 0  9990
2 70488  43.0000  86.4441 0001000  81.6905 210.7931 15.06000000000019
STARLINK-70489
1 70489U 19060A   25001.00000000  .00000000  00000-0  00000-0 0  9992
2 70489  53.2000 161.0269 0001000 175.6534 113.1307 15.06000000000016
STARLINK-70490
1 70490U 22093A   25001.00000000  .00000000  00000-0  00000-0 0  9994
2 70490  53.2000 144.2315 0001000  32.0570 314.7140 15.06000000000013
STARLINK-70491
1 70491U 22089A   25001.00000000  .00000000  00000-0  00000-0 0  9990
2 70491  97.6000  97.1647 0001000  16.8556 160.3473 15.06000000000018
STARLINK-70492
1 70492U 20076A   25001.00000000  .00000000  00000-0  00000-0 0  9995
2 70492  70.0000 290.8653 0001000 101.3303 161.0331 15.06000000000014
STARLINK-70493
1 70493U 24086A   25001.00000000  .00000000  00000-0  00000-0 0  9991
2 70493  53.2000 108.5143 0001000 253.1031 307.1485 15.06000000000014
STARLINK-70494
1 70494U 24036A   25001.00000000  .00000000  00000-0  00000-0 0  9997
2 70494  53.2000  31.4939 0001000 228.7486 185.4213 15.06000000000010
STARLINK-70495
1 70495U 24006A   25001.00000000  .00000000  00000-0  00000-0 0  9995
2 70495  97.6000 292.0489 0001000  71.6413 295.5670 15.06000000000013
STARLINK-70496
1 70496U 25067A   25001.00000000  .00000000  00000-0  00000-0 0  9994
2 70496  53.0000 184.4712 0001000 143.0497 102.0696 15.06000000000019
STARLINK-70497
1 70497U 20044A   25001.00000000  .00000000  00000-0  00000-0 0  9995
2 70497  53.2000 159.9163 0001000  40.6342  14.9895 15.06000000000012
STARLINK-70498
1 70498U 23041A   25001.00000000  .00000000  00000-0  00000-0 0  9996
2 70498  53.0000 192.5187 0001000 112.7681 298.6443 15.06000000000017
STARLINK-70499
1 70499U 21018A   25001.00000000  .00000000  00000-0  00000-0 0  9999
2 70499  43.0000 234.7669 0001000   6.7796 223.8124 15.06000000000016
STARLINK-70500
1 70500U 20061A   25001.00000000  .00000000  00000-0  00000-0 0  9999
2 70500  43.0000 150.6827 0001000  97.6186 177.1448 15.06000000000013
STARLINK-70501
1 70501U 25054A   25001.00000000  .00000000  00000-0  00000-0 0  9997
2 70501  43.0000 355.1638 0001000  18.9426 336.6396 15.06000000000013
STARLINK-70502
1 70502U 22039A   25001.00000000  .00000000  00000-0  00000-0 0  9998
2 70502  53.2000 235.6294 0001000 166.7697 294.4932 15.06000000000016
STARLINK-70503
1 70503U 19095A   25001.00000000  .00000000  00000-0  00000-0 0  9997
2 70503  53.0000  44.4006 0001000 239.6489  95.6909 15.06000000000016
STARLINK-70504
1 70504U 22061A   25001.00000000  .00000000  00000-0  00000-0 0  9995
2 70504  53.0000 300.3987 0001000  20.1392  41.0742 15.06000000000015
STARLINK-70505
1 70505U 23031A   25001.00000000  .00000000  00000-0  00000-0 0  9994
2 70505  53.2000 164.6958 0001000 238.0198  13.3646 15.06000000000016
STARLINK-70506
1 70506U 24027A   25001.00000000  .00000000  00000-0  00000-0 0  9991
2 70506  70.0000 149.7871 0001000 304.9411  93.2105 15.06000000000010
STARLINK-70507
1 70507U 24008A   25001.00000000  .00000000  00000-0  00000-0 0  9991
2 70507  53.0000 320.5374 0001000 119.8831 228.7965 15.06000000000017
STARLINK-70508
1 70508U 24048A   25001.00000000  .00000000  00000-0  00000-0 0  9996
2 70508  70.0000 243.5473 0001000 225.2281 250.7908 15.06000000000014
STARLINK-70509
1 70509U 24063A   25001.00000000  .00000000  00000-0  00000-0 0  9994
2 70509  53.2000 107.7176 0001000 334.5519 300.5267 15.06000000000019
STARLINK-70510
1 70510U 24084A   25001.00000000  .00000000  00000-0  00000-0 0  9999
2 70510  53.2000  69.2992 0001000  59.1895  98.5931 15.06000000000018
STARLINK-70511
1 70511U 24066A   25001.00000000  .00000000  00000-0  00000-0 0  9990
2 70511  97.6000  41.9273 0001000 358.8331 196.5226 15.06000000000010
STARLINK-70512
1 70512U 23018A   25001.00000000  .00000000  00000-0  00000-0 0  9997
2 70512  53.0000  77.1954 0001000 248.5826  23.3072 15.06000000000014
STARLINK-70513
1 70513U 22075A   25001.00000000  .00000000  00000-0  00000-0 0  9990
2 70513  70.0000 175.5708 0001000 289.2723  22.7475 15.06000000000012
STARLINK-70514
1 70514U 22018A   25001.00000000  .00000000  00000-0  00000-0 0  9998
2 70514  70.0000 152.0702 0001000 153.1080 129.2303 15.06000000000015
STARLINK-70515
1 70515U 21093A   25001.00000000  .00000000  00000-0  00000-0 0  9991
2 70515  70.0000 107.0057 0001000  42.9738 218.3871 15.06000000000014
STARLINK-70516
1 70516U 20004A   25001.00000000  .00000000  00000-0  00000-0 0  9993
2 70516  53.0000 333.5992 0001000 273.7013  79.4468 15.06000000000018
STARLINK-70517
1 70517U 22084A   25001.00000000  .00000000  00000-0  00000-0 0  9994
2 70517  97.6000 282.9820 0001000 121.5853  15.1715 15.06000000000014
STARLINK-70518
1 70518U 24063A   25001.00000000  .00000000  00000-0  00000-0 0  9994
2 70518  53.2000 219.4523 0001000 117.4871 148.4299 15.06000000000019
STARLINK-70519
1 70519U 22029A   25001.00000000  .00000000  00000-0  00000-0 0  9995
2 70519  53.2000  49.7997 0001000 145.5334 133.8853 15.06000000000019
STARLINK-70520
1 70520U 25085A   25001.00000000  .00000000  00000-0  00000-0 0  9992
2 70520  70.0000 310.2498 0001000 202.7835 111.8674 15.06000000000019
STARLINK-70521
1 70521U 21012A   25001.00000000  .00000000  00000-0  00000-0 0  9999
2 70521  70.0000  10.0490 0001000 111.5809 232.2684 15.06000000000014
STARLINK-70522
1 70522U 21030A   25001.00000000  .00000000  00000-0  00000-0 0  9990
2 70522  53.0000 124.6826 0001000 270.0853  22.2860 15.06000000000014
STARLINK-70523
1 70523U 25034A   25001.00000000  .00000000  00000-0  00000-0 0  9999
2 70523  53.2000  96.0265 0001000  75.4881  60.2066 15.06000000000014
STARLINK-70524
1 70524U 19009A   25001.00000000  .00000000  00000-0  00000-0 0  9995
2 70524  53.2000 108.7163 0001000 281.6900 135.4376 15.06000000000015
STARLINK-70525
1 70525U 22069A   25001.00000000  .00000000  00000-0  00000-0 0  9996
2 70525  70.0000  92.4422 0001000 160.8040 212.6335 15.06000000000016
STARLINK-70526
1 70526U 23073A   25001.00000000  .00000000  00000-0  00000-0 0  9993
2 70526  43.0000  52.6906 0001000 141.9545  94.5802 15.06000000000018
STARLINK-70527
1 70527U 24004A   25001.00000000  .00000000  00000-0  00000-0 0  9999
2 70527  70.0000 230.4367 0001000 190.0909  69.3627 15.06000000000010
STARLINK-70528
1 70528U 24039A   25001.00000000  .00000000  00000-0  00000-0 0  9998
2 70528  43.0000  13.0096 0001000 238.0722 336.4557 15.06000000000011
STARLINK-70529
1 70529U 24033A   25001.00000000  .00000000  00000-0  00000-0 0  9993
2 70529  43.0000 318.2480 0001000 310.7231 279.2349 15.06000000000015
STARLINK-70530
1 70530U 23047A   25001.00000000  .00000000  00000-0  00000-0 0  9999
2 70530  53.2000  11.4995 0001000  94.8853  65.4798 15.06000000000016
STARLINK-70531
1 70531U 24024A   25001.00000000  .00000000  00000-0  00000-0 0  9996
2 70531  53.2000 312.6918 0001000  33.1009 152.4828 15.06000000000018
STARLINK-70532
1 70532U 19043A   25001.00000000  .00000000  00000-0  00000-0 0  9992
2 70532  97.6000  57.8180 0001000 174.6999 100.8379 15.06000000000017
STARLINK-70533
1 70533U 19091A   25001.00000000  .00000000  00000-0  00000-0 0  9996
2 70533  97.6000 151.3872 0001000 109.3090  32.9926 15.06000000000016
STARLINK-70534
1 70534U 19034A   25001.00000000  .00000000  00000-0  00000-0 0  9994
2 70534  97.6000  90.7246 0001000  66.9025  55.3312 15.06000000000012
STARLINK-70535
1 70535U 21095A   25001.00000000  .00000000  00000-0  00000-0 0  9995
2 70535  97.6000 184.5021 0001000 290.1719  36.6414 15.06000000000012
STARLINK-70536
1 70536U 20002A   25001.00000000  .00000000  00000-0  00000-0 0  9993
2 70536  97.6000 310.3091 0001000 282.9337 309.4869 15.06000000000019
STARLINK-70537
1 70537U 21057A   25001.00000000  .00000000  00000-0  00000-0 0  9995
2 70537  97.6000  53.7994 0001000 113.9105 343.5977 15.06000000000015
STARLINK-70538
1 70538U 19091A   25001.00000000  .00000000  00000-0  00000-0 0  9991
2 70538  43.0000  73.0045 0001000 165.4258 311.7463 15.06000000000011
STARLINK-70539
1 70539U 25002A   25001.00000000  .00000000  00000-0  00000-0 0  9991
2 70539  53.0000 137.3851 0001000 227.2152 261.1755 15.06000000000014
STARLINK-70540
1 70540U 22093A   25001.00000000  .00000000  00000-0  00000-0 0  9990
2 70540  70.0000  15.5018 0001000 272.7140  80.6087 15.06000000000011
STARLINK-70541
1 70541U 23050A   25001.00000000  .00000000  00000-0  00000-0 0  9995
2 70541  70.0000 129.5704 0001000 326.7670 198.9819 15.06000000000014
STARLINK-70542
1 70542U 23007A   25001.00000000  .00000000  00000-0  00000-0 0  9998
2 70542  70.0000  67.5567 0001000 184.9318 199.6468 15.06000000000014
STARLINK-70543
1 70543U 23015A   25001.00000000  .00000000  00000-0  00000-0 0  9998
2 70543  70.0000 155.1353 0001000 269.2028 290.1832 15.06000000000019
STARLINK-70544
1 70544U 24058A   25001.00000000  .00000000  00000-0  00000-0 0  9997
2 70544  43.0000  38.1065 0001000  56.3111 300.8180 15.06000000000013
STARLINK-70545
1 70545U 23023A   25001.00000000  .00000000  00000-0  00000-0 0  9999
2 70545  53.0000  82.5843 0001000 192.5517 211.7923 15.06000000000010
STARLINK-70546
1 70546U 20034A   25001.00000000  .00000000  00000-0  00000-0 0  9999
2 70546  53.0000 342.6221 0001000 285.2094 303.8924 15.06000000000015
STARLINK-70547
1 70547U 24006A   25001.00000000  .00000000  00000-0  00000-0 0  9993
2 70547  53.0000  11.2700 0001000  63.1613 176.3564 15.06000000000010
STARLINK-70548
1 70548U 20019A   25001.00000000  .00000000  00000-0  00000-0 0  9994
2 70548  53.0000 200.2380 0001000 242.8196  68.2922 15.06000000000014
STARLINK-70549
1 70549U 25095A   25001.00000000  .00000000  00000-0  00000-0 0  9994
2 70549  53.2000 216.8486 0001000  68.3439  63.3836 15.06000000000018
STARLINK-70550
1 70550U 22070A   25001.00000000  .00000000  00000-0  00000-0 0  9996
2 70550  70.0000  33.1714 0001000 344.0047 283.7250 15.06000000000018
STARLINK-70551
1 70551U 21090A   25001.00000000  .00000000  00000-0  00000-0 0  9998
2 70551  97.6000 358.5964 0001000 246.2231 152.5029 15.06000000000010
STARLINK-70552
1 70552U 25071A   25001.00000000  .00000000  00000-0  00000-0 0  9992
2 70552  97.6000  60.7647 0001000 271.5424 292.6436 15.06000000000014
STARLINK-70553
1 70553U 21005A   25001.00000000  .00000000  00000-0  00000-0 0  9996
2 70553  70.0000   2.0249 0001000 181.7289 153.3379 15.06000000000017
STARLINK-70554
1 70554U 21077A   25001.00000000  .00000000  00000-0  00000-0 0  9996
2 70554  53.0000 302.1654 0001000  43.4328 223.4272 15.06000000000012
STARLINK-70555
1 70555U 19056A   25001.00000000  .00000000  00000-0  00000-0 0  9991
2 70555  53.0000  56.1037 0001000 185.3123 100.4339 15.06000000000011
STARLINK-70556
1 70556U 24052A   25001.00000000  .00000000  00000-0  00000-0 0  9994
2 70556  53.0000 266.7244 0001000 220.8391 114.9487 15.06000000000017
STARLINK-70557
1 70557U 20017A   25001.00000000  .00000000  00000-0  00000-0 0  9992
2 70557  70.0000 127.0141 0001000  16.7058 110.5393 15.06000000000012
STARLINK-70558
1 70558U 24068A   25001.00000000  .00000000  00000-0  00000-0 0  9993
2 70558  70.0000  95.8843 0001000 141.7164 349.8852 15.06000000000018
STARLINK-70559
1 70559U 19078A   25001.00000000  .00000000  00000-0  00000-0 0  9999
2 70559  53.2000  54.7071 0001000  87.6379 355.3920 15.06000000000013
STARLINK-70560
1 70560U 19051A   25001.00000000  .00000000  00000-0  00000-0 0  9992
2 70560  43.0000 138.6369 0001000 324.3707  10.3747 15.06000000000015
STARLINK-70561
1 70561U 25006A   25001.00000000  .00000000  00000-0  00000-0 0  9990
2 70561  53.2000  53.1710 0001000  52.5468  55.4755 15.06000000000013
STARLINK-70562
1 70562U 19089A   25001.00000000  .00000000  00000-0  00000-0 0  9995
2 70562  43.0000 330.9409 0001000  10.8663 106.0563 15.06000000000016
STARLINK-70563
1 70563U 21043A   25001.00000000  .00000000  00000-0  00000-0 0  9999
2 70563  53.0000 233.9114 0001000  16.9873 156.0255 15.06000000000016
STARLINK-70564
1 70564U 25070A   25001.00000000  .00000000  00000-0  00000-0 0  9994
2 70564  43.0000 140.3119 0001000  11.6878 322.8275 15.06000000000014
STARLINK-70565
1 70565U 20016A   25001.00000000  .00000000  00000-0  00000-0 0  9990
2 70565  53.0000 127.7441 0001000  33.6019 137.6992 15.06000000000012
STARLINK-70566
1 70566U 19065A   25001.00000000  .00000000  00000-0  00000-0 0  9993
2 70566  97.6000 307.8939 0001000 104.4143  56.7824 15.06000000000010
STARLINK-70567
1 70567U 24018A   25001.00000000  .00000000  00000-0  00000-0 0  9998
2 70567  53.0000 117.1342 0001000 212.8228  29.2890 15.06000000000013
STARLINK-70568
1 70568U 20034A   25001.00000000  .00000000  00000-0  00000-0 0  9993
2 70568  53.0000 289.0992 0001000 239.6038  26.8185 15.06000000000010
STARLINK-70569
1 70569U 20053A   25001.00000000  .00000000  00000-0  00000-0 0  9995
2 70569  53.2000   8.6747 0001000 269.3512 139.3984 15.06000000000010
STARLINK-70570
1 70570U 21041A   25001.00000000  .00000000  00000-0  00000-0 0  9995
2 70570  53.0000  68.6271 0001000 292.4431  86.6941 15.06000000000012
STARLINK-70571
1 70571U 20051A   25001.00000000  .00000000  00000-0  00000-0 0  9996
2 70571  53.0000   5.4154 0001000  63.2657 304.2685 15.06000000000010
STARLINK-70572
1 70572U 23076A   25001.00000000  .00000000  00000-0  00000-0 0  9997
2 70572  43.0000  58.2958 0001000 269.8923 157.3818 15.06000000000013
STARLINK-70573
1 70573U 23004A   25001.00000000  .00000000  00000-0  00000-0 0  9999
2 70573  53.2000 301.6483 0001000 166.6763 243.5788 15.06000000000015
STARLINK-70574
1 70574U 19077A   25001.00000000  .00000000  00000-0  00000-0 0  9995
2 70574  43.0000  47.4420 0001000 231.9838 220.6628 15.06000000000017
STARLINK-70575
1 70575U 24083A   25001.00000000  .00000000  00000-0  00000-0 0  9999
2 70575  97.6000 219.5738 0001000 313.0717 245.0243 15.06000000000019
STARLINK-70576
1 70576U 25012A   25001.00000000  .00000000  00000-0  00000-0 0  9993
2 70576  97.6000 345.1275 0001000 265.3771 134.5146 15.06000000000015
STARLINK-70577
1 70577U 25057A   25001.00000000  .00000000  00000-0  00000-0 0  9993
2 70577  97.6000   6.9629 0001000  78.7893 337.9878 15.06000000000013
STARLINK-70578
1 70578U 19058A   25001.00000000  .00000000  00000-0  00000-0 0  9998
2 70578  70.0000  27.9374 0001000  40.2671 280.7537 15.06000000000014
STARLINK-70579
1 70579U 21055A   25001.00000000  .00000000  00000-0  00000-0 0  9999
2 70579  53.0000 345.4025 0001000 180.6874   0.5011 15.06000000000016
STARLINK-70580
1 70580U 19033A   25001.00000000  .00000000  00000-0  00000-0 0  9994
2 70580  43.0000 314.6612 0001000  19.9176  32.5988 15.06000000000014
STARLINK-70581
1 70581U 22046A   25001.00000000  .00000000  00000-0  00000-0 0  9993
2 70581  70.0000   0.0294 0001000 313.4070 234.4646 15.06000000000016
STARLINK-70582
1 70582U 23073A   25001.00000000  .00000000  00000-0  00000-0 0  9995
2 70582  53.2000 309.2023 0001000  19.7197 222.2651 15.06000000000011
STARLINK-70583
1 70583U 19035A   25001.00000000  .00000000  00000-0  00000-0 0  9999
2 70583  97.6000 257.4537 0001000 248.8776 331.4586 15.06000000000016
STARLINK-70584
1 70584U 24070A   25001.00000000  .00000000  00000-0  00000-0 0  9995
2 70584  97.6000 258.4143 0001000 239.6521 340.5095 15.06000000000013
STARLINK-70585
1 70585U 23080A   25001.00000000  .00000000  00000-0  00000-0 0  9996
2 70585  53.0000  14.7689 0001000 113.5141 204.9632 15.06000000000016
STARLINK-70586
1 70586U 20004A   25001.00000000  .00000000  00000-0  00000-0 0  9990
2 70586  70.0000 113.8679 0001000 111.3291 351.2978 15.06000000000017
STARLINK-70587
1 70587U 24082A   25001.00000000  .00000000  00000-0  00000-0 0  9991
2 70587  97.6000  66.0239 0001000  10.8089  53.7167 15.06000000000016
STARLINK-70588
1 70588U 23050A   25001.00000000  .00000000  00000-0  00000-0 0  9996
2 70588  53.2000  40.2884 0001000 220.4541 271.5117 15.06000000000012
STARLINK-70589
1 70589U 20056A   25001.00000000  .00000000  00000-0  00000-0 0  9990
2 70589  53.0000 135.4204 0001000 164.7715 259.1543 15.06000000000012
STARLINK-70590
1 70590U 19037A   25001.00000000  .00000000  00000-0  00000-0 0  9999
2 70590  53.0000 289.0392 0001000  12.4372  67.3493 15.06000000000019
STARLINK-70591
1 70591U 24039A   25001.00000000  .00000000  00000-0  00000-0 0  9998
2 70591  97.6000 350.0823 0001000 315.2613 348.2993 15.06000000000010
STARLINK-70592
1 70592U 19084A   25001.00000000  .00000000  00000-0  00000-0 0  9993
2 70592  53.2000 148.5563 0001000 238.5724 151.0290 15.06000000000010
STARLINK-70593
1 70593U 21021A   25001.00000000  .00000000  00000-0  00000-0 0  9998
2 70593  53.2000  50.0678 0001000  50.9899 128.1175 15.06000000000011
STARLINK-70594
1 70594U 20080A   25001.00000000  .00000000  00000-0  00000-0 0  9993
2 70594  70.0000 275.9164 0001000 181.3396   0.2708 15.06000000000010
STARLINK-70595
1 70595U 23006A   25001.00000000  .00000000  00000-0  00000-0 0  9995
2 70595  53.0000 296.6869 0001000 218.2140 279.9741 15.06000000000013
STARLINK-70596
1 70596U 23052A   25001.00000000  .00000000  00000-0  00000-0 0  9997
2 70596  70.0000 283.3103 0001000 191.8081 155.6909 15.06000000000013
STARLINK-70597
1 70597U 22019A   25001.00000000  .00000000  00000-0  00000-0 0  9990
2 70597  70.0000 158.6933 0001000 120.5669  82.9474 15.06000000000019
STARLINK-70598
1 70598U 22028A   25001.00000000  .00000000  00000-0  00000-0 0  9991
2 70598  70.0000 293.8236 0001000 124.5027 213.0209 15.06000000000013
STARLINK-70599
1 70599U 21045A   25001.00000000  .00000000  00000-0  00000-0 0  9990
2 70599  53.2000 321.9505 0001000  68.0445 347.0665 15.06000000000019
STARLINK-70600
1 70600U 25041A   25001.00000000  .00000000  00000-0  00000-0 0  9993
2 70600  53.2000 131.4070 0001000 239.4101 256.7290 15.06000000000016
STARLINK-70601
1 70601U 23073A   25001.00000000  .00000000  00000-0  00000-0 0  9997
2 70601  53.0000  77.3323 0001000 307.5116 154.9088 15.06000000000011
STARLINK-70602
1 70602U 19025A   25001.00000000  .00000000  00000-0  00000-0 0  9990
2 70602  97.6000 266.6752 0001000 166.1148 117.7121 15.06000000000014
STARLINK-70603
1 70603U 20019A   25001.00000000  .00000000  00000-0  00000-0 0  9996
2 70603  43.0000 271.6126 0001000 353.3482 309.5731 15.06000000000010
STARLINK-70604
1 70604U 25084A   25001.00000000  .00000000  00000-0  00000-0 0  9994
2 70604  53.2000 198.7046 0001000 326.5799 283.5875 15.06000000000017
STARLINK-70605
1 70605U 25061A   25001.00000000  .00000000  00000-0  00000-0 0  9990
2 70605  53.2000 253.9262 0001000  33.4153 351.9851 15.06000000000014
STARLINK-70606
1 70606U 24009A   25001.00000000  .00000000  00000-0  00000-0 0  9992
2 70606  53.2000 359.3038 0001000 264.4185 186.1912 15.06000000000014
STARLINK-70607
1 70607U 22019A   25001.00000000  .00000000  00000-0  00000-0 0  9992
2 70607  53.2000  67.8935 0001000 284.0247 255.7656 15.06000000000017
STARLINK-70608
1 70608U 20096A   25001.00000000  .00000000  00000-0  00000-0 0  9996
2 70608  53.0000  45.0428 0001000 199.3585  62.7157 15.06000000000016
STARLINK-70609
1 70609U 24059A   25001.00000000  .00000000  00000-0  00000-0 0  9990
2 70609  97.6000 264.5512 0001000   6.2233   6.9331 15.06000000000013
STARLINK-70610
1 70610U 24088A   25001.00000000  .00000000  00000-0  00000-0 0  9994
2 70610  70.0000 300.3146 0001000 248.1353 275.1830 15.06000000000016
STARLINK-70611
1 70611U 21020A   25001.00000000  .00000000  00000-0  00000-0 0  9998
2 70611  53.0000 131.0394 0001000  42.8203 276.3417 15.06000000000019
STARLINK-70612
1 70612U 23009A   25001.00000000  .00000000  00000-0  00000-0 0  9998
2 70612  97.6000 348.8760 0001000 339.0937 220.1967 15.06000000000011
STARLINK-70613
1 70613U 19018A   25001.00000000  .00000000  00000-0  00000-0 0  9994
2 70613  70.0000 113.4943 0001000 213.1804 280.1883 15.06000000000014
STARLINK-70614
1 70614U 21004A   25001.00000000  .00000000  00000-0  00000-0 0  9993
2 70614  97.6000 112.4651 0001000 287.2045  81.0339 15.06000000000018
STARLINK-70615
1 70615U 24078A   25001.00000000  .00000000  00000-0  00000-0 0  9998
2 70615  97.6000 235.6887 0001000 142.6384  19.4929 15.06000000000018
STARLINK-70616
1 70616U 24090A   25001.00000000  .00000000  00000-0  00000-0 0  9993
2 70616  53.0000 272.4258 0001000 349.3934  68.2737 15.06000000000012
STARLINK-70617
1 70617U 22093A   25001.00000000  .00000000  00000-0  00000-0 0  9995
2 70617  53.0000 184.9651 0001000  25.6752 339.8330 15.06000000000015
STARLINK-70618
1 70618U 23049A   25001.00000000  .00000000  00000-0  00000-0 0  9998
2 70618  53.2000 319.1150 0001000 345.6815 114.8031 15.06000000000018
STARLINK-70619
1 70619U 21056A   25001.00000000  .00000000  00000-0  00000-0 0  9995
2 70619  53.0000 231.2808 0001000  63.1826 128.9726 15.06000000000012
STARLINK-70620
1 70620U 23024A   25001.00000000  .00000000  00000-0  00000-0 0  9994
2 70620  43.0000 340.0979 0001000 160.8833  94.9141 15.06000000000017
STARLINK-70621
1 70621U 23035A   25001.00000000  .00000000  00000-0  00000-0 0  9997
2 70621  53.0000  94.9223 0001000 253.6350 138.8525 15.06000000000015
STARLINK-70622
1 70622U 25098A   25001.00000000  .00000000  00000-0  00000-0 0  9999
2 70622  70.0000 142.0346 0001000 299.1772 265.7051 15.06000000000013
STARLINK-70623
1 70623U 24026A   25001.00000000  .00000000  00000-0  00000-0 0  9990
2 70623  97.6000 288.4613 0001000 350.5078 245.0205 15.06000000000014
STARLINK-70624
1 70624U 23046A   25001.00000000  .00000000  00000-0  00000-0 0  9992
2 70624  53.0000 105.6451 0001000  24.9059 162.0813 15.06000000000015
STARLINK-70625
1 70625U 20018A   25001.00000000  .00000000  00000-0  00000-0 0  9999
2 70625  43.0000  49.6398 0001000 129.8389 212.4416 15.06000000000012
STARLINK-70626
1 70626U 20058A   25001.00000000  .00000000  00000-0  00000-0 0  9994
2 70626  97.6000  28.7778 0001000 272.7586 263.3945 15.06000000000017
STARLINK-70627
1 70627U 19047A   25001.00000000  .00000000  00000-0  00000-0 0  9991
2 70627  53.0000 296.4532 0001000 214.1731 216.6684 15.06000000000019
STARLINK-70628
1 70628U 22027A   25001.00000000  .00000000  00000-0  00000-0 0  9994
2 70628  70.0000  33.1624 0001000  36.6154 129.4834 15.06000000000011
STARLINK-70629
1 70629U 23002A   25001.00000000  .00000000  00000-0  00000-0 0  9999
2 70629  43.0000   4.8389 0001000 324.6867 117.8069 15.06000000000017
STARLINK-70630
1 70630U 19071A   25001.00000000  .00000000  00000-0  00000-0 0  9992
2 70630  97.6000  82.2201 0001000 307.0425 294.3634 15.06000000000011
STARLINK-70631
1 70631U 20070A   25001.00000000  .00000000  00000-0  00000-0 0  9994
2 70631  43.0000 323.1985 0001000 166.9252 116.2308 15.06000000000013
STARLINK-70632
1 70632U 20040A   25001.00000000  .00000000  00000-0  00000-0 0  9992
2 70632  70.0000 143.1893 0001000 358.9807 231.0078 15.06000000000011
STARLINK-70633
1 70633U 23060A   25001.00000000  .00000000  00000-0  00000-0 0  9998
2 70633  43.0000  54.3426 0001000 335.6042 147.6400 15.06000000000011
STARLINK-70634
1 70634U 20023A   25001.00000000  .00000000  00000-0  00000-0 0  9995
2 70634  53.0000 171.9508 0001000  17.9473 125.3255 15.06000000000019
STARLINK-70635
1 70635U 20003A   25001.00000000  .00000000  00000-0  00000-0 0  9994
2 70635  70.0000 175.1672 0001000 139.4474 332.9745 15.06000000000018
STARLINK-70636
1 70636U 21033A   25001.00000000  .00000000  00000-0  00000-0 0  9999
2 70636  53.0000 116.2032 0001000 198.3554 163.6568 15.06000000000011
STARLINK-70637
1 70637U 24038A   25001.00000000  .00000000  00000-0  00000-0 0  9998
2 70637  70.0000 307.9541 0001000 240.6952 242.8930 15.06000000000011
STARLINK-70638
1 70638U 25079A   25001.00000000  .00000000  00000-0  00000-0 0  9995
2 70638  43.0000 157.6683 0001000  36.1773 326.9820 15.06000000000010
STARLINK-70639
1 70639U 20003A   25001.00000000  .00000000  00000-0  00000-0 0  9998
2 70639  53.0000  90.2915 0001000 316.3967 245.2026 15.06000000000011
STARLINK-70640
1 70640U 22014A   25001.00000000  .00000000  00000-0  00000-0 0  9994
2 70640  53.0000 338.0417 0001000 310.5585 331.1614 15.06000000000013
STARLINK-70641
1 70641U 25093A   25001.00000000  .00000000  00000-0  00000-0 0  9995
2 70641  53.2000 314.2277 0001000 261.3405 164.3609 15.06000000000010
STARLINK-70642
1 70642U 23027A   25001.00000000  .00000000  00000-0  00000-0 0  9991
2 70642  53.2000  24.8372 0001000 115.5627 240.8105 15.06000000000018
STARLINK-70643
1 70643U 22024A   25001.00000000  .00000000  00000-0  00000-0 0  9998
2 70643  43.0000  82.6837 0001000  35.4873 279.6215 15.06000000000019
STARLINK-70644
1 70644U 23065A   25001.00000000  .00000000  00000-0  00000-0 0  9995
2 70644  43.0000 159.5770 0001000 192.5029 343.3563 15.06000000000013
STARLINK-70645
1 70645U 19100A   25001.00000000  .00000000  00000-0  00000-0 0  9991
2 70645  53.0000  43.9663 0001000 203.9269 359.2416 15.06000000000018
STARLINK-70646
1 70646U 22085A   25001.00000000  .00000000  00000-0  00000-0 0  9998
2 70646  70.0000 146.3356 0001000 189.3993  45.4635 15.06000000000013
STARLINK-70647
1 70647U 21091A   25001.00000000  .00000000  00000-0  00000-0 0  9995
2 70647  70.0000 319.5722 0001000 326.2041 141.8247 15.06000000000011
STARLINK-70648
1 70648U 22053A   25001.00000000  .00000000  00000-0  00000-0 0  9995
2 70648  97.6000 310.1646 0001000 139.4920  12.9174 15.06000000000016
STARLINK-70649
1 70649U 25059A   25001.00000000  .00000000  00000-0  00000-0 0  9995
2 70649  97.6000 317.8696 0001000 168.3009 125.9367 15.06000000000014
STARLINK-70650
1 70650U 20040A   25001.00000000  .00000000  00000-0  00000-0 0  9992
2 70650  97.6000 132.6057 0001000 128.7316 105.1418 15.06000000000018
STARLINK-70651
1 70651U 20075A   25001.00000000  .00000000  00000-0  00000-0 0  9991
2 70651  53.0000 180.3168 0001000 262.0552 115.2180 15.06000000000010
STARLINK-70652
1 70652U 22084A   25001.00000000  .00000000  00000-0  00000-0 0  9994
2 70652  53.2000  57.6845 0001000 190.1502 101.7802 15.06000000000018
STARLINK-70653
1 70653U 23013A   25001.00000000  .00000000  00000-0  00000-0 0  9998
2 70653  70.0000 251.1615 0001000 322.3958 220.0150 15.06000000000017
STARLINK-70654
1 70654U 20054A   25001.00000000  .00000000  00000-0  00000-0 0  9991
2 70654  70.0000  78.8981 0001000  57.3923  90.9642 15.06000000000015
STARLINK-70655
1 70655U 20001A   25001.00000000  .00000000  00000-0  00000-0 0  9994
2 70655  97.6000  68.5994 0001000 245.3883  90.2205 15.06000000000013
STARLINK-70656
1 70656U 19005A   25001.00000000  .00000000  00000-0  00000-0 0  9997
2 70656  43.0000  69.2291 0001000  48.0163 318.6124 15.06000000000013
STARLINK-70657
1 70657U 19089A   25001.00000000  .00000000  00000-0  00000-0 0  9990
2 70657  53.2000 253.8114 0001000 170.6608 358.5040 15.06000000000018
STARLINK-70658
1 70658U 23098A   25001.00000000  .00000000  00000-0  00000-0 0  9996
2 70658  53.2000 167.0078 0001000 237.6798 334.1082 15.06000000000014
STARLINK-70659
1 70659U 22090A   25001.00000000  .00000000  00000-0  00000-0 0  9998
2 70659  97.6000 132.6553 0001000 134.0363  48.9690 15.06000000000016
STARLINK-70660
1 70660U 21093A   25001.00000000  .00000000  00000-0  00000-0 0  9992
2 70660  53.0000 151.9014 0001000 278.4174 253.2328 15.06000000000012
STARLINK-70661
1 70661U 24038A   25001.00000000  .00000000  00000-0  00000-0 0  9995
2 70661  97.6000  37.1547 0001000  48.2328 318.4466 15.06000000000014
STARLINK-70662
1 70662U 22095A   25001.00000000  .00000000  00000-0  00000-0 0  9997
2 70662  70.0000   2.4587 0001000 231.7862  10.2710 15.06000000000010
STARLINK-70663
1 70663U 20004A   25001.00000000  .00000000  00000-0  00000-0 0  9996
2 70663  97.6000  22.3248 0001000  84.9434 183.0662 15.06000000000019
STARLINK-70664
1 70664U 25093A   25001.00000000  .00000000  00000-0  00000-0 0  9990
2 70664  53.0000  94.3869 0001000 290.2156  44.4947 15.06000000000013
STARLINK-70665
1 70665U 24031A   25001.00000000  .00000000  00000-0  00000-0 0  9992
2 70665  53.2000 345.2533 0001000 151.6003 241.8839 15.06000000000016
STARLINK-70666
1 70666U 22085A   25001.00000000  .00000000  00000-0  00000-0 0  9990
2 70666  53.2000 267.4160 0001000 179.1799 162.1724 15.06000000000013
STARLINK-70667
1 70667U 21036A   25001.00000000  .00000000  00000-0  00000-0 0  9996
2 70667  53.2000  56.6452 0001000 122.2018 149.0084 15.06000000000012
STARLINK-70668
1 70668U 22040A   25001.00000000  .00000000  00000-0  00000-0 0  9993
2 70668  97.6000 222.1323 0001000 239.9722 211.9336 15.06000000000019
STARLINK-70669
1 70669U 24049A   25001.00000000  .00000000  00000-0  00000-0 0  9995
2 70669  53.2000 322.6633 0001000  48.4277  74.8216 15.06000000000019
STARLINK-70670
1 70670U 24056A   25001.00000000  .00000000  00000-0  00000-0 0  9995
2 70670  43.0000  65.1683 0001000 352.5471 230.1096 15.06000000000010
STARLINK-70671
1 70671U 19089A   25001.00000000  .00000000  00000-0  00000-0 0  9996
2 70671  43.0000 245.2060 0001000 277.5097 112.0880 15.06000000000010
STARLINK-70672
1 70672U 25031A   25001.00000000  .00000000  00000-0  00000-0 0  9991
2 70672  43.0000  16.9071 0001000  43.1624  52.8195 15.06000000000019
STARLINK-70673
1 70673U 24069A   25001.00000000  .00000000  00000-0  00000-0 0  9992
2 70673  43.0000  49.9679 0001000 144.5647  73.5589 15.06000000000018
STARLINK-70674
1 70674U 21026A   25001.00000000  .00000000  00000-0  00000-0 0  9993
2 70674  53.2000   7.2112 0001000 240.8674 119.7972 15.06000000000010
STARLINK-70675
1 70675U 24024A   25001.00000000  .00000000  00000-0  00000-0 0  9995
2 70675  97.6000  37.1251 0001000  40.3194 252.5376 15.06000000000013
STARLINK-70676
1 70676U 24047A   25001.00000000  .00000000  00000-0  00000-0 0  9991
2 70676  53.0000 306.3599 0001000 351.3620 226.4043 15.06000000000016
STARLINK-70677
1 70677U 25093A   25001.00000000  .00000000  00000-0  00000-0 0  9994
2 70677  97.6000  65.2068 0001000  48.0498 215.5987 15.06000000000012
STARLINK-70678
1 70678U 21073A   25001.00000000  .00000000  00000-0  00000-0 0  9999
2 70678  97.6000 315.1380 0001000 115.7972 139.6658 15.06000000000017
STARLINK-70679
1 70679U 25029A   25001.00000000  .00000000  00000-0  00000-0 0  9995
2 70679  53.2000 221.1541 0001000 265.4232  94.4551 15.06000000000013
STARLINK-70680
1 70680U 21019A   25001.00000000  .00000000  00000-0  00000-0 0  9992
2 70680  43.0000 354.2742 0001000 281.1292 106.4146 15.06000000000018
STARLINK-70681
1 70681U 19001A   25001.00000000  .00000000  00000-0  00000-0 0  9991
2 70681  53.0000 151.0425 0001000 239.5473 156.8816 15.06000000000012
STARLINK-70682
1 70682U 25007A   25001.00000000  .00000000  00000-0  00000-0 0  9995
2 70682  70.0000  65.3067 0001000 103.9752 131.6674 15.06000000000018
STARLINK-70683
1 70683U 23019A   25001.00000000  .00000000  00000-0  00000-0 0  9997
2 70683  53.2000 304.4675 0001000  69.9005 229.6426 15.06000000000019
STARLINK-70684
1 70684U 19084A   25001.00000000  .00000000  00000-0  00000-0 0  9995
2 70684  97.6000 243.7915 0001000 295.6817 232.2207 15.06000000000010
STARLINK-70685
1 70685U 21048A   25001.00000000  .00000000  00000-0  00000-0 0  9999
2 70685  97.6000 210.5095 0001000 232.9990 128.3143 15.06000000000012
STARLINK-70686
1 70686U 23026A   25001.00000000  .00000000  00000-0  00000-0 0  9998
2 70686  97.6000 175.6149 0001000   9.3257  43.8478 15.06000000000018
STARLINK-70687
1 70687U 22077A   25001.00000000  .00000000  00000-0  00000-0 0  9994
2 70687  53.0000 208.5902 0001000 279.9845 199.0505 15.06000000000011
STARLINK-70688
1 70688U 25018A   25001.00000000  .00000000  00000-0  00000-0 0  9993
2 70688  70.0000 242.5355 0001000 202.2625 144.5808 15.06000000000017
STARLINK-70689
1 70689U 21012A   25001.00000000  .00000000  00000-0  00000-0 0  9994
2 70689  97.6000 126.7955 0001000 242.6598 324.2265 15.06000000000013
STARLINK-70690
1 70690U 25083A   25001.00000000  .00000000  00000-0  00000-0 0  9998
2 70690  53.2000 166.9901 0001000 138.3914 154.9897 15.06000000000012
STARLINK-70691
1 70691U 23086A   25001.00000000  .00000000  00000-0  00000-0 0  9990
2 70691  70.0000 117.0097 0001000  11.6108 177.0120 15.06000000000016
STARLINK-70692
1 70692U 22073A   25001.00000000  .00000000  00000-0  00000-0 0  9996
2 70692  53.2000  38.6792 0001000 103.2902 223.5568 15.06000000000013
STARLINK-70693
1 70693U 21092A   25001.00000000  .00000000  00000-0  00000-0 0  9997
2 70693  53.2000 114.2161 0001000  49.5211 174.8035 15.06000000000017
STARLINK-70694
1 70694U 24042A   25001.00000000  .00000000  00000-0  00000-0 0  9996
2 70694  43.0000 334.8018 0001000  81.3616 304.0489 15.06000000000019
STARLINK-70695
1 70695U 21041A   25001.00000000  .00000000  00000-0  00000-0 0  9993
2 70695  70.0000  52.2968 0001000  23.6090  45.8500 15.06000000000014
STARLINK-70696
1 70696U 25019A   25001.00000000  .00000000  00000-0  00000-0 0  9993
2 70696  53.0000   6.8056 0001000 212.6424  71.3512 15.06000000000017
STARLINK-70697
1 70697U 23094A   25001.00000000  .00000000  00000-0  00000-0 0  9995
2 70697  53.0000 105.3511 0001000 193.4522 239.9565 15.06000000000014
STARLINK-70698
1 70698U 20065A   25001.00000000  .00000000  00000-0  00000-0 0  9991
2 70698  53.0000   8.0885 0001000 230.5401 192.7132 15.06000000000013
STARLINK-70699
1 70699U 25050A   25001.00000000  .00000000  00000-0  00000-0 0  9991
2 70699  97.6000 132.6785 0001000 304.8883  61.8776 15.06000000000010
STARLINK-70700
1 70700U 25024A   25001.00000000  .00000000  00000-0  00000-0 0  9995
2 70700  43.0000 180.6670 0001000 316.4257 349.9014 15.06000000000013
STARLINK-70701
1 70701U 25016A   25001.00000000  .00000000  00000-0  00000-0 0  9997
2 70701  53.2000  24.6065 0001000 101.3794  86.8296 15.06000000000018
STARLINK-70702
1 70702U 20056A   25001.00000000  .00000000  00000-0  00000-0 0  9997
2 70702  97.6000 280.2049 0001000 187.7725 165.5559 15.06000000000012
STARLINK-70703
1 70703U 25085A   25001.00000000  .00000000  00000-0  00000-0 0  9995
2 70703  53.2000  45.3050 0001000  73.6528 140.3165 15.06000000000011
STARLINK-70704
1 70704U 22068A   25001.00000000  .00000000  00000-0  00000-0 0  9994
2 70704  53.2000  28.8855 0001000 286.9562 262.0924 15.06000000000013
STARLINK-70705
1 70705U 19032A   25001.00000000  .00000000  00000-0  00000-0 0  9992
2 70705  53.0000 300.4006 0001000  82.0419 343.6863 15.06000000000013
STARLINK-70706
1 70706U 19065A   25001.00000000  .00000000  00000-0  00000-0 0  9999
2 70706  43.0000 281.7163 0001000 326.3984 155.6163 15.06000000000013
STARLINK-70707
1 70707U 20018A   25001.00000000  .00000000  00000-0  00000-0 0  9990
2 70707  43.0000 195.8654 0001000 184.0193  49.2239 15.06000000000017
STARLINK-70708
1 70708U 20093A   25001.00000000  .00000000  00000-0  00000-0 0  9994
2 70708  70.0000 298.3703 0001000 317.0531 339.3381 15.06000000000017
STARLINK-70709
1 70709U 22014A   25001.00000000  .00000000  00000-0  00000-0 0  9990
2 70709  70.0000 196.9847 0001000 290.8646 196.3582 15.06000000000019
STARLINK-70710
1 70710U 24068A   25001.00000000  .00000000  00000-0  00000-0 0  9993
2 70710  43.0000 213.9495 0001000  56.4170   7.6865 15.06000000000016
STARLINK-70711
1 70711U 19060A   25001.00000000  .00000000  00000-0  00000-0 0  9990
2 70711  43.0000 204.4886 0001000 346.2728 132.7364 15.06000000000019
STARLINK-70712
1 70712U 24093A   25001.00000000  .00000000  00000-0  00000-0 0  9993
2 70712  53.0000  90.3430 0001000  84.0180  12.6279 15.06000000000018
STARLINK-70713
1 70713U 25004A   25001.00000000  .00000000  00000-0  00000-0 0  9997
2 70713  97.6000 314.8963 0001000 118.8409   3.5470 15.06000000000010
STARLINK-70714
1 70714U 20053A   25001.00000000  .00000000  00000-0  00000-0 0  9997
2 70714  97.6000  94.7257 0001000 167.9619 109.6310 15.06000000000010
STARLINK-70715
1 70715U 24084A   25001.00000000  .00000000  00000-0  00000-0 0  9996
2 70715  97.6000 347.5563 0001000  67.5590 322.3536 15.06000000000017
STARLINK-70716
1 70716U 20087A   25001.00000000  .00000000  00000-0  00000-0 0  9996
2 70716  53.2000 156.7998 0001000 315.6628 248.3651 15.06000000000012
STARLINK-70717
1 70717U 21064A   25001.00000000  .00000000  00000-0  00000-0 0  9993
2 70717  53.0000 143.4406 0001000 338.7346 186.0713 15.06000000000018
STARLINK-70718
1 70718U 20021A   25001.00000000  .00000000  00000-0  00000-0 0  9996
2 70718  97.6000 358.6272 0001000 229.7115  19.5731 15.06000000000017
STARLINK-70719
1 70719U 19020A   25001.00000000  .00000000  00000-0  00000-0 0  9994
2 70719  97.6000 339.2884 0001000 132.8116 259.6118 15.06000000000013
STARLINK-70720
1 70720U 20001A   25001.00000000  .00000000  00000-0  00000-0 0  9997
2 70720  43.0000 251.4193 0001000 102.9622 203.7359 15.06000000000015
STARLINK-70721
1 70721U 21100A   25001.00000000  .00000000  00000-0  00000-0 0  9999
2 70721  70.0000 302.9816 0001000  69.4258  85.1421 15.06000000000014
STARLINK-70722
1 70722U 23009A   25001.00000000  .00000000  00000-0  00000-0 0  9990
2 70722  53.2000 154.8352 0001000 268.8812  96.8488 15.06000000000010
STARLINK-70723
1 70723U 23060A   25001.00000000  .00000000  00000-0  00000-0 0  9998
2 70723  43.0000 149.1651 0001000 299.9498 265.6955 15.06000000000017
STARLINK-70724
1 70724U 23011A   25001.00000000  .00000000  00000-0  00000-0 0  9995
2 70724  43.0000 352.7073 0001000 174.9672  79.4255 15.06000000000018
STARLINK-70725
1 70725U 20076A   25001.00000000  .00000000  00000-0  00000-0 0  9994
2 70725  53.0000 204.7367 0001000 308.0861 197.4485 15.06000000000018
STARLINK-70726
1 70726U 21091A   25001.00000000  .00000000  00000-0  00000-0 0  9993
2 70726  70.0000 308.0126 0001000  28.9951  81.3714 15.06000000000013
STARLINK-70727
1 70727U 25015A   25001.00000000  .00000000  00000-0  00000-0 0  9994
2 70727  70.0000 317.5559 0001000 197.1315 251.0578 15.06000000000016
STARLINK-70728
1 70728U 20068A   25001.00000000  .00000000  00000-0  00000-0 0  9998
2 70728  53.2000 247.6491 0001000 323.2748 273.8885 15.06000000000013
STARLINK-70729
1 70729U 25019A   25001.00000000  .00000000  00000-0  00000-0 0  9990
2 70729  43.0000 299.4938 0001000  86.8616 143.8335 15.06000000000014
STARLINK-70730
1 70730U 25093A   25001.00000000  .00000000  00000-0  00000-0 0  9994
2 70730  97.6000  60.1230 0001000 283.4049 330.8077 15.06000000000015
STARLINK-70731
1 70731U 23002A   25001.00000000  .00000000  00000-0  00000-0 0  9993
2 70731  70.0000 198.3451 0001000 304.2939 248.2341 15.06000000000016
STARLINK-70732
1 70732U 20039A   25001.00000000  .00000000  00000-0  00000-0 0  9991
2 70732  53.2000  77.0359 0001000 355.7826  99.0599 15.06000000000013
STARLINK-70733
1 70733U 23026A   25001.00000000  .00000000  00000-0  00000-0 0  9991
2 70733  97.6000  44.3862 0001000 266.0882 175.6689 15.06000000000019
STARLINK-70734
1 70734U 19001A   25001.00000000  .00000000  00000-0  00000-0 0  9990
2 70734  43.0000 214.4586 0001000  29.5211 227.7515 15.06000000000013
STARLINK-70735
1 70735U 25082A   25001.00000000  .00000000  00000-0  00000-0 0  9997
2 70735  70.0000  65.3837 0001000  81.4936 155.9544 15.06000000000011
STARLINK-70736
1 70736U 23074A   25001.00000000  .00000000  00000-0  00000-0 0  9997
2 70736  53.2000  75.0627 0001000 122.5870 173.2568 15.06000000000013
STARLINK-70737
1 70737U 19082A   25001.00000000  .00000000  00000-0  00000-0 0  9992
2 70737  70.0000   5.3416 0001000 284.9393 196.9329 15.06000000000013
STARLINK-70738
1 70738U 24053A   25001.00000000  .00000000  00000-0  00000-0 0  9997
2 70738  97.6000  30.0185 0001000 277.9525 247.4033 15.06000000000010
STARLINK-70739
1 70739U 22033A   25001.00000000  .00000000  00000-0  00000-0 0  9994
2 70739  53.0000  81.3532 0001000 125.1191 219.3308 15.06000000000018
STARLINK-70740
1 70740U 25036A   25001.00000000  .00000000  00000-0  00000-0 0  9992
2 70740  97.6000 139.5764 0001000 262.3397 291.4989 15.06000000000015
STARLINK-70741
1 70741U 19009A   25001.00000000  .00000000  00000-0  00000-0 0  9996
2 70741  97.6000 154.0825 0001000 352.5303 245.6905 15.06000000000014
STARLINK-70742
1 70742U 21096A   25001.00000000  .00000000  00000-0  00000-0 0  9996
2 70742  53.2000  25.9782 0001000  17.5958 349.0014 15.06000000000015
STARLINK-70743
1 70743U 20079A   25001.00000000  .00000000  00000-0  00000-0 0  9997
2 70743  53.2000 286.5080 0001000  17.9267 183.5646 15.06000000000011
STARLINK-70744
1 70744U 20084A   25001.00000000  .00000000  00000-0  00000-0 0  9994
2 70744  53.0000 304.9628 0001000  12.9598  52.9744 15.06000000000013
STARLINK-70745
1 70745U 21034A   25001.00000000  .00000000  00000-0  00000-0 0  9991
2 70745  53.0000  28.3897 0001000   7.1954 182.0801 15.06000000000010
STARLINK-70746
1 70746U 22061A   25001.00000000  .00000000  00000-0  00000-0 0  9993
2 70746  43.0000 100.0538 0001000 117.0183 239.8463 15.06000000000010
STARLINK-70747
1 70747U 21051A   25001.00000000  .00000000  00000-0  00000-0 0  9992
2 70747  97.6000 206.8682 0001000 182.4596 229.9783 15.06000000000010
STARLINK-70748
1 70748U 25100A   25001.00000000  .00000000  00000-0  00000-0 0  9992
2 70748  70.0000 354.5357 0001000 331.9317  11.0894 15.06000000000011
STARLINK-70749
1 70749U 19063A   25001.00000000  .00000000  00000-0  00000-0 0  9994
2 70749  97.6000 323.6066 0001000 257.2207  78.6418 15.06000000000010
STARLINK-70750
1 70750U 20038A   25001.00000000  .00000000  00000-0  00000-0 0  9990
2 70750  97.6000  57.5253 0001000 328.1786 222.0128 15.06000000000016
STARLINK-70751
1 70751U 22005A   25001.00000000  .00000000  00000-0  00000-0 0  9997
2 70751  53.2000 198.0953 0001000 220.0293 176.3686 15.06000000000016
STARLINK-70752
1 70752U 25018A   25001.00000000  .00000000  00000-0  00000-0 0  9995
2 70752  97.6000   4.8175 0001000 135.4554 127.7002 15.06000000000010
STARLINK-70753
1 70753U 22039A   25001.00000000  .00000000  00000-0  00000-0 0  9996
2 70753  43.0000 171.9626 0001000  88.7514 131.8908 15.06000000000010
STARLINK-70754
1 70754U 20025A   25001.00000000  .00000000  00000-0  00000-0 0  9990
2 70754  70.0000 253.1285 0001000 355.9075 271.4558 15.06000000000018
STARLINK-70755
1 70755U 25021A   25001.00000000  .00000000  00000-0  00000-0 0  9992
2 70755  97.6000  22.9415 0001000 165.9867 309.7751 15.06000000000019
STARLINK-70756
1 70756U 23069A   25001.00000000  .00000000  00000-0  00000-0 0  9993
2 70756  97.6000 246.0892 0001000 244.0873 149.7096 15.06000000000018
STARLINK-70757
1 70757U 19009A   25001.00000000  .00000000  00000-0  00000-0 0  9993
2 70757  53.0000 231.0404 0001000  33.5623 290.8082 15.06000000000015
STARLINK-70758
1 70758U 24023A   25001.00000000  .00000000  00000-0  00000-0 0  9996
2 70758  43.0000  75.8743 0001000 217.6176 266.2221 15.06000000000015
STARLINK-70759
1 70759U 22024A   25001.00000000  .00000000  00000-0  00000-0 0  9996
2 70759  53.0000 247.7411 0001000 281.7936 138.7133 15.06000000000010
STARLINK-70760
1 70760U 23031A   25001.00000000  .00000000  00000-0  00000-0 0  9997
2 70760  53.2000 354.2820 0001000 209.7400 200.8409 15.06000000000015
STARLINK-70761
1 70761U 24095A   25001.00000000  .00000000  00000-0  00000-0 0  9999
2 70761  53.0000 139.4870 0001000 294.2570 156.3571 15.06000000000014
STARLINK-70762
1 70762U 23089A   25001.00000000  .00000000  00000-0  00000-0 0  9992
2 70762  97.6000 128.8633 0001000 216.2019 166.4285 15.06000000000014
STARLINK-70763
1 70763U 23086A   25001.00000000  .00000000  00000-0  00000-0 0  9990
2 70763  43.0000   0.8273 0001000  55.8663 266.5466 15.06000000000014
STARLINK-70764
1 70764U 19046A   25001.00000000  .00000000  00000-0  00000-0 0  9992
2 70764  53.0000  10.4248 0001000 340.8089  25.9933 15.06000000000010
STARLINK-70765
1 70765U 25084A   25001.00000000  .00000000  00000-0  00000-0 0  9992
2 70765  53.0000 277.3807 0001000 336.1842  59.5174 15.06000000000011
STARLINK-70766
1 70766U 21071A   25001.00000000  .00000000  00000-0  00000-0 0  9995
2 70766  53.2000 354.6535 0001000 334.4117 297.9022 15.06000000000017
STARLINK-70767
1 70767U 25032A   25001.00000000  .00000000  00000-0  00000-0 0  9997
2 70767  70.0000 183.8565 0001000  23.1187 357.1637 15.06000000000010
STARLINK-70768
1 70768U 25074A   25001.00000000  .00000000  00000-0  00000-0 0  9994
2 70768  43.0000  98.8935 0001000 312.3327  69.0641 15.06000000000010
STARLINK-70769
1 70769U 21053A   25001.00000000  .00000000  00000-0  00000-0 0  9998
2 70769  53.2000 200.8048 0001000 276.3492 346.6319 15.06000000000012
STARLINK-70770
1 70770U 22090A   25001.00000000  .00000000  00000-0  00000-0 0  9992
2 70770  70.0000 328.9346 0001000 310.8774 106.5756 15.06000000000019
STARLINK-70771
1 70771U 19034A   25001.00000000  .00000000  00000-0  00000-0 0  9997
2 70771  43.0000  60.0889 0001000 328.3643 308.5541 15.06000000000011
STARLINK-70772
1 70772U 19012A   25001.00000000  .00000000  00000-0  00000-0 0  9994
2 70772  97.6000 313.4660 0001000 295.8390 334.0056 15.06000000000011
STARLINK-70773
1 70773U 21068A   25001.00000000  .00000000  00000-0  00000-0 0  9999
2 70773  53.2000  82.7506 0001000 291.6286 150.5162 15.06000000000012
STARLINK-70774
1 70774U 20040A   25001.00000000  .00000000  00000-0  00000-0 0  9999
2 70774  53.2000 204.8981 0001000  30.9134 279.6546 15.06000000000012
STARLINK-70775
1 70775U 19012A   25001.00000000  .00000000  00000-0  00000-0 0  9997
2 70775  43.0000 131.4999 0001000  38.0271 191.7897 15.06000000000018
STARLINK-70776
1 70776U 24014A   25001.00000000  .00000000  00000-0  00000-0 0  9996
2 70776  53.2000 333.1168 0001000  37.8438 178.4698 15.06000000000014
STARLINK-70777
1 70777U 21085A   25001.00000000  .00000000  00000-0  00000-0 0  9992
2 70777  97.6000 145.5334 0001000 309.0476 159.2162 15.06000000000016
STARLINK-70778
1 70778U 20044A   25001.00000000  .00000000  00000-0  00000-0 0  9997
2 70778  70.0000 337.0725 0001000 249.6432 124.2550 15.06000000000018
STARLINK-70779
1 70779U 22013A   25001.00000000  .00000000  00000-0  00000-0 0  9996
2 70779  53.2000 273.0927 0001000 299.0445 359.0809 15.06000000000013
STARLINK-70780
1 70780U 21077A   25001.00000000  .00000000  00000-0  00000-0 0  9997
2 70780  97.6000 176.8344 0001000 224.4014 273.9784 15.06000000000010
STARLINK-70781
1 70781U 23063A   25001.00000000  .00000000  00000-0  00000-0 0  9995
2 70781  53.0000 118.0666 0001000 307.3412 295.2339 15.06000000000018
STARLINK-70782
1 70782U 25079A   25001.00000000  .00000000  00000-0  00000-0 0  9995
2 70782  97.6000  27.5681 0001000 131.3708  69.3941 15.06000000000016
STARLINK-70783
1 70783U 22035A   25001.00000000  .00000000  00000-0  00000-0 0  9995
2 70783  53.2000 157.5764 0001000 255.8852 300.0193 15.06000000000017
STARLINK-70784
1 70784U 24024A   25001.00000000  .00000000  00000-0  00000-0 0  9996
2 70784  97.6000 213.0389 0001000  64.7130   1.5894 15.06000000000018
STARLINK-70785
1 70785U 24094A   25001.00000000  .00000000  00000-0  00000-0 0  9994
2 70785  70.0000 112.7130 0001000 199.8120  35.7195 15.06000000000015
STARLINK-70786
1 70786U 24090A   25001.00000000  .00000000  00000-0  00000-0 0  9991
2 70786  70.0000 220.2693 0001000 253.5204  97.6048 15.06000000000010
STARLINK-70787
1 70787U 23032A   25001.00000000  .00000000  00000-0  00000-0 0  9997
2 70787  70.0000 187.1755 0001000  79.2166 161.1078 15.06000000000011
STARLINK-70788
1 70788U 22034A   25001.00000000  .00000000  00000-0  00000-0 0  9999
2 70788  97.6000 148.0449 0001000 311.4725  90.4523 15.06000000000014
STARLINK-70789
1 70789U 21040A   25001.00000000  .00000000  00000-0  00000-0 0  9996
2 70789  53.0000 346.4417 0001000  91.9551 355.7466 15.06000000000010
STARLINK-70790
1 70790U 23088A   25001.00000000  .00000000  00000-0  00000-0 0  9992
2 70790  70.0000 104.7474 0001000  20.9045 175.8756 15.06000000000012
STARLINK-70791
1 70791U 24073A   25001.00000000  .00000000  00000-0  00000-0 0  9998
2 70791  43.0000 238.7217 0001000 317.8572 161.8422 15.06000000000014
STARLINK-70792
1 70792U 19083A   25001.00000000  .00000000  00000-0  00000-0 0  9994
2 70792  53.2000 330.7589 0001000 246.5281   2.7684 15.06000000000011
STARLINK-70793
1 70793U 20006A   25001.00000000  .00000000  00000-0  00000-0 0  9992
2 70793  53.0000 232.9958 0001000 340.4386 191.9396 15.06000000000014
STARLINK-70794
1 70794U 21070A   25001.00000000  .00000000  00000-0  00000-0 0  9995
2 70794  43.0000 160.8468 0001000  39.3100  14.9481 15.06000000000016
STARLINK-70795
1 70795U 24072A   25001.00000000  .00000000  00000-0  00000-0 0  9991
2 70795  97.6000 284.1244 0001000 341.8279 125.4080 15.06000000000015
STARLINK-70796
1 70796U 25080A   25001.00000000  .00000000  00000-0  00000-0 0  9992
2 70796  70.0000 281.7988 0001000 288.1692 235.5547 15.06000000000012
STARLINK-70797
1 70797U 22016A   25001.00000000  .00000000  00000-0  00000-0 0  9999
2 70797  53.2000  48.8531 0001000  41.0769 327.5248 15.06000000000013
STARLINK-70798
1 70798U 25089A   25001.00000000  .00000000  00000-0  00000-0 0  9993
2 70798  53.2000 274.7038 0001000 254.0165 121.0230 15.06000000000010
STARLINK-70799
1 70799U 19039A   25001.00000000  .00000000  00000-0  00000-0 0  9992
2 70799  97.6000 134.6540 0001000 325.3903 222.8171 15.06000000000011
STARLINK-70800
1 70800U 25005A   25001.00000000  .00000000  00000-0  00000-0 0  9995
2 70800  70.0000  28.3341 0001000 307.8395  98.3902 15.06000000000015
STARLINK-70801
1 70801U 20036A   25001.00000000  .00000000  00000-0  00000-0 0  9995
2 70801  53.2000 332.1932 0001000  44.4299  58.7686 15.06000000000017
STARLINK-70802
1 70802U 22036A   25001.00000000  .00000000  00000-0  00000-0 0  9998
2 70802  43.0000 249.7779 0001000  73.4059 184.3657 15.06000000000017
STARLINK-70803
1 70803U 24100A   25001.00000000  .00000000  00000-0  00000-0 0  9993
2 70803  43.0000 113.1125 0001000 347.9153 172.2679 15.06000000000011
STARLINK-70804
1 70804U 24089A   25001.00000000  .00000000  00000-0  00000-0 0  9990
2 70804  53.2000  94.1651 0001000   5.5893 203.5809 15.06000000000018
STARLINK-70805
1 70805U 23029A   25001.00000000  .00000000  00000-0  00000-0 0  9994
2 70805  53.0000 252.9735 0001000  28.5234  78.8241 15.06000000000011
STARLINK-70806
1 70806U 19061A   25001.00000000  .00000000  00000-0  00000-0 0  9996
2 70806  53.0000 132.3724 0001000  30.1572 323.3107 15.06000000000014
STARLINK-70807
1 70807U 20001A   25001.00000000  .00000000  00000-0  00000-0 0  9993
2 70807  43.0000 124.8749 0001000 132.8166  16.0133 15.06000000000011
STARLINK-70808
1 70808U 19041A   25001.00000000  .00000000  00000-0  00000-0 0  9996
2 70808  70.0000 104.1874 0001000 296.7318 269.3241 15.06000000000014
STARLINK-70809
1 70809U 21013A   25001.00000000  .00000000  00000-0  00000-0 0  9999
2 70809  43.0000 238.0756 0001000 206.7702 277.6041 15.06000000000019
STARLINK-70810
1 70810U 23061A   25001.00000000  .00000000  00000-0  00000-0 0  9996
2 70810  53.0000 291.1577 0001000 184.8686  78.3932 15.06000000000015
STARLINK-70811
1 70811U 19083A   25001.00000000  .00000000  00000-0  00000-0 0  9996
2 70811  53.2000  65.7787 0001000 243.3994 266.9062 15.06000000000018
STARLINK-70812
1 70812U 23004A   25001.00000000  .00000000  00000-0  00000-0 0  9995
2 70812  70.0000 291.7100 0001000 354.5152  86.9540 15.06000000000018
STARLINK-70813
1 70813U 23039A   25001.00000000  .00000000  00000-0  00000-0 0  9994
2 70813  43.0000  76.5364 0001000  43.5498 271.0270 15.06000000000015
STARLINK-70814
1 70814U 21021A   25001.00000000  .00000000  00000-0  00000-0 0  9994
2 70814  97.6000 321.3646 0001000  16.0319 118.4366 15.06000000000012
STARLINK-70815
1 70815U 20017A   25001.00000000  .00000000  00000-0  00000-0 0  9999
2 70815  97.6000  52.4728 0001000 312.2049 171.0970 15.06000000000013
STARLINK-70816
1 70816U 19088A   25001.00000000  .00000000  00000-0  00000-0 0  9996
2 70816  70.0000 256.2532 0001000 292.0488 297.6837 15.06000000000015
STARLINK-70817
1 70817U 22005A   25001.00000000  .00000000  00000-0  00000-0 0  9990
2 70817  70.0000 160.3479 0001000 357.1648  89.8375 15.06000000000010
STARLINK-70818
1 70818U 20075A   25001.00000000  .00000000  00000-0  00000-0 0  9996
2 70818  53.0000 122.3909 0001000  97.1934 130.8744 15.06000000000014
STARLINK-70819
1 70819U 25014A   25001.00000000  .00000000  00000-0  00000-0 0  9995
2 70819  70.0000  97.6040 0001000 244.0481 263.9237 15.06000000000019
STARLINK-70820
1 70820U 25007A   25001.00000000  .00000000  00000-0  00000-0 0  9999
2 70820  70.0000  94.1189 0001000 292.9224  58.7929 15.06000000000012
STARLINK-70821
1 70821U 20035A   25001.00000000  .00000000  00000-0  00000-0 0  9996
2 70821  53.2000  47.9831 0001000  55.0114 237.1416 15.06000000000016
STARLINK-70822
1 70822U 22019A   25001.00000000  .00000000  00000-0  00000-0 0  9991
2 70822  53.0000 138.0042 0001000 242.9553 304.0975 15.06000000000019
STARLINK-70823
1 70823U 23060A   25001.00000000  .00000000  00000-0  00000-0 0  9999
2 70823  53.0000 103.7442 0001000  86.8045 278.9642 15.06000000000014
STARLINK-70824
1 70824U 24093A   25001.00000000  .00000000  00000-0  00000-0 0  9997
2 70824  43.0000 285.7025 0001000 151.4471 350.4927 15.06000000000016
STARLINK-70825
1 70825U 24033A   25001.00000000  .00000000  00000-0  00000-0 0  9992
2 70825  97.6000  83.1445 0001000 278.2339 256.8508 15.06000000000013
STARLINK-70826
1 70826U 20093A   25001.00000000  .00000000  00000-0  00000-0 0  9995
2 70826  97.6000  68.2271 0001000 306.2421 211.3212 15.06000000000017
STARLINK-70827
1 70827U 21062A   25001.00000000  .00000000  00000-0  00000-0 0  9993
2 70827  53.0000  89.6668 0001000 130.7475 151.3383 15.06000000000012
STARLINK-70828
1 70828U 20095A   25001.00000000  .00000000  00000-0  00000-0 0  9999
2 70828  53.0000   2.1085 0001000 322.8359 266.4647 15.06000000000012
STARLINK-70829
1 70829U 24022A   25001.00000000  .00000000  00000-0  00000-0 0  9994
2 70829  43.0000 300.9063 0001000 326.7593  57.8126 15.06000000000014
STARLINK-70830
1 70830U 19006A   25001.00000000  .00000000  00000-0  00000-0 0  9992
2 70830  97.6000  86.3533 0001000 331.3859 225.7177 15.06000000000017
STARLINK-70831
1 70831U 23096A   25001.00000000  .00000000  00000-0  00000-0 0  9997
2 70831  53.0000 170.9062 0001000 321.5920 353.6131 15.06000000000012
STARLINK-70832
1 70832U 23069A   25001.00000000  .00000000  00000-0  00000-0 0  9998
2 70832  70.0000 101.4705 0001000 271.2362 348.1577 15.06000000000019
STARLINK-70833
1 70833U 24004A   25001.00000000  .00000000  00000-0  00000-0 0  9999
2 70833  53.2000  69.3500 0001000 148.0448 186.6149 15.06000000000014
STARLINK-70834
1 70834U 20088A   25001.00000000  .00000000  00000-0  00000-0 0  9998
2 70834  97.6000  82.3823 0001000 121.7720  99.4648 15.06000000000016
STARLINK-70835
1 70835U 20043A   25001.00000000  .00000000  00000-0  00000-0 0  9990
2 70835  53.2000 210.7769 0001000  71.1901 144.3259 15.06000000000018
STARLINK-70836
1 70836U 25015A   25001.00000000  .00000000  00000-0  00000-0 0  9995
2 70836  43.0000 324.2528 0001000  40.7982 240.3519 15.06000000000017
STARLINK-70837
1 70837U 22045A   25001.00000000  .00000000  00000-0  00000-0 0  9996
2 70837  70.0000  53.2301 0001000 154.0046  26.0891 15.06000000000018
STARLINK-70838
1 70838U 21008A   25001.00000000  .00000000  00000-0  00000-0 0  9995
2 70838  97.6000 296.4395 0001000 132.8553  77.6534 15.06000000000011
STARLINK-70839
1 70839U 25077A   25001.00000000  .00000000  00000-0  00000-0 0  9996
2 70839  97.6000 210.4452 0001000 270.9092 195.2494 15.06000000000016
STARLINK-70840
1 70840U 23069A   25001.00000000  .00000000  00000-0  00000-0 0  9997
2 70840  97.6000 143.1574 0001000 342.2709  42.0986 15.06000000000018
STARLINK-70841
1 70841U 20082A   25001.00000000  .00000000  00000-0  00000-0 0  9990
2 70841  53.0000  11.0746 0001000 238.7322  12.0956 15.06000000000013
STARLINK-70842
1 70842U 25089A   25001.00000000  .00000000  00000-0  00000-0 0  9993
2 70842  70.0000 272.3412 0001000  39.3754  16.9928 15.06000000000011
STARLINK-70843
1 70843U 20014A   25001.00000000  .00000000  00000-0  00000-0 0  9997
2 70843  97.6000 342.8256 0001000 188.0871 197.6688 15.06000000000018
STARLINK-70844
1 70844U 23091A   25001.00000000  .00000000  00000-0  00000-0 0  9996
2 70844  53.0000 198.2483 0001000 203.8113  77.5112 15.06000000000013
STARLINK-70845
1 70845U 24075A   25001.00000000  .00000000  00000-0  00000-0 0  9990
2 70845  53.0000 278.6643 0001000 276.1588  15.5482 15.06000000000016
STARLINK-70846
1 70846U 25062A   25001.00000000  .00000000  00000-0  00000-0 0  9998
2 70846  43.0000 115.3236 0001000  58.9582 325.6198 15.06000000000010
STARLINK-70847
1 70847U 23033A   25001.00000000  .00000000  00000-0  00000-0 0  9995
2 70847  53.2000 159.0611 0001000 340.3341  78.6351 15.06000000000013
STARLINK-70848
1 70848U 24098A   25001.00000000  .00000000  00000-0  00000-0 0  9998
2 70848  70.0000  78.5673 0001000 191.6747 175.9276 15.06000000000018
STARLINK-70849
1 70849U 24037A   25001.00000000  .00000000  00000-0  00000-0 0  9992
2 70849  43.0000  55.1431 0001000 296.5907 309.4026 15.06000000000012
STARLINK-70850
1 70850U 19063A   25001.00000000  .00000000  00000-0  00000-0 0  9997
2 70850  97.6000 302.5388 0001000   0.1881 224.8136 15.06000000000011
STARLINK-70851
1 70851U 25038A   25001.00000000  .00000000  00000-0  00000-0 0  9997
2 70851  70.0000  37.0886 0001000 131.9046 220.6145 15.06000000000010
STARLINK-70852
1 70852U 22055A   25001.00000000  .00000000  00000-0  00000-0 0  9994
2 70852  43.0000  76.2798 0001000  87.2072 148.5294 15.06000000000013
STARLINK-70853
1 70853U 22097A   25001.00000000  .00000000  00000-0  00000-0 0  9991
2 70853  53.0000 318.6788 0001000 332.2815 357.7252 15.06000000000013
STARLINK-70854
1 70854U 21050A   25001.00000000  .00000000  00000-0  00000-0 0  9990
2 70854  43.0000  95.5905 0001000  60.8918 113.7086 15.06000000000018
STARLINK-70855
1 70855U 25099A   25001.00000000  .00000000  00000-0  00000-0 0  9998
2 70855  70.0000 345.3236 0001000  13.7402 144.0520 15.06000000000017
STARLINK-70856
1 70856U 25076A   25001.00000000  .00000000  00000-0  00000-0 0  9994
2 70856  53.0000 328.3923 0001000 206.5925  98.8185 15.06000000000018
STARLINK-70857
1 70857U 24042A   25001.00000000  .00000000  00000-0  00000-0 0  9997
2 70857  97.6000 153.0025 0001000  67.1202 299.4149 15.06000000000017
STARLINK-70858
1 70858U 23079A   25001.00000000  .00000000  00000-0  00000-0 0  9997
2 70858  70.0000 204.7281 0001000  17.7746 178.4228 15.06000000000019
STARLINK-70859
1 70859U 23066A   25001.00000000  .00000000  00000-0  00000-0 0  9994
2 70859  70.0000 240.8764 0001000 242.9377 211.6365 15.06000000000011
STARLINK-70860
1 70860U 24014A   25001.00000000  .00000000  00000-0  00000-0 0  9990
2 70860  53.2000 190.0639 0001000  10.0645 255.9201 15.06000000000015
STARLINK-70861
1 70861U 19052A   25001.00000000  .00000000  00000-0  00000-0 0  9997
2 70861  97.6000 184.9368 0001000 154.6614 175.3356 15.06000000000016
STARLINK-70862
1 70862U 24018A   25001.00000000  .00000000  00000-0  00000-0 0  9996
2 70862  43.0000 158.9355 0001000  76.8986  31.6348 15.06000000000011
STARLINK-70863
1 70863U 24100A   25001.00000000  .00000000  00000-0  00000-0 0  9999
2 70863  70.0000 328.8124 0001000 222.5497  11.3408 15.06000000000013
STARLINK-70864
1 70864U 22049A   25001.00000000  .00000000  00000-0  00000-0 0  9990
2 70864  43.0000 238.3968 0001000 127.4681 133.4831 15.06000000000019
STARLINK-70865
1 70865U 22062A   25001.00000000  .00000000  00000-0  00000-0 0  9996
2 70865  97.6000  20.8204 0001000 236.9082  67.3078 15.06000000000011
STARLINK-70866
1 70866U 23095A   25001.00000000  .00000000  00000-0  00000-0 0  9994
2 70866  70.0000  83.4307 0001000 104.0727 358.9943 15.06000000000017
STARLINK-70867
1 70867U 22003A   25001.00000000  .00000000  00000-0  00000-0 0  9993
2 70867  53.2000 150.8644 0001000 341.3334  51.5154 15.06000000000014
STARLINK-70868
1 70868U 20062A   25001.00000000  .00000000  00000-0  00000-0 0  9997
2 70868  97.6000 291.0899 0001000 112.7038  98.0276 15.06000000000019
STARLINK-70869
1 70869U 25016A   25001.00000000  .00000000  00000-0  00000-0 0  9992
2 70869  43.0000 278.9881 0001000 185.6225 191.4105 15.06000000000016
STARLINK-70870
1 70870U 22056A   25001.00000000  .00000000  00000-0  00000-0 0  9995
2 70870  70.0000 318.2576 0001000 246.6161  69.5935 15.06000000000010
STARLINK-70871
1 70871U 20084A   25001.00000000  .00000000  00000-0  00000-0 0  9995
2 70871  53.2000 158.5334 0001000 231.8622 253.5882 15.06000000000015
STARLINK-70872
1 70872U 25086A   25001.00000000  .00000000  00000-0  00000-0 0  9993
2 70872  97.6000 269.2345 0001000 283.6388 344.4037 15.06000000000016
STARLINK-70873
1 70873U 25062A   25001.00000000  .00000000  00000-0  00000-0 0  9998
2 70873  70.0000 121.4427 0001000 124.9956 140.4842 15.06000000000018
STARLINK-70874
1 70874U 25009A   25001.00000000  .00000000  00000-0  00000-0 0  9990
2 70874  53.0000  55.0307 0001000 175.8402 240.0825 15.06000000000018
STARLINK-70875
1 70875U 19030A   25001.00000000  .00000000  00000-0  00000-0 0  9998
2 70875  53.2000 208.5214 0001000 227.8352 336.1528 15.06000000000012
STARLINK-70876
1 70876U 23001A   25001.00000000  .00000000  00000-0  00000-0 0  9992
2 70876  43.0000 301.3122 0001000 263.4130 257.8477 15.06000000000012
STARLINK-70877
1 70877U 21061A   25001.00000000  .00000000  00000-0  00000-0 0  9997
2 70877  97.6000 134.5072 0001000 158.2036 231.1365 15.06000000000015
STARLINK-70878
1 70878U 19068A   25001.00000000  .00000000  00000-0  00000-0 0  9992
2 70878  97.6000  42.1560 0001000  95.9256  67.4169 15.06000000000015
STARLINK-70879
1 70879U 22074A   25001.00000000  .00000000  00000-0  00000-0 0  9994
2 70879  53.2000 148.7320 0001000  50.2283 179.5761 15.06000000000018
STARLINK-70880
1 70880U 19045A   25001.00000000  .00000000  00000-0  00000-0 0  9990
2 70880  53.0000 187.0714 0001000 186.3114  23.6987 15.06000000000014
STARLINK-70881
1 70881U 22078A   25001.00000000  .00000000  00000-0  00000-0 0  9991
2 70881  53.0000 121.5728 0001000 135.2809  82.8331 15.06000000000017
STARLINK-70882
1 70882U 22052A   25001.00000000  .00000000  00000-0  00000-0 0  9994
2 70882  97.6000 174.0022 0001000 238.7966 123.4336 15.06000000000012
STARLINK-70883
1 70883U 21031A   25001.00000000  .00000000  00000-0  00000-0 0  9991
2 70883  97.6000 156.3076 0001000  62.0774 257.2902 15.06000000000015
STARLINK-70884
1 70884U 23081A   25001.00000000  .00000000  00000-0  00000-0 0  9999
2 70884  53.0000 267.2683 0001000 151.9991 291.6768 15.06000000000019
STARLINK-70885
1 70885U 22011A   25001.00000000  .00000000  00000-0  00000-0 0  9992
2 70885  53.2000  87.8081 0001000  85.1987  70.3952 15.06000000000010
STARLINK-70886
1 70886U 25086A   25001.00000000  .00000000  00000-0  00000-0 0  9998
2 70886  97.6000 331.6526 0001000 230.4986 181.8184 15.06000000000016
STARLINK-70887
1 70887U 19055A   25001.00000000  .00000000  00000-0  00000-0 0  9998
2 70887  70.0000 311.9712 0001000   1.6202 218.0567 15.06000000000017
STARLINK-70888
1 70888U 22044A   25001.00000000  .00000000  00000-0  00000-0 0  9991
2 70888  53.2000 287.8693 0001000 174.4915  21.7541 15.06000000000011
STARLINK-70889
1 70889U 19056A   25001.00000000  .00000000  00000-0  00000-0 0  9991
2 70889  53.2000 221.7181 0001000 121.4458  64.3443 15.06000000000019
STARLINK-70890
1 70890U 25025A   25001.00000000  .00000000  00000-0  00000-0 0  9996
2 70890  97.6000 304.7616 0001000 199.5487 306.2345 15.06000000000015
STARLINK-70891
1 70891U 23064A   25001.00000000  .00000000  00000-0  00000-0 0  9998
2 70891  53.0000 330.6136 0001000 114.1782  22.1817 15.06000000000016
STARLINK-70892
1 70892U 20066A   25001.00000000  .00000000  00000-0  00000-0 0  9998
2 70892  70.0000  24.6532 0001000  74.1597 304.3672 15.06000000000019
STARLINK-70893
1 70893U 25091A   25001.00000000  .00000000  00000-0  00000-0 0  9992
2 70893  43.0000  85.8016 0001000 224.1618 130.0854 15.06000000000013
STARLINK-70894
1 70894U 25044A   25001.00000000  .00000000  00000-0  00000-0 0  9991
2 70894  53.2000 237.8786 0001000 306.6562 150.4490 15.06000000000016
STARLINK-70895
1 70895U 20096A   25001.00000000  .00000000  00000-0  00000-0 0  9994
2 70895  53.0000 283.2652 0001000 129.6350 326.9177 15.06000000000012
STARLINK-70896
1 70896U 25081A   25001.00000000  .00000000  00000-0  00000-0 0  9994
2 70896  53.2000 352.7708 0001000 180.7544 300.1428 15.06000000000015
STARLINK-70897
1 70897U 24082A   25001.00000000  .00000000  00000-0  00000-0 0  9995
2 70897  43.0000 218.0083 0001000 165.0528 218.3084 15.06000000000019
STARLINK-70898
1 70898U 24041A   25001.00000000  .00000000  00000-0  00000-0 0  9991
2 70898  97.6000 258.1230 0001000  27.0614 308.1586 15.06000000000012
STARLINK-70899
1 70899U 24076A   25001.00000000  .00000000  00000-0  00000-0 0  9990
2 70899  70.0000 252.2821 0001000  56.0491 148.7777 15.06000000000014
STARLINK-70900
1 70900U 22049A   25001.00000000  .00000000  00000-0  00000-0 0  9991
2 70900  70.0000   0.7762 0001000 331.8124 285.6378 15.06000000000012
STARLINK-70901
1 70901U 21063A   25001.00000000  .00000000  00000-0  00000-0 0  9997
2 70901  97.6000  97.1521 0001000 195.1163  34.8860 15.06000000000015
STARLINK-70902
1 70902U 24048A   25001.00000000  .00000000  00000-0  00000-0 0  9994
2 70902  53.2000 218.2716 0001000 285.2751  60.1984 15.06000000000019
STARLINK-70903
1 70903U 21056A   25001.00000000  .00000000  00000-0  00000-0 0  9991
2 70903  53.0000 106.2464 0001000 205.6958 242.8334 15.06000000000017
STARLINK-70904
1 70904U 22046A   25001.00000000  .00000000  00000-0  00000-0 0  9992
2 70904  53.2000 137.1059 0001000  30.4061   0.6837 15.06000000000010
STARLINK-70905
1 70905U 19069A   25001.00000000  .00000000  00000-0  00000-0 0  9994
2 70905  97.6000 137.3982 0001000  16.0707  12.2185 15.06000000000012
STARLINK-70906
1 70906U 21052A   25001.00000000  .00000000  00000-0  00000-0 0  9990
2 70906  53.2000 195.4689 0001000 312.7688  34.8576 15.06000000000018
STARLINK-70907
1 70907U 25078A   25001.00000000  .00000000  00000-0  00000-0 0  9993
2 70907  53.0000 290.5130 0001000   1.6985 295.5860 15.06000000000011
STARLINK-70908
1 70908U 19058A   25001.00000000  .00000000  00000-0  00000-0 0  9995
2 70908  53.0000 348.6424 0001000 144.0167 303.4514 15.06000000000012
STARLINK-70909
1 70909U 22087A   25001.00000000  .00000000  00000-0  00000-0 0  9992
2 70909  97.6000 279.4501 0001000 280.4930 222.8384 15.06000000000016
STARLINK-70910
1 70910U 24009A   25001.00000000  .00000000  00000-0  00000-0 0  9990
2 70910  53.0000  72.7537 0001000 278.8539  38.3884 15.06000000000018
STARLINK-70911
1 70911U 19045A   25001.00000000  .00000000  00000-0  00000-0 0  9995
2 70911  53.2000 299.1234 0001000  66.6725 122.3309 15.06000000000016
STARLINK-70912
1 70912U 23065A   25001.00000000  .00000000  00000-0  00000-0 0  9993
2 70912  70.0000 274.0318 0001000 207.7433 172.3561 15.06000000000018
STARLINK-70913
1 70913U 21079A   25001.00000000  .00000000  00000-0  00000-0 0  9997
2 70913  97.6000  38.1461 0001000 140.4004  74.0163 15.06000000000015
STARLINK-70914
1 70914U 22055A   25001.00000000  .00000000  00000-0  00000-0 0  9993
2 70914  70.0000  70.7646 0001000 241.6794 163.5722 15.06000000000013
STARLINK-70915
1 70915U 21044A   25001.00000000  .00000000  00000-0  00000-0 0  9991
2 70915  53.2000  73.0321 0001000 197.0157 114.1317 15.06000000000012
STARLINK-70916
1 70916U 21091A   25001.00000000  .00000000  00000-0  00000-0 0  9994
2 70916  53.0000 209.5541 0001000 193.1587 206.2439 15.06000000000013
STARLINK-70917
1 70917U 25061A   25001.00000000  .00000000  00000-0  00000-0 0  9996
2 70917  43.0000 205.3738 0001000 345.9658 165.5285 15.06000000000017
STARLINK-70918
1 70918U 25021A   25001.00000000  .00000000  00000-0  00000-0 0  9993
2 70918  70.0000  77.7194 0001000 310.3073 186.6159 15.06000000000016
STARLINK-70919
1 70919U 24055A   25001.00000000  .00000000  00000-0  00000-0 0  9990
2 70919  53.0000  13.6658 0001000  74.4009 130.9869 15.06000000000019
STARLINK-70920
1 70920U 25069A   25001.00000000  .00000000  00000-0  00000-0 0  9998
2 70920  97.6000 350.6768 0001000 143.0683 354.1593 15.06000000000016
STARLINK-70921
1 70921U 20044A   25001.00000000  .00000000  00000-0  00000-0 0  9997
2 70921  70.0000  42.2964 0001000 299.0844 212.9747 15.06000000000017
STARLINK-70922
1 70922U 19092A   25001.00000000  .00000000  00000-0  00000-0 0  9999
2 70922  53.2000 129.8584 0001000 247.3565  87.3886 15.06000000000015
STARLINK-70923
1 70923U 25045A   25001.00000000  .00000000  00000-0  00000-0 0  9995
2 70923  53.0000 189.6774 0001000 180.6093  45.4471 15.06000000000019
STARLINK-70924
1 70924U 23006A   25001.00000000  .00000000  00000-0  00000-0 0  9991
2 70924  53.0000 273.1465 0001000 112.2289 356.8896 15.06000000000014
STARLINK-70925
1 70925U 20100A   25001.00000000  .00000000  00000-0  00000-0 0  9994
2 70925  97.6000  85.3052 0001000 331.9088 214.0921 15.06000000000015
STARLINK-70926
1 70926U 23009A   25001.00000000  .00000000  00000-0  00000-0 0  9996
2 70926  70.0000 301.6742 0001000 123.3826 316.0491 15.06000000000019
STARLINK-70927
1 70927U 22006A   25001.00000000  .00000000  00000-0  00000-0 0  9993
2 70927  53.2000 296.6322 0001000 288.8685 232.7555 15.06000000000015
STARLINK-70928
1 70928U 21052A   25001.00000000  .00000000  00000-0  00000-0 0  9994
2 70928  53.2000 163.9602 0001000 127.0413 356.9321 15.06000000000016
STARLINK-70929
1 70929U 25049A   25001.00000000  .00000000  00000-0  00000-0 0  9995
2 70929  53.2000 221.4542 0001000 212.1589 181.7625 15.06000000000011
STARLINK-70930
1 70930U 25002A   25001.00000000  .00000000  00000-0  00000-0 0  9996
2 70930  97.6000 300.8141 0001000 322.9356 347.7367 15.06000000000011
STARLINK-70931
1 70931U 25028A   25001.00000000  .00000000  00000-0  00000-0 0  9995
2 70931  53.2000 201.7153 0001000  75.5368  69.4111 15.06000000000011
STARLINK-70932
1 70932U 25095A   25001.00000000  .00000000  00000-0  00000-0 0  9990
2 70932  53.0000 202.2849 0001000 320.4998 140.5775 15.06000000000016
STARLINK-70933
1 70933U 23055A   25001.00000000  .00000000  00000-0  00000-0 0  9995
2 70933  43.0000 326.3531 0001000 345.5088 147.0021 15.06000000000016
STARLINK-70934
1 70934U 24049A   25001.00000000  .00000000  00000-0  00000-0 0  9990
2 70934  43.0000  14.5068 0001000  17.3598  90.1195 15.06000000000018
STARLINK-70935
1 70935U 20068A   25001.00000000  .00000000  00000-0  00000-0 0  9998
2 70935  43.0000 355.1245 0001000 314.5862 236.2589 15.06000000000016
STARLINK-70936
1 70936U 20040A   25001.00000000  .00000000  00000-0  00000-0 0  9999
2 70936  43.0000 200.2058 0001000 290.0066  15.7821 15.06000000000012
STARLINK-70937
1 70937U 22019A   25001.00000000  .00000000  00000-0  00000-0 0  9998
2 70937  43.0000 226.6688 0001000 219.3833  65.0764 15.06000000000014
STARLINK-70938
1 70938U 20025A   25001.00000000  .00000000  00000-0  00000-0 0  9994
2 70938  70.0000  14.7797 0001000 280.9709 153.8406 15.06000000000017
STARLINK-70939
1 70939U 24091A   25001.00000000  .00000000  00000-0  00000-0 0  9992
2 70939  53.2000 139.9156 0001000 105.7325 106.0159 15.06000000000013
STARLINK-70940
1 70940U 25027A   25001.00000000  .00000000  00000-0  00000-0 0  9994
2 70940  53.2000 336.2954 0001000  25.5160 242.7607 15.06000000000015
STARLINK-70941
1 70941U 19053A   25001.00000000  .00000000  00000-0  00000-0 0  9997
2 70941  70.0000 151.5496 0001000 287.0070 348.5495 15.06000000000017
STARLINK-70942
1 70942U 22033A   25001.00000000  .00000000  00000-0  00000-0 0  9990
2 70942  43.0000 353.4983 0001000 202.3844 293.9359 15.06000000000013
STARLINK-70943
1 70943U 24088A   25001.00000000  .00000000  00000-0  00000-0 0  9993
2 70943  53.2000 136.7623 0001000 205.3696 237.4032 15.06000000000019
STARLINK-70944
1 70944U 24058A   25001.00000000  .00000000  00000-0  00000-0 0  9991
2 70944  53.2000 248.1459 0001000 285.3618 264.1021 15.06000000000012
STARLINK-70945
1 70945U 22051A   25001.00000000  .00000000  00000-0  00000-0 0  9993
2 70945  53.0000 197.1853 0001000 194.6944 347.8291 15.06000000000014
STARLINK-70946
1 70946U 25036A   25001.00000000  .00000000  00000-0  00000-0 0  9990
2 70946  97.6000 242.1485 0001000  87.0906  46.9338 15.06000000000013
STARLINK-70947
1 70947U 23056A   25001.00000000  .00000000  00000-0  00000-0 0  9991
2 70947  43.0000 297.2201 0001000  58.6486 220.7474 15.06000000000016
STARLINK-70948
1 70948U 24098A   25001.00000000  .00000000  00000-0  00000-0 0  9999
2 70948  53.2000   9.0380 0001000 279.9032 292.9997 15.06000000000013
STARLINK-70949
1 70949U 25002A   25001.00000000  .00000000  00000-0  00000-0 0  9996
2 70949  97.6000 166.1136 0001000 137.2377 326.4525 15.06000000000018
STARLINK-70950
1 70950U 24082A   25001.00000000  .00000000  00000-0  00000-0 0  9995
2 70950  53.2000 241.2472 0001000  27.2551 151.5403 15.06000000000010
STARLINK-70951
1 70951U 21081A   25001.00000000  .00000000  00000-0  00000-0 0  9992
2 70951  53.0000 219.1386 0001000 125.8382 155.5087 15.06000000000016
STARLINK-70952
1 70952U 21046A   25001.00000000  .00000000  00000-0  00000-0 0  9994
2 70952  53.2000 150.8659 0001000 206.2795 356.8532 15.06000000000016
STARLINK-70953
1 70953U 20002A   25001.00000000  .00000000  00000-0  00000-0 0  9996
2 70953  70.0000  55.1834 0001000 112.5122  22.0667 15.06000000000010
STARLINK-70954
1 70954U 23018A   25001.00000000  .00000000  00000-0  00000-0 0  9997
2 70954  43.0000 164.8053 0001000 345.5587  85.9867 15.06000000000015
STARLINK-70955
1 70955U 24063A   25001.00000000  .00000000  00000-0  00000-0 0  9999
2 70955  53.2000  93.0924 0001000   5.4648 291.1713 15.06000000000010
STARLINK-70956
1 70956U 24001A   25001.00000000  .00000000  00000-0  00000-0 0  9992
2 70956  70.0000 214.9733 0001000 290.4816  31.1338 15.06000000000018
STARLINK-70957
1 70957U 22040A   25001.00000000  .00000000  00000-0  00000-0 0  9994
2 70957  70.0000 174.0744 0001000 218.5151 190.8570 15.06000000000011
STARLINK-70958
1 70958U 21007A   25001.00000000  .00000000  00000-0  00000-0 0  9997
2 70958  97.6000  77.1102 0001000 257.2501 181.4384 15.06000000000016
STARLINK-70959
1 70959U 25053A   25001.00000000  .00000000  00000-0  00000-0 0  9993
2 70959  70.0000  78.9821 0001000 337.5523  44.0684 15.06000000000012
STARLINK-70960
1 70960U 21052A   25001.00000000  .00000000  00000-0  00000-0 0  9990
2 70960  53.0000 268.1153 0001000 142.4494  49.6473 15.06000000000013
STARLINK-70961
1 70961U 22059A   25001.00000000  .00000000  00000-0  00000-0 0  9999
2 70961  70.0000 303.2379 0001000 171.7642 185.1299 15.06000000000016
STARLINK-70962
1 70962U 21045A   25001.00000000  .00000000  00000-0  00000-0 0  9994
2 70962  53.2000 281.6059 0001000 186.7760 135.5786 15.06000000000011
STARLINK-70963
1 70963U 20027A   25001.00000000  .00000000  00000-0  00000-0 0  9994
2 70963  97.6000  48.6994 0001000 124.4500 133.0464 15.06000000000010
STARLINK-70964
1 70964U 22064A   25001.00000000  .00000000  00000-0  00000-0 0  9998
2 70964  43.0000  16.2594 0001000 167.8601  78.9786 15.06000000000010
STARLINK-70965
1 70965U 23001A   25001.00000000  .00000000  00000-0  00000-0 0  9991
2 70965  97.6000 241.8188 0001000 179.0314 196.8067 15.06000000000019
STARLINK-70966
1 70966U 19035A   25001.00000000  .00000000  00000-0  00000-0 0  9994
2 70966  70.0000 273.6182 0001000  89.1335   8.3988 15.06000000000015
STARLINK-70967
1 70967U 20065A   25001.00000000  .00000000  00000-0  00000-0 0  9990
2 70967  53.0000 331.0183 0001000 351.3542 246.0389 15.06000000000017
STARLINK-70968
1 70968U 20046A   25001.00000000  .00000000  00000-0  00000-0 0  9990
2 70968  70.0000 327.5442 0001000 187.4944 109.2384 15.06000000000014
STARLINK-70969
1 70969U 20065A   25001.00000000  .00000000  00000-0  00000-0 0  9992
2 70969  43.0000 220.5595 0001000 131.0051  69.0162 15.06000000000017
STARLINK-70970
1 70970U 21053A   25001.00000000  .00000000  00000-0  00000-0 0  9992
2 70970  70.0000 221.2058 0001000  58.7113 301.6316 15.06000000000011
STARLINK-70971
1 70971U 19024A   25001.00000000  .00000000  00000-0  00000-0 0  9998
2 70971  43.0000 324.4727 0001000 185.4111   3.2975 15.06000000000013
STARLINK-70972
1 70972U 19054A   25001.00000000  .00000000  00000-0  00000-0 0  9992
2 70972  53.2000 122.5513 0001000 118.8263 297.9439 15.06000000000012
STARLINK-70973
1 70973U 25042A   25001.00000000  .00000000  00000-0  00000-0 0  9997
2 70973  70.0000  86.2842 0001000 316.6457  68.2219 15.06000000000019
STARLINK-70974
1 70974U 19071A   25001.00000000  .00000000  00000-0  00000-0 0  9993
2 70974  53.0000 192.5845 0001000 182.5671 270.3610 15.06000000000014
STARLINK-70975
1 70975U 21041A   25001.00000000  .00000000  00000-0  00000-0 0  9994
2 70975  53.2000 234.2212 0001000  55.5997  28.7881 15.06000000000014
STARLINK-70976
1 70976U 22029A   25001.00000000  .00000000  00000-0  00000-0 0  9992
2 70976  70.0000 252.6580 0001000 189.4141 160.6994 15.06000000000013
STARLINK-70977
1 70977U 25025A   25001.00000000  .00000000  00000-0  00000-0 0  9992
2 70977  43.0000 284.3286 0001000 326.8278 250.2811 15.06000000000011
STARLINK-70978
1 70978U 23045A   25001.00000000  .00000000  00000-0  00000-0 0  9993
2 70978  70.0000  71.7417 0001000 297.7290 196.3729 15.06000000000014
STARLINK-70979
1 70979U 22004A   25001.00000000  .00000000  00000-0  00000-0 0  9998
2 70979  53.0000 207.7529 0001000 320.4445 351.1483 15.06000000000015
STARLINK-70980
1 70980U 25063A   25001.00000000  .00000000  00000-0  00000-0 0  9998
2 70980  43.0000 129.7219 0001000  89.6576 127.0082 15.06000000000019
STARLINK-70981
1 70981U 25073A   25001.00000000  .00000000  00000-0  00000-0 0  9990
2 70981  53.2000 144.5779 0001000 173.2005  21.2516 15.06000000000013
STARLINK-70982
1 70982U 23076A   25001.00000000  .00000000  00000-0  00000-0 0  9992
2 70982  70.0000 279.5093 0001000 335.9673 105.5207 15.06000000000010
STARLINK-70983
1 70983U 25095A   25001.00000000  .00000000  00000-0  00000-0 0  9996
2 70983  43.0000 248.5379 0001000 207.2865 105.8450 15.06000000000011
STARLINK-70984
1 70984U 21093A   25001.00000000  .00000000  00000-0  00000-0 0  9991
2 70984  53.0000 306.7365 0001000 116.1851  90.4506 15.06000000000019
STARLINK-70985
1 70985U 22010A   25001.00000000  .00000000  00000-0  00000-0 0  9992
2 70985  53.0000 190.6470 0001000 105.2014 139.0856 15.06000000000015
STARLINK-70986
1 70986U 24012A   25001.00000000  .00000000  00000-0  00000-0 0  9997
2 70986  97.6000  53.0868 0001000 160.8480  52.4109 15.06000000000016
STARLINK-70987
1 70987U 19040A   25001.00000000  .00000000  00000-0  00000-0 0  9993
2 70987  43.0000 203.7851 0001000  83.1963 277.2346 15.06000000000011
STARLINK-70988
1 70988U 23020A   25001.00000000  .00000000  00000-0  00000-0 0  9997
2 70988  53.2000 322.4276 0001000 264.6181 153.2844 15.06000000000019
STARLINK-70989
1 70989U 22030A   25001.00000000  .00000000  00000-0  00000-0 0  9998
2 70989  53.2000 210.8359 0001000 100.6304 293.3828 15.06000000000016
STARLINK-70990
1 70990U 23004A   25001.00000000  .00000000  00000-0  00000-0 0  9992
2 70990  43.0000   2.0014 0001000 272.1172  73.5093 15.06000000000014
STARLINK-70991
1 70991U 19017A   25001.00000000  .00000000  00000-0  00000-0 0  9992
2 70991  97.6000 279.5088 0001000  18.0815 133.9483 15.06000000000017
STARLINK-70992
1 70992U 24031A   25001.00000000  .00000000  00000-0  00000-0 0  9995
2 70992  70.0000 265.1691 0001000 255.7999 104.2949 15.06000000000015
STARLINK-70993
1 70993U 25055A   25001.00000000  .00000000  00000-0  00000-0 0  9993
2 70993  43.0000 217.1844 0001000 311.9074 205.6060 15.06000000000012
STARLINK-70994
1 70994U 23077A   25001.00000000  .00000000  00000-0  00000-0 0  9996
2 70994  53.2000 304.5335 0001000 352.9230 174.3584 15.06000000000014
STARLINK-70995
1 70995U 19003A   25001.00000000  .00000000  00000-0  00000-0 0  9991
2 70995  70.0000 126.6732 0001000 248.7935 172.2824 15.06000000000014
STARLINK-70996
1 70996U 24053A   25001.00000000  .00000000  00000-0  00000-0 0  9993
2 70996  70.0000  82.5875 0001000  47.9616 228.6232 15.06000000000017
STARLINK-70997
1 70997U 22016A   25001.00000000  .00000000  00000-0  00000-0 0  9991
2 70997  97.6000 336.8070 0001000  74.0579  24.7048 15.06000000000014
STARLINK-70998
1 70998U 20082A   25001.00000000  .00000000  00000-0  00000-0 0  9993
2 70998  70.0000 186.4915 0001000 125.6352   3.4569 15.06000000000011
STARLINK-70999
1 70999U 24066A   25001.00000000  .00000000  00000-0  00000-0 0  9990
2 70999  43.0000 159.5226 0001000 184.9611 293.7002 15.06000000000010
STARLINK-71000
1 71000U 21037A   25001.00000000  .00000000  00000-0  00000-0 0  9999
2 71000  43.0000 260.6676 0001000  60.1424   7.0820 15.06000000000018
STARLINK-71001
1 71001U 23061A   25001.00000000  .00000000  00000-0  00000-0 0  9999
2 71001  43.0000 340.3419 0001000 169.9556 190.2507 15.06000000000011
STARLINK-71002
1 71002U 19100A   25001.00000000  .00000000  00000-0  00000-0 0  9999
2 71002  53.2000 139.2922 0001000 163.1893 215.0641 15.06000000000014
STARLINK-71003
1 71003U 19034A   25001.00000000  .00000000  00000-0  00000-0 0  9996
2 71003  53.2000  16.5888 0001000  22.8533 251.7429 15.06000000000016
STARLINK-71004
1 71004U 21090A   25001.00000000  .00000000  00000-0  00000-0 0  9992
2 71004  70.0000 309.6239 0001000 200.7531 316.2609 15.06000000000012
STARLINK-71005
1 71005U 22073A   25001.00000000  .00000000  00000-0  00000-0 0  9995
2 71005  97.6000 275.9079 0001000 226.6439  54.5024 15.06000000000012
STARLINK-71006
1 71006U 19056A   25001.00000000  .00000000  00000-0  00000-0 0  9993
2 71006  70.0000 282.7505 0001000  82.9219 233.7210 15.06000000000015
STARLINK-71007
1 71007U 20006A   25001.00000000  .00000000  00000-0  00000-0 0  9991
2 71007  97.6000 349.2269 0001000 165.5543 355.1043 15.06000000000018
STARLINK-71008
1 71008U 19062A   25001.00000000  .00000000  00000-0  00000-0 0  9992
2 71008  53.0000  98.2908 0001000 261.6933 142.7396 15.06000000000018
STARLINK-71009
1 71009U 25087A   25001.00000000  .00000000  00000-0  00000-0 0  9997
2 71009  43.0000 203.2562 0001000 146.7387  81.4146 15.06000000000010
STARLINK-71010
1 71010U 23001A   25001.00000000  .00000000  00000-0  00000-0 0  9993
2 71010  53.2000 268.2581 0001000  40.5164 170.3213 15.06000000000014
STARLINK-71011
1 71011U 22060A   25001.00000000  .00000000  00000-0  00000-0 0  9998
2 71011  97.6000 266.6815 0001000 187.4446   5.6292 15.06000000000010
STARLINK-71012
1 71012U 25097A   25001.00000000  .00000000  00000-0  00000-0 0  9992
2 71012  43.0000 303.4739 0001000 224.7255 334.1768 15.06000000000012
STARLINK-71013
1 71013U 19071A   25001.00000000  .00000000  00000-0  00000-0 0  9998
2 71013  53.2000  38.7881 0001000 120.9523 303.7038 15.06000000000019
STARLINK-71014
1 71014U 23032A   25001.00000000  .00000000  00000-0  00000-0 0  9991
2 71014  53.2000 180.6461 0001000 324.6889 341.3485 15.06000000000013
STARLINK-71015
1 71015U 22071A   25001.00000000  .00000000  00000-0  00000-0 0  9994
2 71015  43.0000  75.6787 0001000 322.4141  31.3199 15.06000000000010
STARLINK-71016
1 71016U 21004A   25001.00000000  .00000000  00000-0  00000-0 0  9990
2 71016  43.0000 203.6607 0001000 225.3005 119.9806 15.06000000000013
STARLINK-71017
1 71017U 23089A   25001.00000000  .00000000  00000-0  00000-0 0  9996
2 71017  53.0000   5.1367 0001000 152.3430 273.2276 15.06000000000019
STARLINK-71018
1 71018U 22060A   25001.00000000  .00000000  00000-0  00000-0 0  9995
2 71018  70.0000  92.5503 0001000 183.2285 256.6439 15.06000000000018
STARLINK-71019
1 71019U 23033A   25001.00000000  .00000000  00000-0  00000-0 0  9997
2 71019  53.0000 279.6894 0001000  46.1889 153.2959 15.06000000000017
STARLINK-71020
1 71020U 20046A   25001.00000000  .00000000  00000-0  00000-0 0  9990
2 71020  43.0000   4.2051 0001000 128.5494  96.5853 15.06000000000014
STARLINK-71021
1 71021U 22007A   25001.00000000  .00000000  00000-0  00000-0 0  9990
2 71021  43.0000  27.9647 0001000 125.5812  60.5712 15.06000000000014
STARLINK-71022
1 71022U 23045A   25001.00000000  .00000000  00000-0  00000-0 0  9994
2 71022  97.6000 286.0721 0001000 328.4760 214.2285 15.06000000000010
STARLINK-71023
1 71023U 22095A   25001.00000000  .00000000  00000-0  00000-0 0  9999
2 71023  53.2000 215.3024 0001000 181.7454 164.1688 15.06000000000010
STARLINK-71024
1 71024U 19062A   25001.00000000  .00000000  00000-0  00000-0 0  9990
2 71024  53.2000 346.5894 0001000 292.4728 138.4175 15.06000000000012
STARLINK-71025
1 71025U 21068A   25001.00000000  .00000000  00000-0  00000-0 0  9990
2 71025  43.0000 196.6396 0001000 265.3226  58.1619 15.06000000000014
STARLINK-71026
1 71026U 25095A   25001.00000000  .00000000  00000-0  00000-0 0  9995
2 71026  70.0000 181.2136 0001000 244.8913 181.0863 15.06000000000019
STARLINK-71027
1 71027U 24010A   25001.00000000  .00000000  00000-0  00000-0 0  9992
2 71027  70.0000  67.4775 0001000 341.1317  99.0074 15.06000000000015
STARLINK-71028
1 71028U 22039A   25001.00000000  .00000000  00000-0  00000-0 0  9992
2 71028  70.0000 122.4849 0001000 189.8907 114.5950 15.06000000000018
STARLINK-71029
1 71029U 24055A   25001.00000000  .00000000  00000-0  00000-0 0  9993
2 71029  97.6000 236.1199 0001000  16.6791 104.2828 15.06000000000013
STARLINK-71030
1 71030U 19095A   25001.00000000  .00000000  00000-0  00000-0 0  9993
2 71030  97.6000   0.9363 0001000 187.9535 263.6016 15.06000000000012
STARLINK-71031
1 71031U 23015A   25001.00000000  .00000000  00000-0  00000-0 0  9991
2 71031  97.6000  35.9956 0001000 326.1623 140.6629 15.06000000000018
STARLINK-71032
1 71032U 25074A   25001.00000000  .00000000  00000-0  00000-0 0  9999
2 71032  97.6000 106.4235 0001000  69.0500 178.1791 15.06000000000016
STARLINK-71033
1 71033U 20030A   25001.00000000  .00000000  00000-0  00000-0 0  9997
2 71033  70.0000 319.2228 0001000 143.1226 258.6898 15.06000000000019
STARLINK-71034
1 71034U 19061A   25001.00000000  .00000000  00000-0  00000-0 0  9990
2 71034  70.0000 169.2791 0001000 336.8006 123.8388 15.06000000000012
STARLINK-71035
1 71035U 25086A   25001.00000000  .00000000  00000-0  00000-0 0  9995
2 71035  43.0000 119.0839 0001000 200.2457 354.8984 15.06000000000011
STARLINK-71036
1 71036U 21064A   25001.00000000  .00000000  00000-0  00000-0 0  9998
2 71036  43.0000  77.5468 0001000 207.2457  89.7143 15.06000000000016
STARLINK-71037
1 71037U 24021A   25001.00000000  .00000000  00000-0  00000-0 0  9995
2 71037  53.0000 321.0407 0001000 353.1404 322.9060 15.06000000000011
STARLINK-71038
1 71038U 21003A   25001.00000000  .00000000  00000-0  00000-0 0  9993
2 71038  53.0000 298.3889 0001000 200.5317  10.9454 15.06000000000011
STARLINK-71039
1 71039U 22054A   25001.00000000  .00000000  00000-0  00000-0 0  9991
2 71039  53.2000  44.0288 0001000  73.4150 212.9540 15.06000000000015
STARLINK-71040
1 71040U 20026A   25001.00000000  .00000000  00000-0  00000-0 0  9990
2 71040  53.0000 261.4401 0001000 341.4672   2.1080 15.06000000000012
STARLINK-71041
1 71041U 19071A   25001.00000000  .00000000  00000-0  00000-0 0  9999
2 71041  53.2000 128.8219 0001000 161.3933 153.1250 15.06000000000013
STARLINK-71042
1 71042U 20049A   25001.00000000  .00000000  00000-0  00000-0 0  9997
2 71042  97.6000 240.4612 0001000  32.3481 151.7599 15.06000000000019
STARLINK-71043
1 71043U 24048A   25001.00000000  .00000000  00000-0  00000-0 0  9991
2 71043  97.6000  59.6052 0001000  14.1543 146.2623 15.06000000000012
STARLINK-71044
1 71044U 19026A   25001.00000000  .00000000  00000-0  00000-0 0  9992
2 71044  43.0000  76.0269 0001000 178.4850 258.0588 15.06000000000018
STARLINK-71045
1 71045U 19053A   25001.00000000  .00000000  00000-0  00000-0 0  9993
2 71045  70.0000 197.3079 0001000 231.1470 193.7199 15.06000000000013
STARLINK-71046
1 71046U 21086A   25001.00000000  .00000000  00000-0  00000-0 0  9993
2 71046  43.0000  84.5692 0001000 191.2423 350.4480 15.06000000000011
STARLINK-71047
1 71047U 22012A   25001.00000000  .00000000  00000-0  00000-0 0  9994
2 71047  53.0000 104.3026 0001000 218.7777 238.1933 15.06000000000017
STARLINK-71048
1 71048U 21092A   25001.00000000  .00000000  00000-0  00000-0 0  9992
2 71048  70.0000 129.3015 0001000 284.0595 137.5647 15.06000000000010
STARLINK-71049
1 71049U 19011A   25001.00000000  .00000000  00000-0  00000-0 0  9991
2 71049  53.0000 276.6810 0001000 284.0041  91.3894 15.06000000000018
STARLINK-71050
1 71050U 24062A   25001.00000000  .00000000  00000-0  00000-0 0  9995
2 71050  53.2000 182.2977 0001000  92.9365 288.7924 15.06000000000019
STARLINK-71051
1 71051U 19066A   25001.00000000  .00000000  00000-0  00000-0 0  9994
2 71051  53.0000 304.5381 0001000 152.3127  55.5908 15.06000000000015
STARLINK-71052
1 71052U 20036A   25001.00000000  .00000000  00000-0  00000-0 0  9994
2 71052  97.6000 205.9631 0001000 348.3480 289.6186 15.06000000000019
STARLINK-71053
1 71053U 21090A   25001.00000000  .00000000  00000-0  00000-0 0  9996
2 71053  43.0000 102.7667 0001000 126.1038 267.6519 15.06000000000015
STARLINK-71054
1 71054U 22070A   25001.00000000  .00000000  00000-0  00000-0 0  9996
2 71054  97.6000 350.2180 0001000  51.9809  43.4650 15.06000000000018
STARLINK-71055
1 71055U 19019A   25001.00000000  .00000000  00000-0  00000-0 0  9996
2 71055  53.0000 218.8437 0001000 328.1126 139.0299 15.06000000000011
STARLINK-71056
1 71056U 20074A   25001.00000000  .00000000  00000-0  00000-0 0  9990
2 71056  97.6000 224.0829 0001000 358.6841 182.1437 15.06000000000015
STARLINK-71057
1 71057U 20056A   25001.00000000  .00000000  00000-0  00000-0 0  9991
2 71057  97.6000 127.8557 0001000 246.0060  87.9688 15.06000000000017
STARLINK-71058
1 71058U 21046A   25001.00000000  .00000000  00000-0  00000-0 0  9992
2 71058  97.6000 229.7867 0001000 115.9933 283.0856 15.06000000000013
STARLINK-71059
1 71059U 24079A   25001.00000000  .00000000  00000-0  00000-0 0  9992
2 71059  97.6000 252.3596 0001000 289.6158 151.0199 15.06000000000017
STARLINK-71060
1 71060U 22040A   25001.00000000  .00000000  00000-0  00000-0 0  9990
2 71060  53.2000 114.8619 0001000  47.4738  35.2374 15.06000000000017
STARLINK-71061
1 71061U 24099A   25001.00000000  .00000000  00000-0  00000-0 0  9997
2 71061  43.0000 331.3507 0001000 142.3332 227.0249 15.06000000000014
STARLINK-71062
1 71062U 19094A   25001.00000000  .00000000  00000-0  00000-0 0  9997
2 71062  53.0000  63.2483 0001000 314.5565 295.4330 15.06000000000011
STARLINK-71063
1 71063U 20023A   25001.00000000  .00000000  00000-0  00000-0 0  9992
2 71063  43.0000 107.7238 0001000 273.0389 106.1353 15.06000000000019
STARLINK-71064
1 71064U 25006A   25001.00000000  .00000000  00000-0  00000-0 0  9999
2 71064  43.0000 316.9857 0001000 320.0845 152.9538 15.06000000000015
STARLINK-71065
1 71065U 25013A   25001.00000000  .00000000  00000-0  00000-0 0  9998
2 71065  70.0000 255.3453 0001000  76.9724 304.3662 15.06000000000018
STARLINK-71066
1 71066U 20072A   25001.00000000  .00000000  00000-0  00000-0 0  9999
2 71066  53.2000 198.4737 0001000  57.9219 144.3731 15.06000000000011
STARLINK-71067
1 71067U 22017A   25001.00000000  .00000000  00000-0  00000-0 0  9991
2 71067  43.0000  60.9563 0001000 188.7771   1.2581 15.06000000000019
STARLINK-71068
1 71068U 22006A   25001.00000000  .00000000  00000-0  00000-0 0  9990
2 71068  97.6000 204.8575 0001000 214.6271  99.9427 15.06000000000014
STARLINK-71069
1 71069U 21043A   25001.00000000  .00000000  00000-0  00000-0 0  9991
2 71069  43.0000 236.4160 0001000  36.7988  21.2884 15.06000000000014
STARLINK-71070
1 71070U 23019A   25001.00000000  .00000000  00000-0  00000-0 0  9998
2 71070  43.0000  56.0527 0001000 240.6781 243.6912 15.06000000000018
STARLINK-71071
1 71071U 23045A   25001.00000000  .00000000  00000-0  00000-0 0  9998
2 71071  53.0000 327.5497 0001000 273.1134 335.8655 15.06000000000013
STARLINK-71072
1 71072U 23079A   25001.00000000  .00000000  00000-0  00000-0 0  9996
2 71072  53.2000 334.5489 0001000 237.7916 125.2157 15.06000000000017
STARLINK-71073
1 71073U 19028A   25001.00000000  .00000000  00000-0  00000-0 0  9996
2 71073  97.6000  26.9024 0001000  40.3643 296.8907 15.06000000000010
STARLINK-71074
1 71074U 22086A   25001.00000000  .00000000  00000-0  00000-0 0  9995
2 71074  53.0000 143.0653 0001000 187.0150 249.6392 15.06000000000012
STARLINK-71075
1 71075U 23055A   25001.00000000  .00000000  00000-0  00000-0 0  9993
2 71075  70.0000 204.5154 0001000  99.6680   6.3628 15.06000000000017
STARLINK-71076
1 71076U 19045A   25001.00000000  .00000000  00000-0  00000-0 0  9998
2 71076  70.0000  30.6025 0001000  62.3570 167.2709 15.06000000000015
STARLINK-71077
1 71077U 19057A   25001.00000000  .00000000  00000-0  00000-0 0  9992
2 71077  53.2000 118.4455 0001000 336.7048   6.1309 15.06000000000016
STARLINK-71078
1 71078U 24047A   25001.00000000  .00000000  00000-0  00000-0 0  9998
2 71078  53.0000  11.7032 0001000 321.9787 193.7519 15.06000000000013
STARLINK-71079
1 71079U 20055A   25001.00000000  .00000000  00000-0  00000-0 0  9994
2 71079  53.2000  62.1885 0001000 321.9594  26.7913 15.06000000000011
STARLINK-71080
1 71080U 24083A   25001.00000000  .00000000  00000-0  00000-0 0  9991
2 71080  43.0000  78.6242 0001000 206.6975 174.6242 15.06000000000019
STARLINK-71081
1 71081U 19071A   25001.00000000  .00000000  00000-0  00000-0 0  9993
2 71081  97.6000 112.0452 0001000 259.1283 335.0294 15.06000000000016
STARLINK-71082
1 71082U 19041A   25001.00000000  .00000000  00000-0  00000-0 0  9991
2 71082  53.2000 324.0294 0001000  97.1244  72.9745 15.06000000000019
STARLINK-71083
1 71083U 25088A   25001.00000000  .00000000  00000-0  00000-0 0  9990
2 71083  70.0000  87.3299 0001000 259.7041 193.2118 15.06000000000013
STARLINK-71084
1 71084U 19084A   25001.00000000  .00000000  00000-0  00000-0 0  9990
2 71084  53.0000 308.5438 0001000 197.6322 319.3083 15.06000000000012
STARLINK-71085
1 71085U 24005A   25001.00000000  .00000000  00000-0  00000-0 0  9990
2 71085  70.0000  61.4525 0001000 170.1093 335.5853 15.06000000000010
STARLINK-71086
1 71086U 20053A   25001.00000000  .00000000  00000-0  00000-0 0  9990
2 71086  70.0000 103.4101 0001000   0.1924 353.6738 15.06000000000016
STARLINK-71087
1 71087U 25063A   25001.00000000  .00000000  00000-0  00000-0 0  9997
2 71087  53.2000 113.9831 0001000  32.2168 221.3397 15.06000000000014
STARLINK-71088
1 71088U 25031A   25001.00000000  .00000000  00000-0  00000-0 0  9993
2 71088  53.0000 137.9721 0001000 351.8832 197.0588 15.06000000000016
STARLINK-71089
1 71089U 25069A   25001.00000000  .00000000  00000-0  00000-0 0  9995
2 71089  53.2000  90.6431 0001000 271.3849 235.3302 15.06000000000016
STARLINK-71090
1 71090U 19020A   25001.00000000  .00000000  00000-0  00000-0 0  9997
2 71090  43.0000 326.5891 0001000 298.1697 136.9916 15.06000000000011
STARLINK-71091
1 71091U 23029A   25001.00000000  .00000000  00000-0  00000-0 0  9992
2 71091  97.6000 125.5821 0001000 210.6471 144.2835 15.06000000000018
STARLINK-71092
1 71092U 25060A   25001.00000000  .00000000  00000-0  00000-0 0  9990
2 71092  53.2000 197.2652 0001000 288.9970 285.6707 15.06000000000015
STARLINK-71093
1 71093U 20087A   25001.00000000  .00000000  00000-0  00000-0 0  9995
2 71093  43.0000 177.1431 0001000 296.1784 292.8960 15.06000000000010
STARLINK-71094
1 71094U 25032A   25001.00000000  .00000000  00000-0  00000-0 0  9991
2 71094  53.2000 267.7404 0001000 266.6176 305.7047 15.06000000000017
STARLINK-71095
1 71095U 25097A   25001.00000000  .00000000  00000-0  00000-0 0  9993
2 71095  43.0000 307.4809 0001000 232.5414  74.1268 15.06000000000015
STARLINK-71096
1 71096U 19052A   25001.00000000  .00000000  00000-0  00000-0 0  9998
2 71096  97.6000 161.2940 0001000  19.8125 107.8789 15.06000000000010
STARLINK-71097
1 71097U 24022A   25001.00000000  .00000000  00000-0  00000-0 0  9992
2 71097  43.0000 249.2303 0001000 251.9550 226.8293 15.06000000000019
STARLINK-71098
1 71098U 23100A   25001.00000000  .00000000  00000-0  00000-0 0  9999
2 71098  97.6000 259.6070 0001000 259.1358 320.1000 15.06000000000011
STARLINK-71099
1 71099U 22007A   25001.00000000  .00000000  00000-0  00000-0 0  9995
2 71099  97.6000  56.1041 0001000   3.6144 336.4714 15.06000000000017
STARLINK-71100
1 71100U 23022A   25001.00000000  .00000000  00000-0  00000-0 0  9996
2 71100  43.0000 142.5585 0001000 283.5750 238.0364 15.06000000000018
STARLINK-71101
1 71101U 20063A   25001.00000000  .00000000  00000-0  00000-0 0  9999
2 71101  53.2000 217.0849 0001000 204.7426 302.0801 15.06000000000016
STARLINK-71102
1 71102U 24024A   25001.00000000  .00000000  00000-0  00000-0 0  9991
2 71102  70.0000 235.2878 0001000 236.7547 334.9095 15.06000000000016
STARLINK-71103
1 71103U 22074A   25001.00000000  .00000000  00000-0  00000-0 0  9995
2 71103  70.0000 239.7545 0001000 341.0281 337.8733 15.06000000000013
STARLINK-71104
1 71104U 21075A   25001.00000000  .00000000  00000-0  00000-0 0  9996
2 71104  43.0000  39.1618 0001000 149.9299 192.3668 15.06000000000012
STARLINK-71105
1 71105U 23041A   25001.00000000  .00000000  00000-0  00000-0 0  9992
2 71105  43.0000  73.0098 0001000 200.8128 314.2400 15.06000000000019
STARLINK-71106
1 71106U 20092A   25001.00000000  .00000000  00000-0  00000-0 0  9996
2 71106  97.6000 354.4197 0001000  14.3228  85.2212 15.06000000000016
STARLINK-71107
1 71107U 19071A   25001.00000000  .00000000  00000-0  00000-0 0  9992
2 71107  43.0000 125.1585 0001000 292.6469 331.5172 15.06000000000016
STARLINK-71108
1 71108U 24046A   25001.00000000  .00000000  00000-0  00000-0 0  9991
2 71108  97.6000  60.3550 0001000 336.3291 114.8415 15.06000000000015
STARLINK-71109
1 71109U 21008A   25001.00000000  .00000000  00000-0  00000-0 0  9997
2 71109  97.6000 180.2106 0001000 206.2673 145.2216 15.06000000000011
STARLINK-71110
1 71110U 20065A   25001.00000000  .00000000  00000-0  00000-0 0  9991
2 71110  43.0000 223.6868 0001000  83.0074 215.6421 15.06000000000011
STARLINK-71111
1 71111U 25061A   25001.00000000  .00000000  00000-0  00000-0 0  9993
2 71111  43.0000  29.0663 0001000 146.0204 143.7484 15.06000000000018
STARLINK-71112
1 71112U 22069A   25001.00000000  .00000000  00000-0  00000-0 0  9999
2 71112  70.0000 303.6835 0001000  80.9662 105.7640 15.06000000000017
STARLINK-71113
1 71113U 22035A   25001.00000000  .00000000  00000-0  00000-0 0  9993
2 71113  53.2000 221.4277 0001000 341.8472  49.6719 15.06000000000019
STARLINK-71114
1 71114U 19063A   25001.00000000  .00000000  00000-0  00000-0 0  9991
2 71114  53.0000 278.9180 0001000 215.5768 353.2359 15.06000000000017
STARLINK-71115
1 71115U 23081A   25001.00000000  .00000000  00000-0  00000-0 0  9997
2 71115  97.6000 331.1666 0001000  62.0579 222.4457 15.06000000000014
STARLINK-71116
1 71116U 19094A   25001.00000000  .00000000  00000-0  00000-0 0  9997
2 71116  43.0000  16.2266 0001000 117.6061 233.6055 15.06000000000018
STARLINK-71117
1 71117U 24012A   25001.00000000  .00000000  00000-0  00000-0 0  9994
2 71117  43.0000 215.6757 0001000 283.7607 199.7487 15.06000000000011
STARLINK-71118
1 71118U 23022A   25001.00000000  .00000000  00000-0  00000-0 0  9995
2 71118  43.0000 177.4709 0001000 184.9330  16.1323 15.06000000000010
STARLINK-71119
1 71119U 24070A   25001.00000000  .00000000  00000-0  00000-0 0  9990
2 71119  70.0000 346.3127 0001000 126.3569  54.6913 15.06000000000018
STARLINK-71120
1 71120U 24016A   25001.00000000  .00000000  00000-0  00000-0 0  9992
2 71120  97.6000 143.1493 0001000  45.7519   3.9404 15.06000000000015
STARLINK-71121
1 71121U 22070A   25001.00000000  .00000000  00000-0  00000-0 0  9991
2 71121  53.0000 178.8568 0001000 131.2867 103.5846 15.06000000000014
STARLINK-71122
1 71122U 25090A   25001.00000000  .00000000  00000-0  00000-0 0  9997
2 71122  70.0000  72.1758 0001000 193.6308 112.8774 15.06000000000016
STARLINK-71123
1 71123U 25011A   25001.00000000  .00000000  00000-0  00000-0 0  9991
2 71123  43.0000 207.0544 0001000 248.3872 254.0336 15.06000000000016
STARLINK-71124
1 71124U 23012A   25001.00000000  .00000000  00000-0  00000-0 0  9991
2 71124  53.0000 203.2505 0001000  80.0495 206.1634 15.06000000000014
STARLINK-71125
1 71125U 20084A   25001.00000000  .00000000  00000-0  00000-0 0  9998
2 71125  97.6000 131.2919 0001000 205.6747  54.2749 15.06000000000012
STARLINK-71126
1 71126U 24034A   25001.00000000  .00000000  00000-0  00000-0 0  9998
2 71126  70.0000 105.0075 0001000 192.6706 169.6886 15.06000000000013
STARLINK-71127
1 71127U 20046A   25001.00000000  .00000000  00000-0  00000-0 0  9998
2 71127  53.0000 291.9041 0001000 247.4134  40.9021 15.06000000000019
STARLINK-71128
1 71128U 19007A   25001.00000000  .00000000  00000-0  00000-0 0  9994
2 71128  53.0000 334.9033 0001000 276.0092 299.5375 15.06000000000014
STARLINK-71129
1 71129U 24007A   25001.00000000  .00000000  00000-0  00000-0 0  9991
2 71129  53.0000  31.6142 0001000 284.2987 168.6427 15.06000000000015
STARLINK-71130
1 71130U 25067A   25001.00000000  .00000000  00000-0  00000-0 0  9990
2 71130  43.0000  73.9943 0001000 142.6022 208.6072 15.06000000000012
STARLINK-71131
1 71131U 19042A   25001.00000000  .00000000  00000-0  00000-0 0  9997
2 71131  43.0000 245.9151 0001000 180.7590  52.9977 15.06000000000012
STARLINK-71132
1 71132U 22086A   25001.00000000  .00000000  00000-0  00000-0 0  9990
2 71132  97.6000  81.2043 0001000  76.7130 107.6762 15.06000000000013
STARLINK-71133
1 71133U 20012A   25001.00000000  .00000000  00000-0  00000-0 0  9998
2 71133  53.2000 141.6749 0001000   4.3548  35.1556 15.06000000000012
STARLINK-71134
1 71134U 23087A   25001.00000000  .00000000  00000-0  00000-0 0  9994
2 71134  43.0000 167.7379 0001000 271.9564 352.4820 15.06000000000017
STARLINK-71135
1 71135U 22069A   25001.00000000  .00000000  00000-0  00000-0 0  9994
2 71135  97.6000 188.7750 0001000  43.3786 194.0253 15.06000000000016
STARLINK-71136
1 71136U 20093A   25001.00000000  .00000000  00000-0  00000-0 0  9990
2 71136  97.6000 146.5534 0001000 212.8249 102.1371 15.06000000000017
STARLINK-71137
1 71137U 20050A   25001.00000000  .00000000  00000-0  00000-0 0  9994
2 71137  43.0000 346.7854 0001000  10.4957 167.9585 15.06000000000016
STARLINK-71138
1 71138U 21084A   25001.00000000  .00000000  00000-0  00000-0 0  9993
2 71138  97.6000 349.0017 0001000 335.4550 190.7525 15.06000000000016
STARLINK-71139
1 71139U 25087A   25001.00000000  .00000000  00000-0  00000-0 0  9991
2 71139  53.2000 255.4513 0001000 240.3565   6.3144 15.06000000000015
STARLINK-71140
1 71140U 20089A   25001.00000000  .00000000  00000-0  00000-0 0  9990
2 71140  53.0000  71.9052 0001000 197.2795 137.8990 15.06000000000018
STARLINK-71141
1 71141U 20012A   25001.00000000  .00000000  00000-0  00000-0 0  9997
2 71141  43.0000 303.0363 0001000   6.6945  65.3217 15.06000000000019
STARLINK-71142
1 71142U 23052A   25001.00000000  .00000000  00000-0  00000-0 0  9995
2 71142  70.0000 313.0617 0001000 144.4894 172.5995 15.06000000000011
STARLINK-71143
1 71143U 19090A   25001.00000000  .00000000  00000-0  00000-0 0  9993
2 71143  53.2000 251.9945 0001000 162.5122  42.3722 15.06000000000016
STARLINK-71144
1 71144U 21041A   25001.00000000  .00000000  00000-0  00000-0 0  9993
2 71144  53.2000  47.8570 0001000 102.8426 134.8387 15.06000000000011
STARLINK-71145
1 71145U 23008A   25001.00000000  .00000000  00000-0  00000-0 0  9999
2 71145  43.0000 146.3559 0001000 200.7708 307.2612 15.06000000000019
STARLINK-71146
1 71146U 22043A   25001.00000000  .00000000  00000-0  00000-0 0  9998
2 71146  53.2000 318.2093 0001000 350.1587 148.8803 15.06000000000012
STARLINK-71147
1 71147U 19033A   25001.00000000  .00000000  00000-0  00000-0 0  9994
2 71147  97.6000  22.7593 0001000  33.6963  93.7748 15.06000000000014
STARLINK-71148
1 71148U 21003A   25001.00000000  .00000000  00000-0  00000-0 0  9995
2 71148  70.0000 122.3832 0001000 344.5909 127.2403 15.06000000000018
STARLINK-71149
1 71149U 25049A   25001.00000000  .00000000  00000-0  00000-0 0  9990
2 71149  97.6000 155.2736 0001000 153.6144  41.6642 15.06000000000016
STARLINK-71150
1 71150U 19058A   25001.00000000  .00000000  00000-0  00000-0 0  9995
2 71150  70.0000  35.6221 0001000  48.5817 257.8419 15.06000000000015
STARLINK-71151
1 71151U 19057A   25001.00000000  .00000000  00000-0  00000-0 0  9995
2 71151  43.0000 274.6542 0001000  82.4276 171.5630 15.06000000000010
STARLINK-71152
1 71152U 20066A   25001.00000000  .00000000  00000-0  00000-0 0  9998
2 71152  70.0000 299.6559 0001000 116.3803 192.4694 15.06000000000011
STARLINK-71153
1 71153U 23029A   25001.00000000  .00000000  00000-0  00000-0 0  9991
2 71153  97.6000  38.2366 0001000 143.4165 293.9125 15.06000000000018
STARLINK-71154
1 71154U 22047A   25001.00000000  .00000000  00000-0  00000-0 0  9991
2 71154  43.0000  75.6998 0001000 242.5364 305.3853 15.06000000000018
STARLINK-71155
1 71155U 20067A   25001.00000000  .00000000  00000-0  00000-0 0  9992
2 71155  97.6000 115.5106 0001000 119.4948 208.9344 15.06000000000012
STARLINK-71156
1 71156U 24082A   25001.00000000  .00000000  00000-0  00000-0 0  9994
2 71156  70.0000 137.7828 0001000 244.2891 156.8060 15.06000000000015
STARLINK-71157
1 71157U 24028A   25001.00000000  .00000000  00000-0  00000-0 0  9995
2 71157  70.0000  16.9300 0001000  14.8434 274.3176 15.06000000000017
STARLINK-71158
1 71158U 19093A   25001.00000000  .00000000  00000-0  00000-0 0  9992
2 71158  53.2000 124.2339 0001000 164.9905 112.3565 15.06000000000019
STARLINK-71159
1 71159U 19010A   25001.00000000  .00000000  00000-0  00000-0 0  9992
2 71159  53.2000 272.9427 0001000 117.4427  36.5545 15.06000000000016
STARLINK-71160
1 71160U 21091A   25001.00000000  .00000000  00000-0  00000-0 0  9996
2 71160  53.0000 221.8487 0001000 130.5487  89.9621 15.06000000000014
STARLINK-71161
1 71161U 22017A   25001.00000000  .00000000  00000-0  00000-0 0  9996
2 71161  43.0000   1.1897 0001000 201.2450 312.6064 15.06000000000011
STARLINK-71162
1 71162U 25048A   25001.00000000  .00000000  00000-0  00000-0 0  9994
2 71162  70.0000  90.8241 0001000 170.2164  83.4695 15.06000000000010
STARLINK-71163
1 71163U 22018A   25001.00000000  .00000000  00000-0  00000-0 0  9999
2 71163  53.2000 150.8031 0001000 184.8224 293.0352 15.06000000000015
STARLINK-71164
1 71164U 20026A   25001.00000000  .00000000  00000-0  00000-0 0  9997
2 71164  53.0000  92.9678 0001000  23.2131 305.0527 15.06000000000018
STARLINK-71165
1 71165U 24074A   25001.00000000  .00000000  00000-0  00000-0 0  9995
2 71165  97.6000 340.6330 0001000 313.0657 280.9034 15.06000000000018
STARLINK-71166
1 71166U 25066A   25001.00000000  .00000000  00000-0  00000-0 0  9998
2 71166  53.2000 328.7266 0001000 254.6371  50.3746 15.06000000000014
STARLINK-71167
1 71167U 20075A   25001.00000000  .00000000  00000-0  00000-0 0  9994
2 71167  53.2000  88.2300 0001000 205.1285 146.9482 15.06000000000016
STARLINK-71168
1 71168U 20023A   25001.00000000  .00000000  00000-0  00000-0 0  9998
2 71168  70.0000  96.8365 0001000 218.3827 254.4538 15.06000000000015
STARLINK-71169
1 71169U 23070A   25001.00000000  .00000000  00000-0  00000-0 0  9994
2 71169  53.2000  69.7571 0001000 135.4998 315.8437 15.06000000000015
STARLINK-71170
1 71170U 22023A   25001.00000000  .00000000  00000-0  00000-0 0  9993
2 71170  53.0000 331.6214 0001000 131.2720 314.8669 15.06000000000013
STARLINK-71171
1 71171U 19002A   25001.00000000  .00000000  00000-0  00000-0 0  9997
2 71171  97.6000  28.3408 0001000 171.4862  57.8405 15.06000000000018
STARLINK-71172
1 71172U 22026A   25001.00000000  .00000000  00000-0  00000-0 0  9998
2 71172  97.6000 105.5018 0001000 169.5262 209.3750 15.06000000000013
STARLINK-71173
1 71173U 23023A   25001.00000000  .00000000  00000-0  00000-0 0  9997
2 71173  43.0000 253.1029 0001000 200.0963 293.9709 15.06000000000013
STARLINK-71174
1 71174U 21071A   25001.00000000  .00000000  00000-0  00000-0 0  9999
2 71174  53.0000  60.3485 0001000 306.3123  45.6547 15.06000000000019
STARLINK-71175
1 71175U 20033A   25001.00000000  .00000000  00000-0  00000-0 0  9997
2 71175  97.6000 219.4369 0001000 273.2588  92.1129 15.06000000000012
STARLINK-71176
1 71176U 23074A   25001.00000000  .00000000  00000-0  00000-0 0  9996
2 71176  43.0000 114.3092 0001000 340.0763 268.8207 15.06000000000011
STARLINK-71177
1 71177U 24032A   25001.00000000  .00000000  00000-0  00000-0 0  9992
2 71177  70.0000 325.9026 0001000 215.7923  83.1802 15.06000000000014
STARLINK-71178
1 71178U 20093A   25001.00000000  .00000000  00000-0  00000-0 0  9996
2 71178  53.2000 310.4546 0001000 172.2651  71.1142 15.06000000000013
STARLINK-71179
1 71179U 22077A   25001.00000000  .00000000  00000-0  00000-0 0  9991
2 71179  43.0000  79.4072 0001000 182.9741 158.4129 15.06000000000019
STARLINK-71180
1 71180U 20035A   25001.00000000  .00000000  00000-0  00000-0 0  9995
2 71180  97.6000 249.2507 0001000 125.1578 348.8894 15.06000000000017
STARLINK-71181
1 71181U 21069A   25001.00000000  .00000000  00000-0  00000-0 0  9994
2 71181  70.0000  70.3716 0001000  61.3976 333.9744 15.06000000000010
STARLINK-71182
1 71182U 24097A   25001.00000000  .00000000  00000-0  00000-0 0  9999
2 71182  70.0000  14.0029 0001000   8.9553 328.1124 15.06000000000019
STARLINK-71183
1 71183U 25092A   25001.00000000  .00000000  00000-0  00000-0 0  9996
2 71183  53.2000 275.1750 0001000  24.3593 218.1138 15.06000000000013
STARLINK-71184
1 71184U 21071A   25001.00000000  .00000000  00000-0  00000-0 0  9990
2 71184  97.6000 126.4110 0001000 138.8749 151.5015 15.06000000000012
STARLINK-71185
1 71185U 22001A   25001.00000000  .00000000  00000-0  00000-0 0  9995
2 71185  53.2000 157.3042 0001000 313.1268 332.2320 15.06000000000019
STARLINK-71186
1 71186U 25056A   25001.00000000  .00000000  00000-0  00000-0 0  9999
2 71186  97.6000 135.3716 0001000 238.8841 314.2554 15.06000000000015
STARLINK-71187
1 71187U 22051A   25001.00000000  .00000000  00000-0  00000-0 0  9992
2 71187  43.0000 129.0872 0001000 339.0987 303.1041 15.06000000000017
STARLINK-71188
1 71188U 25004A   25001.00000000  .00000000  00000-0  00000-0 0  9994
2 71188  97.6000  11.8478 0001000 220.5773 200.1518 15.06000000000015
STARLINK-71189
1 71189U 23083A   25001.00000000  .00000000  00000-0  00000-0 0  9990
2 71189  43.0000  63.2481 0001000 294.7988 181.1666 15.06000000000019
STARLINK-71190
1 71190U 23009A   25001.00000000  .00000000  00000-0  00000-0 0  9990
2 71190  97.6000 132.3993 0001000 233.3800 125.8527 15.06000000000015
STARLINK-71191
1 71191U 23088A   25001.00000000  .00000000  00000-0  00000-0 0  9998
2 71191  97.6000 340.5652 0001000 254.5134 237.3348 15.06000000000016
STARLINK-71192
1 71192U 21025A   25001.00000000  .00000000  00000-0  00000-0 0  9998
2 71192  53.0000  98.6050 0001000  31.9183 168.7479 15.06000000000019
STARLINK-71193
1 71193U 25080A   25001.00000000  .00000000  00000-0  00000-0 0  9994
2 71193  97.6000 185.8812 0001000 159.6795 247.9262 15.06000000000016
STARLINK-71194
1 71194U 24007A   25001.00000000  .00000000  00000-0  00000-0 0  9993
2 71194  53.0000 313.8289 0001000 195.5309  28.3707 15.06000000000019
STARLINK-71195
1 71195U 22017A   25001.00000000  .00000000  00000-0  00000-0 0  9993
2 71195  97.6000 280.7109 0001000  49.5498 204.8974 15.06000000000011
STARLINK-71196
1 71196U 25021A   25001.00000000  .00000000  00000-0  00000-0 0  9992
2 71196  53.0000 219.5145 0001000 172.4727  81.9138 15.06000000000015
STARLINK-71197
1 71197U 20059A   25001.00000000  .00000000  00000-0  00000-0 0  9999
2 71197  43.0000  22.2576 0001000 123.5642 177.5792 15.06000000000013
STARLINK-71198
1 71198U 21098A   25001.00000000  .00000000  00000-0  00000-0 0  9994
2 71198  53.2000  42.3179 0001000 232.3158 176.3798 15.06000000000013
STARLINK-71199
1 71199U 23073A   25001.00000000  .00000000  00000-0  00000-0 0  9990
2 71199  53.0000 288.5872 0001000 149.0228 122.9970 15.06000000000017
STARLINK-71200
1 71200U 22088A   25001.00000000  .00000000  00000-0  00000-0 0  9998
2 71200  53.0000 356.5280 0001000  67.9169  36.4825 15.06000000000019
STARLINK-71201
1 71201U 24053A   25001.00000000  .00000000  00000-0  00000-0 0  9993
2 71201  97.6000  61.6475 0001000 309.5220 192.1209 15.06000000000013
STARLINK-71202
1 71202U 21080A   25001.00000000  .00000000  00000-0  00000-0 0  9991
2 71202  70.0000  69.9314 0001000  94.8002 139.2477 15.06000000000013
STARLINK-71203
1 71203U 21052A   25001.00000000  .00000000  00000-0  00000-0 0  9991
2 71203  53.2000 152.3769 0001000 207.9756 116.7126 15.06000000000012
STARLINK-71204
1 71204U 20028A   25001.00000000  .00000000  00000-0  00000-0 0  9994
2 71204  70.0000  22.9982 0001000  93.0360 123.2376 15.06000000000014
STARLINK-71205
1 71205U 23091A   25001.00000000  .00000000  00000-0  00000-0 0  9998
2 71205  70.0000 332.3929 0001000 241.2552 273.7395 15.06000000000016
STARLINK-71206
1 71206U 22046A   25001.00000000  .00000000  00000-0  00000-0 0  9998
2 71206  97.6000  48.6566 0001000 156.1629  50.8670 15.06000000000015
STARLINK-71207
1 71207U 25021A   25001.00000000  .00000000  00000-0  00000-0 0  9995
2 71207  70.0000 107.1408 0001000 305.6325 326.2613 15.06000000000018
STARLINK-71208
1 71208U 23097A   25001.00000000  .00000000  00000-0  00000-0 0  9997
2 71208  53.0000  42.5527 0001000 190.2954 267.2063 15.06000000000013
STARLINK-71209
1 71209U 22088A   25001.00000000  .00000000  00000-0  00000-0 0  9997
2 71209  53.2000  68.3220 0001000 135.7836 302.7876 15.06000000000012
STARLINK-71210
1 71210U 20066A   25001.00000000  .00000000  00000-0  00000-0 0  9993
2 71210  43.0000 168.0983 0001000 251.5645  96.1504 15.06000000000012
STARLINK-71211
1 71211U 19004A   25001.00000000  .00000000  00000-0  00000-0 0  9994
2 71211  53.2000 263.1663 0001000 288.9306 248.6769 15.06000000000013
STARLINK-71212
1 71212U 22010A   25001.00000000  .00000000  00000-0  00000-0 0  9996
2 71212  53.2000  12.0324 0001000 106.4742 168.9651 15.06000000000011
STARLINK-71213
1 71213U 22024A   25001.00000000  .00000000  00000-0  00000-0 0  9992
2 71213  70.0000  80.3428 0001000 217.8667  39.1964 15.06000000000011
STARLINK-71214
1 71214U 23052A   25001.00000000  .00000000  00000-0  00000-0 0  9995
2 71214  53.0000 221.0956 0001000 206.0961 247.5484 15.06000000000012
STARLINK-71215
1 71215U 20096A   25001.00000000  .00000000  00000-0  00000-0 0  9991
2 71215  70.0000 342.6227 0001000 306.5728  90.3389 15.06000000000018
STARLINK-71216
1 71216U 19065A   25001.00000000  .00000000  00000-0  00000-0 0  9996
2 71216  43.0000 260.5709 0001000  53.5679 127.4460 15.06000000000018
STARLINK-71217
1 71217U 24014A   25001.00000000  .00000000  00000-0  00000-0 0  9997
2 71217  70.0000 120.2084 0001000 140.9084 338.2101 15.06000000000012
STARLINK-71218
1 71218U 25088A   25001.00000000  .00000000  00000-0  00000-0 0  9990
2 71218  97.6000 288.1316 0001000 103.9374 269.1979 15.06000000000016
STARLINK-71219
1 71219U 19065A   25001.00000000  .00000000  00000-0  00000-0 0  9999
2 71219  70.0000 267.2998 0001000 193.4571   7.9944 15.06000000000019
STARLINK-71220
1 71220U 24094A   25001.00000000  .00000000  00000-0  00000-0 0  9999
2 71220  97.6000  78.6726 0001000  20.4237 170.6688 15.06000000000010
STARLINK-71221
1 71221U 22054A   25001.00000000  .00000000  00000-0  00000-0 0  9994
2 71221  70.0000 129.1612 0001000 321.6839 333.3415 15.06000000000012
STARLINK-71222
1 71222U 25014A   25001.00000000  .00000000  00000-0  00000-0 0  9994
2 71222  43.0000  62.2088 0001000  88.0418  28.3233 15.06000000000013
STARLINK-71223
1 71223U 20064A   25001.00000000  .00000000  00000-0  00000-0 0  9995
2 71223  70.0000  20.5494 0001000 310.8716 201.1016 15.06000000000019
STARLINK-71224
1 71224U 23001A   25001.00000000  .00000000  00000-0  00000-0 0  9990
2 71224  43.0000 146.8100 0001000 177.1991 216.7289 15.06000000000019
STARLINK-71225
1 71225U 24045A   25001.00000000  .00000000  00000-0  00000-0 0  9990
2 71225  70.0000 253.3208 0001000 182.4188 298.4665 15.06000000000015
STARLINK-71226
1 71226U 24064A   25001.00000000  .00000000  00000-0  00000-0 0  9992
2 71226  53.0000 347.3157 0001000 238.9604 247.7290 15.06000000000015
STARLINK-71227
1 71227U 22059A   25001.00000000  .00000000  00000-0  00000-0 0  9995
2 71227  70.0000 259.8919 0001000 206.8318  67.9392 15.06000000000019
STARLINK-71228
1 71228U 22038A   25001.00000000  .00000000  00000-0  00000-0 0  9993
2 71228  53.2000 328.8007 0001000 191.5465 314.4530 15.06000000000015
STARLINK-71229
1 71229U 19005A   25001.00000000  .00000000  00000-0  00000-0 0  9994
2 71229  70.0000 133.7497 0001000 154.4648 313.3740 15.06000000000011
STARLINK-71230
1 71230U 22007A   25001.00000000  .00000000  00000-0  00000-0 0  9992
2 71230  97.6000 272.2487 0001000  55.3731 207.2077 15.06000000000012
STARLINK-71231
1 71231U 25094A   25001.00000000  .00000000  00000-0  00000-0 0  9992
2 71231  43.0000 301.1899 0001000   6.6921  36.7566 15.06000000000015
STARLINK-71232
1 71232U 20076A   25001.00000000  .00000000  00000-0  00000-0 0  9998
2 71232  70.0000 329.4726 0001000 122.0251 131.6217 15.06000000000015
STARLINK-71233
1 71233U 22090A   25001.00000000  .00000000  00000-0  00000-0 0  9997
2 71233  53.2000  23.9881 0001000 291.9673 241.7534 15.06000000000016
STARLINK-71234
1 71234U 25096A   25001.00000000  .00000000  00000-0  00000-0 0  9997
2 71234  70.0000 309.5848 0001000  36.3368 169.5899 15.06000000000013
STARLINK-71235
1 71235U 24045A   25001.00000000  .00000000  00000-0  00000-0 0  9991
2 71235  53.0000 276.6884 0001000 161.2429  10.5024 15.06000000000010
STARLINK-71236
1 71236U 24009A   25001.00000000  .00000000  00000-0  00000-0 0  9992
2 71236  97.6000 150.4929 0001000  44.9743 156.8167 15.06000000000012
STARLINK-71237
1 71237U 24062A   25001.00000000  .00000000  00000-0  00000-0 0  9992
2 71237  43.0000  10.3154 0001000 234.0437 302.6986 15.06000000000014
STARLINK-71238
1 71238U 25039A   25001.00000000  .00000000  00000-0  00000-0 0  9998
2 71238  43.0000  93.9023 0001000 232.4111  42.7787 15.06000000000019
STARLINK-71239
1 71239U 20016A   25001.00000000  .00000000  00000-0  00000-0 0  9999
2 71239  43.0000 271.3760 0001000  98.0599 228.0689 15.06000000000016
STARLINK-71240
1 71240U 24016A   25001.00000000  .00000000  00000-0  00000-0 0  9995
2 71240  53.2000 111.2896 0001000  11.2834 143.7957 15.06000000000013
STARLINK-71241
1 71241U 25045A   25001.00000000  .00000000  00000-0  00000-0 0  9999
2 71241  43.0000 293.7246 0001000  58.9301 331.6890 15.06000000000017
STARLINK-71242
1 71242U 21068A   25001.00000000  .00000000  00000-0  00000-0 0  9991
2 71242  70.0000  30.1022 0001000  65.5379 258.8837 15.06000000000013
STARLINK-71243
1 71243U 25006A   25001.00000000  .00000000  00000-0  00000-0 0  9998
2 71243  97.6000 121.3324 0001000   2.9929 287.5899 15.06000000000010
STARLINK-71244
1 71244U 19039A   25001.00000000  .00000000  00000-0  00000-0 0  9998
2 71244  53.0000   6.4718 0001000 129.0865 317.7674 15.06000000000014
STARLINK-71245
1 71245U 24003A   25001.00000000  .00000000  00000-0  00000-0 0  9996
2 71245  97.6000 277.6176 0001000 263.5717 237.5299 15.06000000000011
STARLINK-71246
1 71246U 21053A   25001.00000000  .00000000  00000-0  00000-0 0  9999
2 71246  53.0000  57.2826 0001000   8.6486 299.4408 15.06000000000012
STARLINK-71247
1 71247U 23019A   25001.00000000  .00000000  00000-0  00000-0 0  9994
2 71247  53.2000 306.9286 0001000 200.2027 348.1685 15.06000000000019
STARLINK-71248
1 71248U 25001A   25001.00000000  .00000000  00000-0  00000-0 0  9998
2 71248  97.6000 163.5246 0001000  80.5415 337.6163 15.06000000000019
STARLINK-71249
1 71249U 21024A   25001.00000000  .00000000  00000-0  00000-0 0  9990
2 71249  53.2000 305.2595 0001000 176.7339  18.9401 15.06000000000017
STARLINK-71250
1 71250U 21045A   25001.00000000  .00000000  00000-0  00000-0 0  9995
2 71250  53.0000  75.0100 0001000 181.6358 227.5679 15.06000000000012
STARLINK-71251
1 71251U 23091A   25001.00000000  .00000000  00000-0  00000-0 0  9999
2 71251  97.6000 356.0831 0001000  49.9593 224.4761 15.06000000000015
STARLINK-71252
1 71252U 24080A   25001.00000000  .00000000  00000-0  00000-0 0  9999
2 71252  43.0000 158.5945 0001000 310.8202 228.4552 15.06000000000011
STARLINK-71253
1 71253U 23099A   25001.00000000  .00000000  00000-0  00000-0 0  9999
2 71253  43.0000  53.6140 0001000 261.1791  24.6351 15.06000000000018
STARLINK-71254
1 71254U 25054A   25001.00000000  .00000000  00000-0  00000-0 0  9993
2 71254  53.0000 211.4868 0001000 346.8980 205.9332 15.06000000000015
STARLINK-71255
1 71255U 24090A   25001.00000000  .00000000  00000-0  00000-0 0  9993
2 71255  97.6000 325.6254 0001000 119.8931  38.1658 15.06000000000018
STARLINK-71256
1 71256U 24052A   25001.00000000  .00000000  00000-0  00000-0 0  9992
2 71256  53.0000 311.8825 0001000 300.6115   0.9722 15.06000000000019
STARLINK-71257
1 71257U 19048A   25001.00000000  .00000000  00000-0  00000-0 0  9992
2 71257  70.0000 284.4788 0001000 152.2587 326.2266 15.06000000000013
STARLINK-71258
1 71258U 22082A   25001.00000000  .00000000  00000-0  00000-0 0  9995
2 71258  53.2000 187.3012 0001000 151.3011  58.6219 15.06000000000014
STARLINK-71259
1 71259U 23011A   25001.00000000  .00000000  00000-0  00000-0 0  9999
2 71259  97.6000 130.0274 0001000  87.1525 356.9008 15.06000000000018
STARLINK-71260
1 71260U 20080A   25001.00000000  .00000000  00000-0  00000-0 0  9994
2 71260  97.6000 164.5944 0001000 126.6712 344.6853 15.06000000000015
STARLINK-71261
1 71261U 22031A   25001.00000000  .00000000  00000-0  00000-0 0  9993
2 71261  53.0000 174.3126 0001000  19.9326 108.8289 15.06000000000011
STARLINK-71262
1 71262U 21002A   25001.00000000  .00000000  00000-0  00000-0 0  9991
2 71262  70.0000 311.4956 0001000 351.6832 132.7387 15.06000000000019
STARLINK-71263
1 71263U 22009A   25001.00000000  .00000000  00000-0  00000-0 0  9990
2 71263  43.0000 205.6909 0001000 179.3053 119.8627 15.06000000000015
STARLINK-71264
1 71264U 21002A   25001.00000000  .00000000  00000-0  00000-0 0  9993
2 71264  97.6000 163.6133 0001000  85.4497 278.8476 15.06000000000010
STARLINK-71265
1 71265U 19063A   25001.00000000  .00000000  00000-0  00000-0 0  9998
2 71265  70.0000 225.7132 0001000 321.9494  72.2088 15.06000000000015
STARLINK-71266
1 71266U 20038A   25001.00000000  .00000000  00000-0  00000-0 0  9993
2 71266  97.6000   8.6595 0001000  36.6066 116.2390 15.06000000000012
STARLINK-71267
1 71267U 21066A   25001.00000000  .00000000  00000-0  00000-0 0  9996
2 71267  53.2000  26.7254 0001000 317.4211  77.7998 15.06000000000011
STARLINK-71268
1 71268U 25033A   25001.00000000  .00000000  00000-0  00000-0 0  9995
2 71268  53.2000 227.5927 0001000 345.3218 218.1627 15.06000000000017
STARLINK-71269
1 71269U 22061A   25001.00000000  .00000000  00000-0  00000-0 0  9994
2 71269  97.6000  65.0716 0001000 277.5107  29.0506 15.06000000000019
STARLINK-71270
1 71270U 21031A   25001.00000000  .00000000  00000-0  00000-0 0  9992
2 71270  97.6000 224.5222 0001000 227.4425  66.8346 15.06000000000013
STARLINK-71271
1 71271U 22031A   25001.00000000  .00000000  00000-0  00000-0 0  9994
2 71271  53.0000  77.0893 0001000 125.8376 224.6817 15.06000000000018
STARLINK-71272
1 71272U 20023A   25001.00000000  .00000000  00000-0  00000-0 0  9994
2 71272  43.0000 224.0016 0001000  61.6993 290.6737 15.06000000000015
STARLINK-71273
1 71273U 21066A   25001.00000000  .00000000  00000-0  00000-0 0  9993
2 71273  97.6000 304.8340 0001000 111.3673 228.2343 15.06000000000016
STARLINK-71274
1 71274U 24040A   25001.00000000  .00000000  00000-0  00000-0 0  9999
2 71274  97.6000 206.8691 0001000 296.6257  17.8216 15.06000000000013
STARLINK-71275
1 71275U 21099A   25001.00000000  .00000000  00000-0  00000-0 0  9991
2 71275  43.0000 150.8405 0001000  91.9923 190.0203 15.06000000000016
STARLINK-71276
1 71276U 23028A   25001.00000000  .00000000  00000-0  00000-0 0  9996
2 71276  43.0000 236.3180 0001000 308.8092  97.3424 15.06000000000018
STARLINK-71277
1 71277U 22089A   25001.00000000  .00000000  00000-0  00000-0 0  9993
2 71277  53.0000 345.1387 0001000 276.9650  81.4855 15.06000000000015
STARLINK-71278
1 71278U 22052A   25001.00000000  .00000000  00000-0  00000-0 0  9994
2 71278  97.6000 102.6816 0001000  35.3810 212.6059 15.06000000000012
STARLINK-71279
1 71279U 21033A   25001.00000000  .00000000  00000-0  00000-0 0  9993
2 71279  53.2000 274.9656 0001000  35.1233 169.4705 15.06000000000010
STARLINK-71280
1 71280U 22075A   25001.00000000  .00000000  00000-0  00000-0 0  9992
2 71280  43.0000 351.7639 0001000 256.2722 196.3302 15.06000000000015
STARLINK-71281
1 71281U 25095A   25001.00000000  .00000000  00000-0  00000-0 0  9998
2 71281  70.0000 241.7972 0001000 111.6072 213.8930 15.06000000000018
STARLINK-71282
1 71282U 19023A   25001.00000000  .00000000  00000-0  00000-0 0  9993
2 71282  53.0000  67.9828 0001000 323.5895 122.8520 15.06000000000019
STARLINK-71283
1 71283U 25095A   25001.00000000  .00000000  00000-0  00000-0 0  9990
2 71283  53.2000 290.0033 0001000 337.7162 182.5959 15.06000000000012
STARLINK-71284
1 71284U 22007A   25001.00000000  .00000000  00000-0  00000-0 0  9991
2 71284  53.0000 161.4530 0001000  90.3629 191.8651 15.06000000000016
STARLINK-71285
1 71285U 20092A   25001.00000000  .00000000  00000-0  00000-0 0  9994
2 71285  53.2000 122.0561 0001000  68.7187 205.3529 15.06000000000019
STARLINK-71286
1 71286U 24083A   25001.00000000  .00000000  00000-0  00000-0 0  9999
2 71286  53.2000 306.8465 0001000  60.9492 175.9465 15.06000000000019
STARLINK-71287
1 71287U 25019A   25001.00000000  .00000000  00000-0  00000-0 0  9990
2 71287  43.0000 274.4196 0001000  17.0264 277.3766 15.06000000000019
STARLINK-71288
1 71288U 23057A   25001.00000000  .00000000  00000-0  00000-0 0  9991
2 71288  97.6000 162.8680 0001000 164.4887 220.6290 15.06000000000014
STARLINK-71289
1 71289U 22041A   25001.00000000  .00000000  00000-0  00000-0 0  9994
2 71289  53.2000  86.9128 0001000 229.4203 358.1290 15.06000000000017
STARLINK-71290
1 71290U 23068A   25001.00000000  .00000000  00000-0  00000-0 0  9996
2 71290  70.0000 264.0641 0001000 340.7309 140.8140 15.06000000000019
STARLINK-71291
1 71291U 23085A   25001.00000000  .00000000  00000-0  00000-0 0  9996
2 71291  53.0000 258.4743 0001000 252.4059 162.4924 15.06000000000012
STARLINK-71292
1 71292U 22049A   25001.00000000  .00000000  00000-0  00000-0 0  9996
2 71292  43.0000  24.3660 0001000  34.1743  16.3439 15.06000000000013
STARLINK-71293
1 71293U 21068A   25001.00000000  .00000000  00000-0  00000-0 0  9997
2 71293  70.0000  17.4629 0001000   1.2282 277.3299 15.06000000000018
STARLINK-71294
1 71294U 21009A   25001.00000000  .00000000  00000-0  00000-0 0  9993
2 71294  97.6000 121.7285 0001000   9.6952 222.3309 15.06000000000019
STARLINK-71295
1 71295U 20001A   25001.00000000  .00000000  00000-0  00000-0 0  9995
2 71295  53.2000 122.9765 0001000 247.5359 291.5369 15.06000000000012
STARLINK-71296
1 71296U 21056A   25001.00000000  .00000000  00000-0  00000-0 0  9997
2 71296  97.6000 354.1129 0001000 109.0145 328.0053 15.06000000000019
STARLINK-71297
1 71297U 22093A   25001.00000000  .00000000  00000-0  00000-0 0  9990
2 71297  70.0000 336.4387 0001000 131.4940 202.3709 15.06000000000018
STARLINK-71298
1 71298U 19019A   25001.00000000  .00000000  00000-0  00000-0 0  9995
2 71298  97.6000 342.9902 0001000 352.5926 215.7833 15.06000000000015
STARLINK-71299
1 71299U 21058A   25001.00000000  .00000000  00000-0  00000-0 0  9992
2 71299  53.2000 262.4005 0001000 114.8257 254.1242 15.06000000000011
STARLINK-71300
1 71300U 20024A   25001.00000000  .00000000  00000-0  00000-0 0  9997
2 71300  43.0000  98.7940 0001000 321.5943 255.5492 15.06000000000010
STARLINK-71301
1 71301U 25045A   25001.00000000  .00000000  00000-0  00000-0 0  9996
2 71301  70.0000 109.0390 0001000 167.3476   6.4044 15.06000000000019
STARLINK-71302
1 71302U 22017A   25001.00000000  .00000000  00000-0  00000-0 0  9993
2 71302  53.2000  19.9564 0001000 285.6204 234.8296 15.06000000000014
STARLINK-71303
1 71303U 19070A   25001.00000000  .00000000  00000-0  00000-0 0  9999
2 71303  70.0000 182.0031 0001000 347.5886 177.8397 15.06000000000015
STARLINK-71304
1 71304U 24082A   25001.00000000  .00000000  00000-0  00000-0 0  9999
2 71304  43.0000  97.1568 0001000  86.9254 318.9975 15.06000000000010
STARLINK-71305
1 71305U 20070A   25001.00000000  .00000000  00000-0  00000-0 0  9993
2 71305  53.2000 212.8581 0001000  63.1922  73.6060 15.06000000000014
STARLINK-71306
1 71306U 19016A   25001.00000000  .00000000  00000-0  00000-0 0  9992
2 71306  97.6000 179.1382 0001000 195.9103  20.2686 15.06000000000018
STARLINK-71307
1 71307U 20016A   25001.00000000  .00000000  00000-0  00000-0 0  9995
2 71307  43.0000 238.3820 0001000 223.5035  45.6281 15.06000000000013
STARLINK-71308
1 71308U 20082A   25001.00000000  .00000000  00000-0  00000-0 0  9999
2 71308  53.2000 235.4645 0001000 280.0210 356.1938 15.06000000000012
STARLINK-71309
1 71309U 20050A   25001.00000000  .00000000  00000-0  00000-0 0  9995
2 71309  43.0000  65.1697 0001000 325.8413  80.7991 15.06000000000017
STARLINK-71310
1 71310U 22013A   25001.00000000  .00000000  00000-0  00000-0 0  9998
2 71310  43.0000 204.4681 0001000 291.4953 246.0844 15.06000000000011
STARLINK-71311
1 71311U 19008A   25001.00000000  .00000000  00000-0  00000-0 0  9999
2 71311  97.6000 289.4589 0001000 218.4448 350.6349 15.06000000000017
STARLINK-71312
1 71312U 19075A   25001.00000000  .00000000  00000-0  00000-0 0  9994
2 71312  43.0000 303.6272 0001000 276.1678 182.1858 15.06000000000010
STARLINK-71313
1 71313U 23017A   25001.00000000  .00000000  00000-0  00000-0 0  9996
2 71313  53.2000 262.4459 0001000 345.7448  89.8493 15.06000000000019
STARLINK-71314
1 71314U 23080A   25001.00000000  .00000000  00000-0  00000-0 0  9997
2 71314  53.0000   1.3667 0001000 216.1837 166.5338 15.06000000000013
STARLINK-71315
1 71315U 19097A   25001.00000000  .00000000  00000-0  00000-0 0  9991
2 71315  70.0000 247.4302 0001000 142.4930  74.0904 15.06000000000019
STARLINK-71316
1 71316U 23042A   25001.00000000  .00000000  00000-0  00000-0 0  9997
2 71316  97.6000 210.9006 0001000 306.4052  34.1693 15.06000000000010
STARLINK-71317
1 71317U 19025A   25001.00000000  .00000000  00000-0  00000-0 0  9994
2 71317  97.6000 100.7072 0001000 126.0200 232.2524 15.06000000000015
STARLINK-71318
1 71318U 23026A   25001.00000000  .00000000  00000-0  00000-0 0  9991
2 71318  70.0000 286.0745 0001000 242.4325 289.1995 15.06000000000010
STARLINK-71319
1 71319U 24096A   25001.00000000  .00000000  00000-0  00000-0 0  9990
2 71319  53.2000 144.4611 0001000 102.4189  31.3552 15.06000000000012
STARLINK-71320
1 71320U 25096A   25001.00000000  .00000000  00000-0  00000-0 0  9993
2 71320  53.0000 261.6840 0001000  97.0584 225.9702 15.06000000000014
STARLINK-71321
1 71321U 23077A   25001.00000000  .00000000  00000-0  00000-0 0  9991
2 71321  53.2000 227.9249 0001000 300.1627  75.1103 15.06000000000011
STARLINK-71322
1 71322U 22030A   25001.00000000  .00000000  00000-0  00000-0 0  9990
2 71322  53.2000 282.1225 0001000  63.5858 264.6404 15.06000000000014
STARLINK-71323
1 71323U 20022A   25001.00000000  .00000000  00000-0  00000-0 0  9990
2 71323  97.6000 354.9191 0001000 129.7483 325.6481 15.06000000000019
STARLINK-71324
1 71324U 25077A   25001.00000000  .00000000  00000-0  00000-0 0  9996
2 71324  97.6000 135.5341 0001000 326.5341  81.7447 15.06000000000012
STARLINK-71325
1 71325U 20064A   25001.00000000  .00000000  00000-0  00000-0 0  9998
2 71325  70.0000 138.7137 0001000  76.8183  89.2409 15.06000000000016
STARLINK-71326
1 71326U 22057A   25001.00000000  .00000000  00000-0  00000-0 0  9993
2 71326  97.6000 320.9311 0001000 112.2825 101.0168 15.06000000000014
STARLINK-71327
1 71327U 23030A   25001.00000000  .00000000  00000-0  00000-0 0  9996
2 71327  70.0000 302.2108 0001000 166.4922 159.1943 15.06000000000011
STARLINK-71328
1 71328U 25099A   25001.00000000  .00000000  00000-0  00000-0 0  9994
2 71328  53.2000 128.5637 0001000 284.9680 200.9997 15.06000000000012
STARLINK-71329
1 71329U 19054A   25001.00000000  .00000000  00000-0  00000-0 0  9999
2 71329  70.0000 117.1810 0001000   9.3009 207.9370 15.06000000000013
STARLINK-71330
1 71330U 23044A   25001.00000000  .00000000  00000-0  00000-0 0  9995
2 71330  70.0000   4.5770 0001000  57.2037 304.9518 15.06000000000014
STARLINK-71331
1 71331U 25011A   25001.00000000  .00000000  00000-0  00000-0 0  9992
2 71331  70.0000 128.5448 0001000  83.6899 227.4313 15.06000000000015
STARLINK-71332
1 71332U 20033A   25001.00000000  .00000000  00000-0  00000-0 0  9992
2 71332  70.0000 270.4236 0001000 147.7782 157.6967 15.06000000000010
STARLINK-71333
1 71333U 24097A   25001.00000000  .00000000  00000-0  00000-0 0  9997
2 71333  97.6000 262.5967 0001000 226.0050 234.3459 15.06000000000017
STARLINK-71334
1 71334U 20095A   25001.00000000  .00000000  00000-0  00000-0 0  9992
2 71334  53.0000 105.7999 0001000 229.9845  74.8534 15.06000000000012
STARLINK-71335
1 71335U 20001A   25001.00000000  .00000000  00000-0  00000-0 0  9990
2 71335  70.0000   0.6757 0001000 146.5984 276.1638 15.06000000000017
STARLINK-71336
1 71336U 21031A   25001.00000000  .00000000  00000-0  00000-0 0  9995
2 71336  53.0000 177.7487 0001000 294.5968  66.6590 15.06000000000010
STARLINK-71337
1 71337U 24003A   25001.00000000  .00000000  00000-0  00000-0 0  9998
2 71337  53.2000 347.9991 0001000 146.7801 174.9951 15.06000000000012
STARLINK-71338
1 71338U 23097A   25001.00000000  .00000000  00000-0  00000-0 0  9991
2 71338  53.0000  22.2783 0001000 232.3049 297.0385 15.06000000000017
STARLINK-71339
1 71339U 25033A   25001.00000000  .00000000  00000-0  00000-0 0  9994
2 71339  53.2000 240.4668 0001000 148.3049 243.1265 15.06000000000011
STARLINK-71340
1 71340U 22014A   25001.00000000  .00000000  00000-0  00000-0 0  9992
2 71340  53.0000 346.3807 0001000 289.4644 340.6447 15.06000000000015
STARLINK-71341
1 71341U 19089A   25001.00000000  .00000000  00000-0  00000-0 0  9991
2 71341  70.0000  60.5088 0001000 205.9608  78.7256 15.06000000000011
STARLINK-71342
1 71342U 22069A   25001.00000000  .00000000  00000-0  00000-0 0  9994
2 71342  53.2000   2.9839 0001000  47.9441 123.1139 15.06000000000013
STARLINK-71343
1 71343U 21080A   25001.00000000  .00000000  00000-0  00000-0 0  9997
2 71343  53.0000 302.7932 0001000 337.5969  60.7610 15.06000000000010
STARLINK-71344
1 71344U 20052A   25001.00000000  .00000000  00000-0  00000-0 0  9996
2 71344  53.0000 269.0163 0001000 326.6810 136.9890 15.06000000000012
STARLINK-71345
1 71345U 20080A   25001.00000000  .00000000  00000-0  00000-0 0  9998
2 71345  97.6000 295.5101 0001000 122.4101 219.1325 15.06000000000015
STARLINK-71346
1 71346U 21030A   25001.00000000  .00000000  00000-0  00000-0 0  9995
2 71346  70.0000 352.0196 0001000 159.7161 247.4357 15.06000000000012
STARLINK-71347
1 71347U 22001A   25001.00000000  .00000000  00000-0  00000-0 0  9995
2 71347  53.0000 279.6871 0001000  30.3419 184.2569 15.06000000000011
STARLINK-71348
1 71348U 22033A   25001.00000000  .00000000  00000-0  00000-0 0  9991
2 71348  97.6000  82.9709 0001000 330.1380 212.8117 15.06000000000016
STARLINK-71349
1 71349U 20039A   25001.00000000  .00000000  00000-0  00000-0 0  9996
2 71349  97.6000 264.3037 0001000 217.3790 157.9583 15.06000000000014
STARLINK-71350
1 71350U 19010A   25001.00000000  .00000000  00000-0  00000-0 0  9995
2 71350  43.0000 265.1262 0001000 172.8407 345.2288 15.06000000000014
STARLINK-71351
1 71351U 21098A   25001.00000000  .00000000  00000-0  00000-0 0  9995
2 71351  43.0000 184.4160 0001000 359.6644   9.8060 15.06000000000014
STARLINK-71352
1 71352U 22047A   25001.00000000  .00000000  00000-0  00000-0 0  9991
2 71352  43.0000 227.9859 0001000 150.7974 339.5959 15.06000000000019
STARLINK-71353
1 71353U 19084A   25001.00000000  .00000000  00000-0  00000-0 0  9999
2 71353  97.6000 106.7062 0001000 132.3057 213.1396 15.06000000000015
STARLINK-71354
1 71354U 25031A   25001.00000000  .00000000  00000-0  00000-0 0  9999
2 71354  53.0000 322.4600 0001000 157.0210 148.1524 15.06000000000012
STARLINK-71355
1 71355U 20025A   25001.00000000  .00000000  00000-0  00000-0 0  9998
2 71355  53.0000  18.8946 0001000 226.4197  17.0750 15.06000000000012
STARLINK-71356
1 71356U 21019A   25001.00000000  .00000000  00000-0  00000-0 0  9993
2 71356  43.0000 253.8988 0001000 174.6402  97.7016 15.06000000000012
STARLINK-71357
1 71357U 21068A   25001.00000000  .00000000  00000-0  00000-0 0  9998
2 71357  70.0000 248.9194 0001000 205.3676 176.5498 15.06000000000012
STARLINK-71358
1 71358U 20076A   25001.00000000  .00000000  00000-0  00000-0 0  9997
2 71358  53.2000  44.9569 0001000 234.3426   4.7902 15.06000000000013
STARLINK-71359
1 71359U 19045A   25001.00000000  .00000000  00000-0  00000-0 0  9992
2 71359  97.6000  17.2774 0001000 243.5181 258.3072 15.06000000000012
STARLINK-71360
1 71360U 22058A   25001.00000000  .00000000  00000-0  00000-0 0  9992
2 71360  70.0000 311.9599 0001000 206.7421 145.4641 15.06000000000014
STARLINK-71361
1 71361U 25063A   25001.00000000  .00000000  00000-0  00000-0 0  9992
2 71361  53.0000 325.2388 0001000 270.5509 274.0272 15.06000000000015
STARLINK-71362
1 71362U 19042A   25001.00000000  .00000000  00000-0  00000-0 0  9993
2 71362  43.0000  88.5341 0001000 283.8442 100.6844 15.06000000000015
STARLINK-71363
1 71363U 23076A   25001.00000000  .00000000  00000-0  00000-0 0  9996
2 71363  43.0000 355.7727 0001000 350.5548 252.6862 15.06000000000010
STARLINK-71364
1 71364U 24029A   25001.00000000  .00000000  00000-0  00000-0 0  9996
2 71364  97.6000 115.8317 0001000 265.9424 128.2148 15.06000000000013
STARLINK-71365
1 71365U 25084A   25001.00000000  .00000000  00000-0  00000-0 0  9999
2 71365  70.0000  43.7393 0001000 152.5797 278.1942 15.06000000000013
STARLINK-71366
1 71366U 25072A   25001.00000000  .00000000  00000-0  00000-0 0  9997
2 71366  97.6000  32.9482 0001000 304.2399  25.6368 15.06000000000019
STARLINK-71367
1 71367U 21073A   25001.00000000  .00000000  00000-0  00000-0 0  9995
2 71367  70.0000 316.3890 0001000 328.0265 276.7933 15.06000000000010
STARLINK-71368
1 71368U 21048A   25001.00000000  .00000000  00000-0  00000-0 0  9998
2 71368  53.2000  77.3834 0001000 171.2905  47.3426 15.06000000000014
STARLINK-71369
1 71369U 19031A   25001.00000000  .00000000  00000-0  00000-0 0  9998
2 71369  43.0000  22.6411 0001000 326.4456 179.0334 15.06000000000012
STARLINK-71370
1 71370U 22084A   25001.00000000  .00000000  00000-0  00000-0 0  9992
2 71370  70.0000  70.6923 0001000  19.9883 277.5347 15.06000000000011
STARLINK-71371
1 71371U 24056A   25001.00000000  .00000000  00000-0  00000-0 0  9994
2 71371  53.2000   6.6277 0001000 152.9324  55.3224 15.06000000000010
STARLINK-71372
1 71372U 19061A   25001.00000000  .00000000  00000-0  00000-0 0  9995
2 71372  70.0000  65.4353 0001000 327.8293 140.7508 15.06000000000018
STARLINK-71373
1 71373U 20009A   25001.00000000  .00000000  00000-0  00000-0 0  9990
2 71373  53.2000 119.8573 0001000  66.6665  67.9406 15.06000000000018
STARLINK-71374
1 71374U 19002A   25001.00000000  .00000000  00000-0  00000-0 0  9992
2 71374  97.6000 342.2596 0001000 158.2106 330.4141 15.06000000000010
STARLINK-71375
1 71375U 25056A   25001.00000000  .00000000  00000-0  00000-0 0  9999
2 71375  53.0000 296.0635 0001000  55.4045 301.9625 15.06000000000017
STARLINK-71376
1 71376U 19023A   25001.00000000  .00000000  00000-0  00000-0 0  9997
2 71376  70.0000 178.4952 0001000 283.4647  55.8010 15.06000000000016
STARLINK-71377
1 71377U 23031A   25001.00000000  .00000000  00000-0  00000-0 0  9992
2 71377  53.0000 131.3497 0001000  60.9975 230.0061 15.06000000000015
STARLINK-71378
1 71378U 25014A   25001.00000000  .00000000  00000-0  00000-0 0  9996
2 71378  53.2000 149.8480 0001000  84.1514 358.2558 15.06000000000015
STARLINK-71379
1 71379U 21019A   25001.00000000  .00000000  00000-0  00000-0 0  9998
2 71379  70.0000 287.0763 0001000 137.2490  59.1017 15.06000000000012
STARLINK-71380
1 71380U 22028A   25001.00000000  .00000000  00000-0  00000-0 0  9991
2 71380  70.0000 214.2115 0001000 192.4674 262.8170 15.06000000000017
STARLINK-71381
1 71381U 21013A   25001.00000000  .00000000  00000-0  00000-0 0  9995
2 71381  53.0000 286.7780 0001000 307.7993 148.0814 15.06000000000016
STARLINK-71382
1 71382U 19023A   25001.00000000  .00000000  00000-0  00000-0 0  9994
2 71382  53.2000  71.1927 0001000 133.0490  59.3844 15.06000000000017
STARLINK-71383
1 71383U 24071A   25001.00000000  .00000000  00000-0  00000-0 0  9994
2 71383  53.2000  15.3987 0001000  19.0179 134.1824 15.06000000000011
STARLINK-71384
1 71384U 24078A   25001.00000000  .00000000  00000-0  00000-0 0  9992
2 71384  70.0000  39.9946 0001000 324.9257 156.2725 15.06000000000016
STARLINK-71385
1 71385U 22035A   25001.00000000  .00000000  00000-0  00000-0 0  9994
2 71385  70.0000 262.9853 0001000  13.2529  84.0899 15.06000000000012
STARLINK-71386
1 71386U 19082A   25001.00000000  .00000000  00000-0  00000-0 0  9993
2 71386  97.6000 345.4429 0001000 221.6292 139.9836 15.06000000000017
STARLINK-71387
1 71387U 24031A   25001.00000000  .00000000  00000-0  00000-0 0  9994
2 71387  70.0000 232.7039 0001000 147.0313 202.3116 15.06000000000019
STARLINK-71388
1 71388U 23040A   25001.00000000  .00000000  00000-0  00000-0 0  9994
2 71388  97.6000 205.7143 0001000 154.8202  69.6682 15.06000000000016
STARLINK-71389
1 71389U 25058A   25001.00000000  .00000000  00000-0  00000-0 0  9996
2 71389  70.0000  31.6291 0001000 269.7419  39.7549 15.06000000000018
STARLINK-71390
1 71390U 21035A   25001.00000000  .00000000  00000-0  00000-0 0  9999
2 71390  53.0000 129.7047 0001000 339.7851 333.6809 15.06000000000012
STARLINK-71391
1 71391U 22072A   25001.00000000  .00000000  00000-0  00000-0 0  9992
2 71391  53.2000 226.3203 0001000 288.5645  59.1211 15.06000000000012
STARLINK-71392
1 71392U 24053A   25001.00000000  .00000000  00000-0  00000-0 0  9994
2 71392  53.0000 212.5488 0001000 262.3029  93.0512 15.06000000000010
STARLINK-71393
1 71393U 21044A   25001.00000000  .00000000  00000-0  00000-0 0  9992
2 71393  43.0000 202.0382 0001000 215.8803 288.2872 15.06000000000017
STARLINK-71394
1 71394U 21065A   25001.00000000  .00000000  00000-0  00000-0 0  9996
2 71394  53.2000  23.5995 0001000 326.5589 269.0447 15.06000000000013
STARLINK-71395
1 71395U 22082A   25001.00000000  .00000000  00000-0  00000-0 0  9997
2 71395  70.0000  50.3138 0001000 267.7178 308.8169 15.06000000000011
STARLINK-71396
1 71396U 20073A   25001.00000000  .00000000  00000-0  00000-0 0  9996
2 71396  97.6000  43.1703 0001000  34.0613 354.6273 15.06000000000019
STARLINK-71397
1 71397U 21023A   25001.00000000  .00000000  00000-0  00000-0 0  9993
2 71397  97.6000 312.6681 0001000  23.3699   3.9252 15.06000000000015
STARLINK-71398
1 71398U 19053A   25001.00000000  .00000000  00000-0  00000-0 0  9994
2 71398  43.0000  16.9485 0001000  24.1594  89.5475 15.06000000000017
STARLINK-71399
1 71399U 21065A   25001.00000000  .00000000  00000-0  00000-0 0  9991
2 71399  97.6000  18.3874 0001000  20.1893 243.6782 15.06000000000013
STARLINK-71400
1 71400U 19057A   25001.00000000  .00000000  00000-0  00000-0 0  9992
2 71400  97.6000 235.6341 0001000  90.0291 101.8338 15.06000000000019
STARLINK-71401
1 71401U 24018A   25001.00000000  .00000000  00000-0  00000-0 0  9996
2 71401  70.0000  58.7402 0001000  75.6389 337.1290 15.06000000000015
STARLINK-71402
1 71402U 19070A   25001.00000000  .00000000  00000-0  00000-0 0  9999
2 71402  53.2000 345.3052 0001000 232.2933 156.7994 15.06000000000017
STARLINK-71403
1 71403U 25038A   25001.00000000  .00000000  00000-0  00000-0 0  9991
2 71403  43.0000 147.9657 0001000  32.0882 309.1201 15.06000000000016
STARLINK-71404
1 71404U 22073A   25001.00000000  .00000000  00000-0  00000-0 0  9998
2 71404  70.0000 275.0194 0001000 288.5669 285.3202 15.06000000000013
STARLINK-71405
1 71405U 24011A   25001.00000000  .00000000  00000-0  00000-0 0  9993
2 71405  53.2000 159.1633 0001000  28.1168 275.8837 15.06000000000017
STARLINK-71406
1 71406U 20025A   25001.00000000  .00000000  00000-0  00000-0 0  9995
2 71406  97.6000 345.4847 0001000 178.7336 183.8107 15.06000000000014
STARLINK-71407
1 71407U 23003A   25001.00000000  .00000000  00000-0  00000-0 0  9995
2 71407  43.0000 195.8120 0001000 191.6635  74.1916 15.06000000000017
STARLINK-71408
1 71408U 19032A   25001.00000000  .00000000  00000-0  00000-0 0  9993
2 71408  70.0000  42.9281 0001000 155.5927 335.8805 15.06000000000015
STARLINK-71409
1 71409U 24044A   25001.00000000  .00000000  00000-0  00000-0 0  9993
2 71409  97.6000  11.4593 0001000  87.2144   4.0889 15.06000000000017
STARLINK-71410
1 71410U 24043A   25001.00000000  .00000000  00000-0  00000-0 0  9994
2 71410  97.6000 251.0830 0001000 213.9102 218.9880 15.06000000000014
STARLINK-71411
1 71411U 23030A   25001.00000000  .00000000  00000-0  00000-0 0  9990
2 71411  43.0000  31.0008 0001000 185.3989 332.9627 15.06000000000014
STARLINK-71412
1 71412U 21082A   25001.00000000  .00000000  00000-0  00000-0 0  9996
2 71412  70.0000 259.5336 0001000 180.4492  27.0663 15.06000000000013
STARLINK-71413
1 71413U 19095A   25001.00000000  .00000000  00000-0  00000-0 0  9998
2 71413  70.0000 108.5386 0001000  59.5646 307.6808 15.06000000000017
STARLINK-71414
1 71414U 23074A   25001.00000000  .00000000  00000-0  00000-0 0  9991
2 71414  70.0000 347.1798 0001000 121.2883  88.7400 15.06000000000011
STARLINK-71415
1 71415U 20080A   25001.00000000  .00000000  00000-0  00000-0 0  9996
2 71415  53.0000 176.3018 0001000 352.1087 155.3260 15.06000000000016
STARLINK-71416
1 71416U 20019A   25001.00000000  .00000000  00000-0  00000-0 0  9999
2 71416  97.6000  17.8327 0001000 266.0578  35.4139 15.06000000000014
STARLINK-71417
1 71417U 21059A   25001.00000000  .00000000  00000-0  00000-0 0  9995
2 71417  53.0000 345.3365 0001000 302.7171 199.9505 15.06000000000012
STARLINK-71418
1 71418U 20043A   25001.00000000  .00000000  00000-0  00000-0 0  9998
2 71418  53.2000 303.4107 0001000  43.6705 282.1834 15.06000000000018
STARLINK-71419
1 71419U 24081A   25001.00000000  .00000000  00000-0  00000-0 0  9995
2 71419  53.2000 194.3357 0001000   5.2606  38.2416 15.06000000000013
STARLINK-71420
1 71420U 21023A   25001.00000000  .00000000  00000-0  00000-0 0  9990
2 71420  43.0000  59.5640 0001000   9.8661 105.7257 15.06000000000013
STARLINK-71421
1 71421U 23004A   25001.00000000  .00000000  00000-0  00000-0 0  9992
2 71421  53.0000 231.0165 0001000 304.0977 228.7447 15.06000000000011
STARLINK-71422
1 71422U 25015A   25001.00000000  .00000000  00000-0  00000-0 0  9997
2 71422  70.0000  47.1900 0001000  71.6245 318.4428 15.06000000000015
STARLINK-71423
1 71423U 20002A   25001.00000000  .00000000  00000-0  00000-0 0  9999
2 71423  97.6000 245.4695 0001000 170.6027 280.7473 15.06000000000014
STARLINK-71424
1 71424U 24099A   25001.00000000  .00000000  00000-0  00000-0 0  9990
2 71424  70.0000  34.5077 0001000 117.9319 150.5142 15.06000000000016
STARLINK-71425
1 71425U 25048A   25001.00000000  .00000000  00000-0  00000-0 0  9996
2 71425  70.0000 161.2720 0001000 126.5832 357.0995 15.06000000000016
STARLINK-71426
1 71426U 23011A   25001.00000000  .00000000  00000-0  00000-0 0  9995
2 71426  97.6000 104.8494 0001000 308.8329 307.9374 15.06000000000014
STARLINK-71427
1 71427U 20050A   25001.00000000  .00000000  00000-0  00000-0 0  9996
2 71427  70.0000 254.5837 0001000 116.8272 349.6899 15.06000000000013
STARLINK-71428
1 71428U 24022A   25001.00000000  .00000000  00000-0  00000-0 0  9990
2 71428  53.0000 152.4729 0001000 260.9319  96.5043 15.06000000000013
STARLINK-71429
1 71429U 20096A   25001.00000000  .00000000  00000-0  00000-0 0  9998
2 71429  70.0000  38.8955 0001000 182.1051   0.7534 15.06000000000011
STARLINK-71430
1 71430U 21060A   25001.00000000  .00000000  00000-0  00000-0 0  9992
2 71430  97.6000   5.5162 0001000 131.0184 315.5776 15.06000000000014
STARLINK-71431
1 71431U 21017A   25001.00000000  .00000000  00000-0  00000-0 0  9995
2 71431  53.0000 305.3748 0001000 332.0897 173.6063 15.06000000000018
STARLINK-71432
1 71432U 19003A   25001.00000000  .00000000  00000-0  00000-0 0  9998
2 71432  97.6000 155.1033 0001000 321.1006 230.9170 15.06000000000018
STARLINK-71433
1 71433U 21013A   25001.00000000  .00000000  00000-0  00000-0 0  9993
2 71433  53.0000 326.6787 0001000  59.8764 210.1115 15.06000000000011
STARLINK-71434
1 71434U 21070A   25001.00000000  .00000000  00000-0  00000-0 0  9997
2 71434  97.6000 183.1773 0001000 116.0426 112.5014 15.06000000000011
STARLINK-71435
1 71435U 19045A   25001.00000000  .00000000  00000-0  00000-0 0  9997
2 71435  43.0000 258.5929 0001000 337.1041 233.9815 15.06000000000013
STARLINK-71436
1 71436U 23046A   25001.00000000  .00000000  00000-0  00000-0 0  9994
2 71436  97.6000  69.2713 0001000 232.8403 221.7974 15.06000000000011
STARLINK-71437
1 71437U 23091A   25001.00000000  .00000000  00000-0  00000-0 0  9995
2 71437  97.6000  50.7348 0001000 230.4288 231.2145 15.06000000000012
STARLINK-71438
1 71438U 23050A   25001.00000000  .00000000  00000-0  00000-0 0  9991
2 71438  70.0000  66.7733 0001000 144.7586 166.5410 15.06000000000016
STARLINK-71439
1 71439U 19084A   25001.00000000  .00000000  00000-0  00000-0 0  9994
2 71439  53.0000  27.1489 0001000 230.0968 211.2901 15.06000000000013
STARLINK-71440
1 71440U 21068A   25001.00000000  .00000000  00000-0  00000-0 0  9991
2 71440  97.6000 132.1366 0001000  90.5981 329.7427 15.06000000000012
STARLINK-71441
1 71441U 19035A   25001.00000000  .00000000  00000-0  00000-0 0  9993
2 71441  70.0000 268.0226 0001000  27.9742 315.8359 15.06000000000011
STARLINK-71442
1 71442U 20001A   25001.00000000  .00000000  00000-0  00000-0 0  9999
2 71442  53.2000 327.9512 0001000 173.2920 302.6646 15.06000000000014
STARLINK-71443
1 71443U 21024A   25001.00000000  .00000000  00000-0  00000-0 0  9996
2 71443  97.6000 137.7467 0001000 176.8155 114.1059 15.06000000000016
STARLINK-71444
1 71444U 20097A   25001.00000000  .00000000  00000-0  00000-0 0  9996
2 71444  53.2000 215.1165 0001000  41.2229  46.5744 15.06000000000017
STARLINK-71445
1 71445U 20022A   25001.00000000  .00000000  00000-0  00000-0 0  9995
2 71445  70.0000  70.7618 0001000 118.0516 279.6999 15.06000000000016
STARLINK-71446
1 71446U 23051A   25001.00000000  .00000000  00000-0  00000-0 0  9991
2 71446  43.0000  53.4380 0001000 335.4102 348.4810 15.06000000000014
STARLINK-71447
1 71447U 19062A   25001.00000000  .00000000  00000-0  00000-0 0  9999
2 71447  53.0000 292.5428 0001000 176.1607 109.3575 15.06000000000017
STARLINK-71448
1 71448U 24090A   25001.00000000  .00000000  00000-0  00000-0 0  9997
2 71448  43.0000  97.9910 0001000  91.3566 182.2003 15.06000000000018
STARLINK-71449
1 71449U 21015A   25001.00000000  .00000000  00000-0  00000-0 0  9992
2 71449  97.6000 130.6875 0001000 328.3014 128.7635 15.06000000000016
STARLINK-71450
1 71450U 20074A   25001.00000000  .00000000  00000-0  00000-0 0  9998
2 71450  97.6000 314.5517 0001000  80.4977 115.2409 15.06000000000018
STARLINK-71451
1 71451U 19046A   25001.00000000  .00000000  00000-0  00000-0 0  9996
2 71451  97.6000 202.8827 0001000  85.3913 246.4378 15.06000000000018
STARLINK-71452
1 71452U 21084A   25001.00000000  .00000000  00000-0  00000-0 0  9992
2 71452  43.0000 358.7822 0001000 215.6104 290.3794 15.06000000000010
STARLINK-71453
1 71453U 21067A   25001.00000000  .00000000  00000-0  00000-0 0  9994
2 71453  70.0000 185.6951 0001000 202.2912 108.0702 15.06000000000014
STARLINK-71454
1 71454U 20017A   25001.00000000  .00000000  00000-0  00000-0 0  9999
2 71454  97.6000 139.4283 0001000  47.8433 130.2998 15.06000000000010
STARLINK-71455
1 71455U 24065A   25001.00000000  .00000000  00000-0  00000-0 0  9997
2 71455  53.0000 140.9802 0001000 329.9133 246.5848 15.06000000000017
STARLINK-71456
1 71456U 24048A   25001.00000000  .00000000  00000-0  00000-0 0  9999
2 71456  70.0000 180.3254 0001000 251.0114 255.6074 15.06000000000012
STARLINK-71457
1 71457U 22096A   25001.00000000  .00000000  00000-0  00000-0 0  9991
2 71457  97.6000  72.5564 0001000 276.6104 198.2466 15.06000000000013
STARLINK-71458
1 71458U 19050A   25001.00000000  .00000000  00000-0  00000-0 0  9998
2 71458  53.2000 176.6875 0001000   6.4338 172.1703 15.06000000000016
STARLINK-71459
1 71459U 19068A   25001.00000000  .00000000  00000-0  00000-0 0  9998
2 71459  97.6000  72.3977 0001000 206.9026 318.6688 15.06000000000014
STARLINK-71460
1 71460U 25060A   25001.00000000  .00000000  00000-0  00000-0 0  9999
2 71460  97.6000  67.9530 0001000 340.6428  61.5223 15.06000000000012
STARLINK-71461
1 71461U 23049A   25001.00000000  .00000000  00000-0  00000-0 0  9995
2 71461  53.0000 214.2539 0001000 242.2966 151.1438 15.06000000000013
STARLINK-71462
1 71462U 24055A   25001.00000000  .00000000  00000-0  00000-0 0  9994
2 71462  53.2000  93.7805 0001000 310.4467 344.4208 15.06000000000018
STARLINK-71463
1 71463U 25008A   25001.00000000  .00000000  00000-0  00000-0 0  9994
2 71463  53.2000  49.1955 0001000 218.7490 305.4132 15.06000000000019
STARLINK-71464
1 71464U 24033A   25001.00000000  .00000000  00000-0  00000-0 0  9992
2 71464  70.0000 185.0917 0001000  84.0241  42.4621 15.06000000000014
STARLINK-71465
1 71465U 20073A   25001.00000000  .00000000  00000-0  00000-0 0  9993
2 71465  53.2000  71.2144 0001000   4.9646   0.1832 15.06000000000011
STARLINK-71466
1 71466U 22095A   25001.00000000  .00000000  00000-0  00000-0 0  9990
2 71466  43.0000 229.8328 0001000 305.8964 259.3421 15.06000000000012
STARLINK-71467
1 71467U 19028A   25001.00000000  .00000000  00000-0  00000-0 0  9993
2 71467  43.0000 195.3614 0001000 276.0963 248.8211 15.06000000000016
STARLINK-71468
1 71468U 21019A   25001.00000000  .00000000  00000-0  00000-0 0  9997
2 71468  43.0000  30.5314 0001000 306.5887 164.9595 15.06000000000011
STARLINK-71469
1 71469U 22033A   25001.00000000  .00000000  00000-0  00000-0 0  9995
2 71469  53.0000 255.4483 0001000 233.6347 195.3390 15.06000000000010
STARLINK-71470
1 71470U 19018A   25001.00000000  .00000000  00000-0  00000-0 0  9996
2 71470  53.2000 231.6069 0001000 228.8625 344.9622 15.06000000000015
STARLINK-71471
1 71471U 25055A   25001.00000000  .00000000  00000-0  00000-0 0  9995
2 71471  70.0000  14.7674 0001000  60.7034 296.8103 15.06000000000011
STARLINK-71472
1 71472U 22064A   25001.00000000  .00000000  00000-0  00000-0 0  9993
2 71472  53.2000 118.4278 0001000  82.4352 210.6644 15.06000000000015
STARLINK-71473
1 71473U 20002A   25001.00000000  .00000000  00000-0  00000-0 0  9994
2 71473  53.0000 107.2755 0001000 135.3797  10.0558 15.06000000000017
STARLINK-71474
1 71474U 25007A   25001.00000000  .00000000  00000-0  00000-0 0  9995
2 71474  43.0000 310.7532 0001000 104.1639 280.9890 15.06000000000017
STARLINK-71475
1 71475U 21056A   25001.00000000  .00000000  00000-0  00000-0 0  9996
2 71475  70.0000 253.4828 0001000 227.7211 201.1891 15.06000000000013
STARLINK-71476
1 71476U 24078A   25001.00000000  .00000000  00000-0  00000-0 0  9994
2 71476  97.6000 269.4745 0001000 172.8397 231.2868 15.06000000000017
STARLINK-71477
1 71477U 25016A   25001.00000000  .00000000  00000-0  00000-0 0  9998
2 71477  53.0000 304.8195 0001000 245.7413   5.3345 15.06000000000016
STARLINK-71478
1 71478U 23078A   25001.00000000  .00000000  00000-0  00000-0 0  9995
2 71478  97.6000   6.7097 0001000 253.4147 303.1431 15.06000000000015
STARLINK-71479
1 71479U 19095A   25001.00000000  .00000000  00000-0  00000-0 0  9990
2 71479  70.0000 141.8127 0001000 239.1943 248.1508 15.06000000000014
STARLINK-71480
1 71480U 19040A   25001.00000000  .00000000  00000-0  00000-0 0  9992
2 71480  97.6000 298.2996 0001000 349.9507  95.8211 15.06000000000016
STARLINK-71481
1 71481U 19079A   25001.00000000  .00000000  00000-0  00000-0 0  9995
2 71481  53.2000 143.3735 0001000 281.3471 111.2132 15.06000000000010
STARLINK-71482
1 71482U 20037A   25001.00000000  .00000000  00000-0  00000-0 0  9992
2 71482  97.6000 185.5594 0001000 342.3950 232.1486 15.06000000000019
STARLINK-71483
1 71483U 25064A   25001.00000000  .00000000  00000-0  00000-0 0  9998
2 71483  43.0000 157.8644 0001000 338.2208 204.0914 15.06000000000017
STARLINK-71484
1 71484U 22046A   25001.00000000  .00000000  00000-0  00000-0 0  9996
2 71484  97.6000 332.6587 0001000 318.5617 221.3229 15.06000000000018
STARLINK-71485
1 71485U 23096A   25001.00000000  .00000000  00000-0  00000-0 0  9993
2 71485  53.2000 232.9265 0001000 347.0477  55.7607 15.06000000000012
STARLINK-71486
1 71486U 25074A   25001.00000000  .00000000  00000-0  00000-0 0  9992
2 71486  53.0000 146.4344 0001000 198.6250 325.3194 15.06000000000014
STARLINK-71487
1 71487U 19077A   25001.00000000  .00000000  00000-0  00000-0 0  9999
2 71487  97.6000  85.6964 0001000 167.1006 170.7502 15.06000000000016
STARLINK-71488
1 71488U 23046A   25001.00000000  .00000000  00000-0  00000-0 0  9991
2 71488  97.6000 353.6370 0001000 304.7200 274.1255 15.06000000000015
STARLINK-71489
1 71489U 20035A   25001.00000000  .00000000  00000-0  00000-0 0  9997
2 71489  53.0000 166.5631 0001000 230.1687  60.9246 15.06000000000015
STARLINK-71490
1 71490U 22041A   25001.00000000  .00000000  00000-0  00000-0 0  9998
2 71490  43.0000 342.5247 0001000 286.8230 314.6159 15.06000000000019
STARLINK-71491
1 71491U 20028A   25001.00000000  .00000000  00000-0  00000-0 0  9992
2 71491  43.0000  28.1537 0001000 348.6925  86.6111 15.06000000000011
STARLINK-71492
1 71492U 22018A   25001.00000000  .00000000  00000-0  00000-0 0  9994
2 71492  43.0000 206.4212 0001000  90.0940 162.6746 15.06000000000017
STARLINK-71493
1 71493U 19022A   25001.00000000  .00000000  00000-0  00000-0 0  9996
2 71493  97.6000 352.7405 0001000 338.5429  86.5843 15.06000000000016
STARLINK-71494
1 71494U 23042A   25001.00000000  .00000000  00000-0  00000-0 0  9994
2 71494  70.0000 255.0829 0001000 242.9789 235.1263 15.06000000000012
STARLINK-71495
1 71495U 22054A   25001.00000000  .00000000  00000-0  00000-0 0  9997
2 71495  43.0000 275.9264 0001000 192.1780 304.0913 15.06000000000012
STARLINK-71496
1 71496U 23044A   25001.00000000  .00000000  00000-0  00000-0 0  9998
2 71496  70.0000 235.3775 0001000 277.6937  12.8050 15.06000000000019
STARLINK-71497
1 71497U 21069A   25001.00000000  .00000000  00000-0  00000-0 0  9994
2 71497  70.0000 199.1539 0001000  55.7545  64.1277 15.06000000000016
STARLINK-71498
1 71498U 20070A   25001.00000000  .00000000  00000-0  00000-0 0  9996
2 71498  53.2000 224.5955 0001000 183.3012 272.0904 15.06000000000019
STARLINK-71499
1 71499U 19099A   25001.00000000  .00000000  00000-0  00000-0 0  9996
2 71499  53.2000 304.6296 0001000 311.5249 214.6689 15.06000000000017
STARLINK-71500
1 71500U 25001A   25001.00000000  .00000000  00000-0  00000-0 0  9999
2 71500  53.0000 311.9911 0001000  78.2485 146.5135 15.06000000000011
STARLINK-71501
1 71501U 25038A   25001.00000000  .00000000  00000-0  00000-0 0  9990
2 71501  53.0000  66.8376 0001000 266.5152  81.5345 15.06000000000017
STARLINK-71502
1 71502U 19055A   25001.00000000  .00000000  00000-0  00000-0 0  9993
2 71502  53.2000  18.2780 0001000 351.0824 264.5788 15.06000000000010
STARLINK-71503
1 71503U 22020A   25001.00000000  .00000000  00000-0  00000-0 0  9990
2 71503  53.0000 160.0780 0001000  39.9235  25.5657 15.06000000000013
STARLINK-71504
1 71504U 20061A   25001.00000000  .00000000  00000-0  00000-0 0  9994
2 71504  53.0000 216.4792 0001000 124.3891  62.7225 15.06000000000014
STARLINK-71505
1 71505U 21032A   25001.00000000  .00000000  00000-0  00000-0 0  9994
2 71505  53.0000  85.1694 0001000 236.6431  67.6695 15.06000000000019
STARLINK-71506
1 71506U 25023A   25001.00000000  .00000000  00000-0  00000-0 0  9999
2 71506  70.0000 157.8065 0001000 332.9569 217.4179 15.06000000000012
STARLINK-71507
1 71507U 23072A   25001.00000000  .00000000  00000-0  00000-0 0  9992
2 71507  53.2000 180.7564 0001000 135.6153 286.0341 15.06000000000015
STARLINK-71508
1 71508U 25065A   25001.00000000  .00000000  00000-0  00000-0 0  9997
2 71508  53.0000  34.7353 0001000 208.2878 319.3135 15.06000000000010
STARLINK-71509
1 71509U 22066A   25001.00000000  .00000000  00000-0  00000-0 0  9996
2 71509  53.0000 221.1223 0001000 225.9752 154.7375 15.06000000000013
STARLINK-71510
1 71510U 22093A   25001.00000000  .00000000  00000-0  00000-0 0  9998
2 71510  53.2000 305.9794 0001000  80.2634  85.7757 15.06000000000019
STARLINK-71511
1 71511U 25028A   25001.00000000  .00000000  00000-0  00000-0 0  9990
2 71511  43.0000  15.9772 0001000  31.9615 133.8702 15.06000000000018
STARLINK-71512
1 71512U 23050A   25001.00000000  .00000000  00000-0  00000-0 0  9994
2 71512  70.0000  70.3853 0001000 333.1911 220.5567 15.06000000000013
STARLINK-71513
1 71513U 19001A   25001.00000000  .00000000  00000-0  00000-0 0  9996
2 71513  53.2000  77.7344 0001000  94.8015 304.6105 15.06000000000011
STARLINK-71514
1 71514U 19064A   25001.00000000  .00000000  00000-0  00000-0 0  9996
2 71514  53.2000  55.6073 0001000 259.3079 356.6007 15.06000000000012
STARLINK-71515
1 71515U 21056A   25001.00000000  .00000000  00000-0  00000-0 0  9991
2 71515  53.2000 250.6050 0001000 228.2932  25.2566 15.06000000000017
STARLINK-71516
1 71516U 23081A   25001.00000000  .00000000  00000-0  00000-0 0  9992
2 71516  43.0000 160.1335 0001000 140.3790 195.9694 15.06000000000019
STARLINK-71517
1 71517U 19073A   25001.00000000  .00000000  00000-0  00000-0 0  9999
2 71517  43.0000  98.8909 0001000 263.1512  98.0703 15.06000000000014
STARLINK-71518
1 71518U 19092A   25001.00000000  .00000000  00000-0  00000-0 0  9991
2 71518  53.0000 238.7178 0001000 152.8679  31.9760 15.06000000000016
STARLINK-71519
1 71519U 24074A   25001.00000000  .00000000  00000-0  00000-0 0  9998
2 71519  43.0000 261.3896 0001000  91.9236  98.9313 15.06000000000014
STARLINK-71520
1 71520U 25098A   25001.00000000  .00000000  00000-0  00000-0 0  9997
2 71520  43.0000 301.8657 0001000 140.3099 183.9595 15.06000000000014
STARLINK-71521
1 71521U 25094A   25001.00000000  .00000000  00000-0  00000-0 0  9994
2 71521  43.0000 110.4294 0001000 230.1947 266.4902 15.06000000000015
STARLINK-71522
1 71522U 25001A   25001.00000000  .00000000  00000-0  00000-0 0  9993
2 71522  43.0000 207.5138 0001000 127.0399  19.0162 15.06000000000016
STARLINK-71523
1 71523U 23046A   25001.00000000  .00000000  00000-0  00000-0 0  9991
2 71523  53.2000 329.2957 0001000 191.6282 111.4882 15.06000000000015
STARLINK-71524
1 71524U 20072A   25001.00000000  .00000000  00000-0  00000-0 0  9998
2 71524  97.6000  58.3974 0001000 146.9367 169.1094 15.06000000000019
STARLINK-71525
1 71525U 19076A   25001.00000000  .00000000  00000-0  00000-0 0  9991
2 71525  53.0000  51.7552 0001000 319.8771 272.7783 15.06000000000011
STARLINK-71526
1 71526U 21016A   25001.00000000  .00000000  00000-0  00000-0 0  9999
2 71526  43.0000 167.4210 0001000 133.0813  89.8612 15.06000000000018
STARLINK-71527
1 71527U 19063A   25001.00000000  .00000000  00000-0  00000-0 0  9999
2 71527  70.0000 181.6966 0001000 180.8426 247.4622 15.06000000000018
STARLINK-71528
1 71528U 19028A   25001.00000000  .00000000  00000-0  00000-0 0  9991
2 71528  70.0000 335.1683 0001000 181.9529 352.6645 15.06000000000011
STARLINK-71529
1 71529U 24084A   25001.00000000  .00000000  00000-0  00000-0 0  9990
2 71529  53.2000  36.1246 0001000 212.0208 162.2836 15.06000000000015
STARLINK-71530
1 71530U 25054A   25001.00000000  .00000000  00000-0  00000-0 0  9990
2 71530  53.0000  92.4445 0001000 106.9982 281.0706 15.06000000000017
STARLINK-71531
1 71531U 19035A   25001.00000000  .00000000  00000-0  00000-0 0  9993
2 71531  70.0000 310.9615 0001000  58.4963 216.8535 15.06000000000010
STARLINK-71532
1 71532U 23043A   25001.00000000  .00000000  00000-0  00000-0 0  9998
2 71532  53.2000 150.1993 0001000 261.4026 339.4545 15.06000000000016
STARLINK-71533
1 71533U 20068A   25001.00000000  .00000000  00000-0  00000-0 0  9993
2 71533  97.6000  16.0368 0001000 122.8173 287.8908 15.06000000000017
STARLINK-71534
1 71534U 21028A   25001.00000000  .00000000  00000-0  00000-0 0  9991
2 71534  70.0000 256.6660 0001000 240.5633 296.7068 15.06000000000015
STARLINK-71535
1 71535U 19019A   25001.00000000  .00000000  00000-0  00000-0 0  9999
2 71535  53.2000 195.2249 0001000 159.4860 114.7863 15.06000000000012
STARLINK-71536
1 71536U 21066A   25001.00000000  .00000000  00000-0  00000-0 0  9995
2 71536  43.0000 207.3123 0001000 313.1769 306.2548 15.06000000000011
STARLINK-71537
1 71537U 22021A   25001.00000000  .00000000  00000-0  00000-0 0  9998
2 71537  43.0000 333.1172 0001000 145.8041 133.6807 15.06000000000017
STARLINK-71538
1 71538U 23010A   25001.00000000  .00000000  00000-0  00000-0 0  9998
2 71538  53.2000 112.6754 0001000  50.4485  28.1108 15.06000000000012
STARLINK-71539
1 71539U 25009A   25001.00000000  .00000000  00000-0  00000-0 0  9999
2 71539  97.6000  98.4908 0001000  98.5150 349.8335 15.06000000000014
STARLINK-71540
1 71540U 24033A   25001.00000000  .00000000  00000-0  00000-0 0  9997
2 71540  97.6000 248.3767 0001000 230.1026 253.1687 15.06000000000018
STARLINK-71541
1 71541U 22029A   25001.00000000  .00000000  00000-0  00000-0 0  9991
2 71541  97.6000 166.2467 0001000 195.2838 287.3931 15.06000000000017
STARLINK-71542
1 71542U 25049A   25001.00000000  .00000000  00000-0  00000-0 0  9997
2 71542  43.0000  66.1591 0001000  49.6392  61.6998 15.06000000000012
STARLINK-71543
1 71543U 24079A   25001.00000000  .00000000  00000-0  00000-0 0  9990
2 71543  53.2000   7.4654 0001000 171.8961 208.8625 15.06000000000016
STARLINK-71544
1 71544U 23099A   25001.00000000  .00000000  00000-0  00000-0 0  9992
2 71544  53.0000  69.2096 0001000 340.4678 253.0516 15.06000000000011
STARLINK-71545
1 71545U 24038A   25001.00000000  .00000000  00000-0  00000-0 0  9997
2 71545  53.2000  99.5551 0001000 172.0048 144.5107 15.06000000000016
STARLINK-71546
1 71546U 20045A   25001.00000000  .00000000  00000-0  00000-0 0  9992
2 71546  97.6000 237.3375 0001000 312.5945  55.2020 15.06000000000014
STARLINK-71547
1 71547U 25044A   25001.00000000  .00000000  00000-0  00000-0 0  9997
2 71547  97.6000   2.6499 0001000 146.5722  91.8787 15.06000000000019
STARLINK-71548
1 71548U 19045A   25001.00000000  .00000000  00000-0  00000-0 0  9992
2 71548  70.0000 235.3527 0001000 289.0638 172.7511 15.06000000000015
STARLINK-71549
1 71549U 20018A   25001.00000000  .00000000  00000-0  00000-0 0  9995
2 71549  53.2000 138.5895 0001000 260.6015 120.7466 15.06000000000017
STARLINK-71550
1 71550U 21097A   25001.00000000  .00000000  00000-0  00000-0 0  9995
2 71550  53.0000 115.0298 0001000 148.0388 337.1589 15.06000000000016
STARLINK-71551
1 71551U 21018A   25001.00000000  .00000000  00000-0  00000-0 0  9999
2 71551  53.2000 193.8312 0001000 194.0790 206.0877 15.06000000000012
STARLINK-71552
1 71552U 25057A   25001.00000000  .00000000  00000-0  00000-0 0  9997
2 71552  70.0000  98.5721 0001000 166.4407 263.8536 15.06000000000016
STARLINK-71553
1 71553U 23087A   25001.00000000  .00000000  00000-0  00000-0 0  9999
2 71553  70.0000  60.0121 0001000  21.3604 252.8189 15.06000000000015
STARLINK-71554
1 71554U 23061A   25001.00000000  .00000000  00000-0  00000-0 0  9992
2 71554  53.0000 300.0353 0001000 167.8725 200.8006 15.06000000000012
STARLINK-71555
1 71555U 23064A   25001.00000000  .00000000  00000-0  00000-0 0  9996
2 71555  43.0000  56.8189 0001000 301.2183  63.5904 15.06000000000018
STARLINK-71556
1 71556U 22002A   25001.00000000  .00000000  00000-0  00000-0 0  9998
2 71556  53.2000   0.8987 0001000 101.3118  92.6185 15.06000000000018
STARLINK-71557
1 71557U 24045A   25001.00000000  .00000000  00000-0  00000-0 0  9998
2 71557  43.0000 215.7808 0001000 291.7313  87.3848 15.06000000000013
STARLINK-71558
1 71558U 19058A   25001.00000000  .00000000  00000-0  00000-0 0  9997
2 71558  53.0000 211.9704 0001000 271.7471  14.1751 15.06000000000012
STARLINK-71559
1 71559U 19008A   25001.00000000  .00000000  00000-0  00000-0 0  9993
2 71559  53.0000 152.3507 0001000 187.0592 347.7583 15.06000000000013
STARLINK-71560
1 71560U 24077A   25001.00000000  .00000000  00000-0  00000-0 0  9997
2 71560  97.6000  80.6309 0001000  70.0286 256.9551 15.06000000000019
STARLINK-71561
1 71561U 25014A   25001.00000000  .00000000  00000-0  00000-0 0  9990
2 71561  43.0000 205.7371 0001000 245.1030   8.7756 15.06000000000016
STARLINK-71562
1 71562U 24024A   25001.00000000  .00000000  00000-0  00000-0 0  9991
2 71562  53.0000  62.4394 0001000 216.8625  82.5498 15.06000000000019
STARLINK-71563
1 71563U 24053A   25001.00000000  .00000000  00000-0  00000-0 0  9994
2 71563  53.2000 152.6082 0001000 290.1991 238.2701 15.06000000000016
STARLINK-71564
1 71564U 25072A   25001.00000000  .00000000  00000-0  00000-0 0  9997
2 71564  53.0000  57.9975 0001000 106.5493 263.7433 15.06000000000015
STARLINK-71565
1 71565U 23058A   25001.00000000  .00000000  00000-0  00000-0 0  9990
2 71565  53.2000 179.0817 0001000 181.2520 347.3741 15.06000000000011
STARLINK-71566
1 71566U 20089A   25001.00000000  .00000000  00000-0  00000-0 0  9992
2 71566  97.6000 233.2609 0001000 332.5831 108.9082 15.06000000000011
STARLINK-71567
1 71567U 22015A   25001.00000000  .00000000  00000-0  00000-0 0  9994
2 71567  53.2000 261.0989 0001000 339.5620 261.8080 15.06000000000010
STARLINK-71568
1 71568U 19067A   25001.00000000  .00000000  00000-0  00000-0 0  9998
2 71568  70.0000 262.5682 0001000  14.8752  47.0621 15.06000000000018
STARLINK-71569
1 71569U 20092A   25001.00000000  .00000000  00000-0  00000-0 0  9999
2 71569  70.0000 185.9534 0001000 266.3110 156.6270 15.06000000000012
STARLINK-71570
1 71570U 21036A   25001.00000000  .00000000  00000-0  00000-0 0  9990
2 71570  53.0000 199.0208 0001000 276.7633 319.3354 15.06000000000015
STARLINK-71571
1 71571U 21098A   25001.00000000  .00000000  00000-0  00000-0 0  9999
2 71571  43.0000  91.6982 0001000  48.5575 233.6597 15.06000000000018
STARLINK-71572
1 71572U 24086A   25001.00000000  .00000000  00000-0  00000-0 0  9990
2 71572  70.0000  35.3549 0001000  53.2026  70.7757 15.06000000000015
STARLINK-71573
1 71573U 25009A   25001.00000000  .00000000  00000-0  00000-0 0  9997
2 71573  53.2000 273.9945 0001000  13.7724 337.2617 15.06000000000011
STARLINK-71574
1 71574U 22011A   25001.00000000  .00000000  00000-0  00000-0 0  9998
2 71574  97.6000 147.4972 0001000  17.5523 344.0127 15.06000000000010
STARLINK-71575
1 71575U 24030A   25001.00000000  .00000000  00000-0  00000-0 0  9992
2 71575  43.0000 338.1558 0001000 235.9100 306.3329 15.06000000000017
STARLINK-71576
1 71576U 22080A   25001.00000000  .00000000  00000-0  00000-0 0  9996
2 71576  97.6000  63.1235 0001000 164.0574 335.3200 15.06000000000017
STARLINK-71577
1 71577U 22072A   25001.00000000  .00000000  00000-0  00000-0 0  9998
2 71577  53.2000  35.2186 0001000  50.9996 236.8429 15.06000000000010
STARLINK-71578
1 71578U 25069A   25001.00000000  .00000000  00000-0  00000-0 0  9998
2 71578  70.0000  44.2685 0001000 259.3924 133.3275 15.06000000000018
STARLINK-71579
1 71579U 20031A   25001.00000000  .00000000  00000-0  00000-0 0  9993
2 71579  43.0000 169.8002 0001000  59.6191 133.5900 15.06000000000010
STARLINK-71580
1 71580U 20010A   25001.00000000  .00000000  00000-0  00000-0 0  9992
2 71580  53.0000 167.2360 0001000  29.5006 154.3362 15.06000000000016
STARLINK-71581
1 71581U 20048A   25001.00000000  .00000000  00000-0  00000-0 0  9994
2 71581  53.0000 266.9740 0001000  40.0846 238.2842 15.06000000000011
STARLINK-71582
1 71582U 22043A   25001.00000000  .00000000  00000-0  00000-0 0  9992
2 71582  43.0000  89.4231 0001000  50.1167   2.0835 15.06000000000011
STARLINK-71583
1 71583U 19066A   25001.00000000  .00000000  00000-0  00000-0 0  9994
2 71583  70.0000   3.2413 0001000 322.3593 166.2047 15.06000000000013
STARLINK-71584
1 71584U 23096A   25001.00000000  .00000000  00000-0  00000-0 0  9993
2 71584  97.6000 269.0849 0001000  78.3530 261.4391 15.06000000000013
STARLINK-71585
1 71585U 24004A   25001.00000000  .00000000  00000-0  00000-0 0  9994
2 71585  53.2000 117.2488 0001000   7.9572 175.2469 15.06000000000017
STARLINK-71586
1 71586U 25031A   25001.00000000  .00000000  00000-0  00000-0 0  9996
2 71586  43.0000 119.3549 0001000  45.3158 296.8104 15.06000000000018
STARLINK-71587
1 71587U 25017A   25001.00000000  .00000000  00000-0  00000-0 0  9991
2 71587  53.0000 111.6594 0001000 186.2941 257.5947 15.06000000000019
STARLINK-71588
1 71588U 24003A   25001.00000000  .00000000  00000-0  00000-0 0  9996
2 71588  53.0000 151.0453 0001000 305.1424 237.7609 15.06000000000015
STARLINK-71589
1 71589U 20037A   25001.00000000  .00000000  00000-0  00000-0 0  9990
2 71589  53.2000 113.2741 0001000 330.5570  10.5331 15.06000000000011
STARLINK-71590
1 71590U 22002A   25001.00000000  .00000000  00000-0  00000-0 0  9996
2 71590  53.0000 169.9561 0001000 303.1717 249.4995 15.06000000000017
STARLINK-71591
1 71591U 23100A   25001.00000000  .00000000  00000-0  00000-0 0  9997
2 71591  70.0000 138.1296 0001000 123.2031  43.0055 15.06000000000015
STARLINK-71592
1 71592U 25074A   25001.00000000  .00000000  00000-0  00000-0 0  9990
2 71592  53.0000 302.4362 0001000 325.1151 123.7889 15.06000000000014
STARLINK-71593
1 71593U 21004A   25001.00000000  .00000000  00000-0  00000-0 0  9990
2 71593  53.2000 308.9159 0001000 163.2446  38.7980 15.06000000000017
STARLINK-71594
1 71594U 20023A   25001.00000000  .00000000  00000-0  00000-0 0  9991
2 71594  43.0000  70.0292 0001000 125.5871 239.2783 15.06000000000012
STARLINK-71595
1 71595U 24019A   25001.00000000  .00000000  00000-0  00000-0 0  9991
2 71595  70.0000  66.0537 0001000 200.0616 264.2293 15.06000000000010
STARLINK-71596
1 71596U 20096A   25001.00000000  .00000000  00000-0  00000-0 0  9993
2 71596  53.2000 338.1454 0001000 272.2747  90.3051 15.06000000000011
STARLINK-71597
1 71597U 21084A   25001.00000000  .00000000  00000-0  00000-0 0  9992
2 71597  53.2000 284.5190 0001000 141.4024 300.4256 15.06000000000010
STARLINK-71598
1 71598U 19050A   25001.00000000  .00000000  00000-0  00000-0 0  9993
2 71598  70.0000 240.6718 0001000   8.3151  64.9984 15.06000000000019
STARLINK-71599
1 71599U 25056A   25001.00000000  .00000000  00000-0  00000-0 0  9997
2 71599  43.0000 178.8194 0001000 341.9981   8.0651 15.06000000000017
STARLINK-71600
1 71600U 23040A   25001.00000000  .00000000  00000-0  00000-0 0  9991
2 71600  53.2000 282.8026 0001000 272.1396 289.1700 15.06000000000015
STARLINK-71601
1 71601U 21006A   25001.00000000  .00000000  00000-0  00000-0 0  9992
2 71601  53.0000 102.8702 0001000 297.4412 263.4688 15.06000000000015
STARLINK-71602
1 71602U 21026A   25001.00000000  .00000000  00000-0  00000-0 0  9995
2 71602  53.2000 286.5879 0001000 201.5711 232.4086 15.06000000000019
STARLINK-71603
1 71603U 22008A   25001.00000000  .00000000  00000-0  00000-0 0  9997
2 71603  53.2000   4.8822 0001000  72.4212 163.4514 15.06000000000019
STARLINK-71604
1 71604U 23027A   25001.00000000  .00000000  00000-0  00000-0 0  9990
2 71604  53.0000 182.4176 0001000  67.2385  87.1833 15.06000000000012
STARLINK-71605
1 71605U 22073A   25001.00000000  .00000000  00000-0  00000-0 0  9991
2 71605  70.0000  80.9655 0001000 291.1985  90.9452 15.06000000000019
STARLINK-71606
1 71606U 23031A   25001.00000000  .00000000  00000-0  00000-0 0  9997
2 71606  53.2000  21.2614 0001000 289.1086   9.9490 15.06000000000017
STARLINK-71607
1 71607U 20013A   25001.00000000  .00000000  00000-0  00000-0 0  9995
2 71607  43.0000 158.0794 0001000 287.7078  64.3094 15.06000000000013
STARLINK-71608
1 71608U 21056A   25001.00000000  .00000000  00000-0  00000-0 0  9994
2 71608  53.2000 116.7936 0001000  32.9523  38.3172 15.06000000000019
STARLINK-71609
1 71609U 21031A   25001.00000000  .00000000  00000-0  00000-0 0  9998
2 71609  53.0000 174.0190 0001000 123.8835 149.6605 15.06000000000010
STARLINK-71610
1 71610U 25092A   25001.00000000  .00000000  00000-0  00000-0 0  9991
2 71610  43.0000 298.7769 0001000  67.6460 122.9699 15.06000000000013
STARLINK-71611
1 71611U 25030A   25001.00000000  .00000000  00000-0  00000-0 0  9994
2 71611  43.0000 345.1287 0001000 100.4997  14.4864 15.06000000000016
STARLINK-71612
1 71612U 20098A   25001.00000000  .00000000  00000-0  00000-0 0  9994
2 71612  97.6000 287.0224 0001000 137.4376  80.7057 15.06000000000018
STARLINK-71613
1 71613U 21005A   25001.00000000  .00000000  00000-0  00000-0 0  9994
2 71613  53.2000  37.5390 0001000 138.2373 331.8279 15.06000000000011
STARLINK-71614
1 71614U 23029A   25001.00000000  .00000000  00000-0  00000-0 0  9993
2 71614  53.0000 334.7688 0001000 226.8590 359.2547 15.06000000000019
STARLINK-71615
1 71615U 23081A   25001.00000000  .00000000  00000-0  00000-0 0  9992
2 71615  53.0000 317.6837 0001000 236.9194 109.8062 15.06000000000019
STARLINK-71616
1 71616U 22003A   25001.00000000  .00000000  00000-0  00000-0 0  9996
2 71616  97.6000 232.5998 0001000 343.3339 136.1926 15.06000000000013
STARLINK-71617
1 71617U 19056A   25001.00000000  .00000000  00000-0  00000-0 0  9991
2 71617  43.0000 225.0148 0001000  90.0298 143.2856 15.06000000000014
STARLINK-71618
1 71618U 19027A   25001.00000000  .00000000  00000-0  00000-0 0  9990
2 71618  53.2000  85.6091 0001000 176.1541 230.7522 15.06000000000014
STARLINK-71619
1 71619U 25048A   25001.00000000  .00000000  00000-0  00000-0 0  9991
2 71619  53.2000 152.9821 0001000 295.8553  27.4544 15.06000000000011
STARLINK-71620
1 71620U 23099A   25001.00000000  .00000000  00000-0  00000-0 0  9997
2 71620  70.0000 132.8498 0001000 158.2962 129.1849 15.06000000000011
STARLINK-71621
1 71621U 22023A   25001.00000000  .00000000  00000-0  00000-0 0  9994
2 71621  43.0000   5.7457 0001000  93.0701  51.1696 15.06000000000016
STARLINK-71622
1 71622U 25084A   25001.00000000  .00000000  00000-0  00000-0 0  9995
2 71622  53.2000 221.4842 0001000  25.7841  22.6678 15.06000000000015
STARLINK-71623
1 71623U 21014A   25001.00000000  .00000000  00000-0  00000-0 0  9995
2 71623  43.0000  43.6692 0001000 127.1718 217.1907 15.06000000000016
STARLINK-71624
1 71624U 20030A   25001.00000000  .00000000  00000-0  00000-0 0  9993
2 71624  97.6000 299.2842 0001000 121.4137 317.5539 15.06000000000016
STARLINK-71625
1 71625U 23038A   25001.00000000  .00000000  00000-0  00000-0 0  9995
2 71625  97.6000 109.3589 0001000  97.3693 222.1513 15.06000000000017
STARLINK-71626
1 71626U 19066A   25001.00000000  .00000000  00000-0  00000-0 0  9992
2 71626  53.0000 261.7262 0001000  83.7127  25.6079 15.06000000000019
STARLINK-71627
1 71627U 24047A   25001.00000000  .00000000  00000-0  00000-0 0  9998
2 71627  53.0000 277.0881 0001000 330.7266 295.3195 15.06000000000011
STARLINK-71628
1 71628U 23011A   25001.00000000  .00000000  00000-0  00000-0 0  9999
2 71628  53.0000 291.2974 0001000  52.0451 119.6582 15.06000000000011
STARLINK-71629
1 71629U 19033A   25001.00000000  .00000000  00000-0  00000-0 0  9999
2 71629  43.0000 323.4907 0001000  14.8676 172.3585 15.06000000000019
STARLINK-71630
1 71630U 23100A   25001.00000000  .00000000  00000-0  00000-0 0  9991
2 71630  70.0000 110.7265 0001000 203.9140  28.3241 15.06000000000011
STARLINK-71631
1 71631U 20097A   25001.00000000  .00000000  00000-0  00000-0 0  9994
2 71631  53.2000 148.2871 0001000 158.5638  80.6677 15.06000000000015
STARLINK-71632
1 71632U 20070A   25001.00000000  .00000000  00000-0  00000-0 0  9996
2 71632  97.6000 171.9876 0001000 330.1729  35.2010 15.06000000000012
STARLINK-71633
1 71633U 21021A   25001.00000000  .00000000  00000-0  00000-0 0  9994
2 71633  70.0000 147.3561 0001000  89.2903 167.6453 15.06000000000013
STARLINK-71634
1 71634U 19015A   25001.00000000  .00000000  00000-0  00000-0 0  9995
2 71634  53.2000 215.4787 0001000  53.8740  31.5904 15.06000000000010
STARLINK-71635
1 71635U 19064A   25001.00000000  .00000000  00000-0  00000-0 0  9990
2 71635  53.0000  95.7946 0001000 284.0309  82.2551 15.06000000000015
STARLINK-71636
1 71636U 20067A   25001.00000000  .00000000  00000-0  00000-0 0  9996
2 71636  53.0000 260.5044 0001000  74.5123 102.5129 15.06000000000010
STARLINK-71637
1 71637U 25014A   25001.00000000  .00000000  00000-0  00000-0 0  9994
2 71637  53.0000 310.5180 0001000  66.1979 334.0898 15.06000000000019
STARLINK-71638
1 71638U 23096A   25001.00000000  .00000000  00000-0  00000-0 0  9993
2 71638  97.6000 350.7837 0001000 130.9758 302.3666 15.06000000000015
STARLINK-71639
1 71639U 19068A   25001.00000000  .00000000  00000-0  00000-0 0  9998
2 71639  97.6000 224.3300 0001000 117.3038  98.2905 15.06000000000014
STARLINK-71640
1 71640U 21083A   25001.00000000  .00000000  00000-0  00000-0 0  9990
2 71640  97.6000 120.6390 0001000 305.2750 236.1391 15.06000000000014
STARLINK-71641
1 71641U 21031A   25001.00000000  .00000000  00000-0  00000-0 0  9994
2 71641  97.6000 343.8342 0001000  36.9446 306.1404 15.06000000000014
STARLINK-71642
1 71642U 25007A   25001.00000000  .00000000  00000-0  00000-0 0  9992
2 71642  53.0000   2.5861 0001000 309.7845 325.5186 15.06000000000012
STARLINK-71643
1 71643U 25058A   25001.00000000  .00000000  00000-0  00000-0 0  9999
2 71643  53.0000  27.9495 0001000 167.8201 315.2316 15.06000000000017
STARLINK-71644
1 71644U 20099A   25001.00000000  .00000000  00000-0  00000-0 0  9990
2 71644  43.0000  52.0309 0001000  91.1883  72.2592 15.06000000000011
STARLINK-71645
1 71645U 25093A   25001.00000000  .00000000  00000-0  00000-0 0  9990
2 71645  53.2000  36.0373 0001000 197.2381 106.3385 15.06000000000018
STARLINK-71646
1 71646U 25081A   25001.00000000  .00000000  00000-0  00000-0 0  9998
2 71646  43.0000 224.2161 0001000 189.9094  52.6640 15.06000000000018
STARLINK-71647
1 71647U 25092A   25001.00000000  .00000000  00000-0  00000-0 0  9991
2 71647  43.0000 137.4378 0001000 320.2856  47.2348 15.06000000000015
STARLINK-71648
1 71648U 21028A   25001.00000000  .00000000  00000-0  00000-0 0  9997
2 71648  70.0000 346.2777 0001000  99.2852  49.8739 15.06000000000010
STARLINK-71649
1 71649U 20064A   25001.00000000  .00000000  00000-0  00000-0 0  9997
2 71649  53.2000 339.9926 0001000 193.2222 260.8825 15.06000000000016
STARLINK-71650
1 71650U 19028A   25001.00000000  .00000000  00000-0  00000-0 0  9997
2 71650  53.0000  95.5060 0001000 323.5824 217.2526 15.06000000000010
STARLINK-71651
1 71651U 19001A   25001.00000000  .00000000  00000-0  00000-0 0  9999
2 71651  53.0000 217.2950 0001000 251.4445  62.3010 15.06000000000017
STARLINK-71652
1 71652U 19060A   25001.00000000  .00000000  00000-0  00000-0 0  9995
2 71652  53.0000 254.2717 0001000 336.6852 240.3834 15.06000000000010
STARLINK-71653
1 71653U 20028A   25001.00000000  .00000000  00000-0  00000-0 0  9992
2 71653  53.2000 257.0600 0001000 314.9056 221.7485 15.06000000000015
STARLINK-71654
1 71654U 23053A   25001.00000000  .00000000  00000-0  00000-0 0  9994
2 71654  53.2000 327.6547 0001000  73.5729 209.1249 15.06000000000013
STARLINK-71655
1 71655U 25006A   25001.00000000  .00000000  00000-0  00000-0 0  9995
2 71655  70.0000 282.4601 0001000  26.5521  49.5649 15.06000000000018
STARLINK-71656
1 71656U 25061A   25001.00000000  .00000000  00000-0  00000-0 0  9997
2 71656  53.2000 191.6937 0001000 355.0144 284.1711 15.06000000000013
STARLINK-71657
1 71657U 20063A   25001.00000000  .00000000  00000-0  00000-0 0  9995
2 71657  53.2000 350.3462 0001000 195.8635 290.4036 15.06000000000016
STARLINK-71658
1 71658U 19023A   25001.00000000  .00000000  00000-0  00000-0 0  9990
2 71658  70.0000  73.3817 0001000 110.3664 196.8774 15.06000000000012
STARLINK-71659
1 71659U 23003A   25001.00000000  .00000000  00000-0  00000-0 0  9994
2 71659  53.0000  46.6900 0001000 175.3050 315.5258 15.06000000000017
STARLINK-71660
1 71660U 23048A   25001.00000000  .00000000  00000-0  00000-0 0  9995
2 71660  70.0000 249.9663 0001000  51.9255  24.3648 15.06000000000016
STARLINK-71661
1 71661U 23065A   25001.00000000  .00000000  00000-0  00000-0 0  9995
2 71661  70.0000 130.3270 0001000  47.1825 338.4549 15.06000000000013
STARLINK-71662
1 71662U 21016A   25001.00000000  .00000000  00000-0  00000-0 0  9990
2 71662  70.0000  86.0924 0001000 268.2288  75.8395 15.06000000000017
STARLINK-71663
1 71663U 21076A   25001.00000000  .00000000  00000-0  00000-0 0  9997
2 71663  70.0000  45.2332 0001000 101.2321  63.1790 15.06000000000011
STARLINK-71664
1 71664U 23003A   25001.00000000  .00000000  00000-0  00000-0 0  9990
2 71664  97.6000  11.9431 0001000 164.1042  63.3095 15.06000000000015
STARLINK-71665
1 71665U 24058A   25001.00000000  .00000000  00000-0  00000-0 0  9992
2 71665  53.0000  72.7297 0001000 273.6190 333.5916 15.06000000000011
STARLINK-71666
1 71666U 20013A   25001.00000000  .00000000  00000-0  00000-0 0  9990
2 71666  53.0000  78.3026 0001000 344.6932  81.9583 15.06000000000011
STARLINK-71667
1 71667U 19053A   25001.00000000  .00000000  00000-0  00000-0 0  9993
2 71667  97.6000  85.4772 0001000 266.2493 158.2649 15.06000000000015
STARLINK-71668
1 71668U 21057A   25001.00000000  .00000000  00000-0  00000-0 0  9991
2 71668  53.0000  19.3294 0001000 333.2732  73.0607 15.06000000000016
STARLINK-71669
1 71669U 21075A   25001.00000000  .00000000  00000-0  00000-0 0  9992
2 71669  70.0000 314.8352 0001000 249.6743 100.8746 15.06000000000019
STARLINK-71670
1 71670U 25054A   25001.00000000  .00000000  00000-0  00000-0 0  9995
2 71670  97.6000  80.6485 0001000 222.4482 118.7405 15.06000000000010
STARLINK-71671
1 71671U 25021A   25001.00000000  .00000000  00000-0  00000-0 0  9990
2 71671  53.0000 355.1352 0001000 214.1799 198.5292 15.06000000000019
STARLINK-71672
1 71672U 25030A   25001.00000000  .00000000  00000-0  00000-0 0  9991
2 71672  43.0000 282.4072 0001000 252.3463 120.7693 15.06000000000014
STARLINK-71673
1 71673U 24067A   25001.00000000  .00000000  00000-0  00000-0 0  9991
2 71673  53.2000 214.0734 0001000  10.9276 245.2838 15.06000000000018
STARLINK-71674
1 71674U 19086A   25001.00000000  .00000000  00000-0  00000-0 0  9997
2 71674  53.0000 351.3342 0001000  32.6222  61.0156 15.06000000000016
STARLINK-71675
1 71675U 25050A   25001.00000000  .00000000  00000-0  00000-0 0  9996
2 71675  70.0000  92.0375 0001000  45.8102 119.3175 15.06000000000012
STARLINK-71676
1 71676U 25033A   25001.00000000  .00000000  00000-0  00000-0 0  9998
2 71676  43.0000   3.5039 0001000 252.2301  59.5905 15.06000000000018
STARLINK-71677
1 71677U 24096A   25001.00000000  .00000000  00000-0  00000-0 0  9997
2 71677  43.0000 300.7437 0001000 321.0507  79.0409 15.06000000000012
STARLINK-71678
1 71678U 24084A   25001.00000000  .00000000  00000-0  00000-0 0  9995
2 71678  53.0000 314.4507 0001000 176.7820  47.9814 15.06000000000011
STARLINK-71679
1 71679U 21028A   25001.00000000  .00000000  00000-0  00000-0 0  9991
2 71679  97.6000  75.6789 0001000 241.9126 106.2821 15.06000000000015
STARLINK-71680
1 71680U 20096A   25001.00000000  .00000000  00000-0  00000-0 0  9997
2 71680  43.0000 166.2876 0001000 179.4114  11.0021 15.06000000000013
STARLINK-71681
1 71681U 25013A   25001.00000000  .00000000  00000-0  00000-0 0  9992
2 71681  53.0000 248.1000 0001000 183.2465  49.2476 15.06000000000013
STARLINK-71682
1 71682U 24063A   25001.00000000  .00000000  00000-0  00000-0 0  9997
2 71682  97.6000 271.8552 0001000  57.8255 300.1364 15.06000000000011
STARLINK-71683
1 71683U 22031A   25001.00000000  .00000000  00000-0  00000-0 0  9991
2 71683  53.2000 132.5919 0001000 321.2542  76.4259 15.06000000000013
STARLINK-71684
1 71684U 20091A   25001.00000000  .00000000  00000-0  00000-0 0  9996
2 71684  70.0000  93.4595 0001000 269.8960 111.8579 15.06000000000016
STARLINK-71685
1 71685U 19009A   25001.00000000  .00000000  00000-0  00000-0 0  9994
2 71685  70.0000 351.7203 0001000 172.5019 171.4824 15.06000000000013
STARLINK-71686
1 71686U 24023A   25001.00000000  .00000000  00000-0  00000-0 0  9997
2 71686  43.0000 280.8693 0001000 294.5239 178.3049 15.06000000000013
STARLINK-71687
1 71687U 23053A   25001.00000000  .00000000  00000-0  00000-0 0  9990
2 71687  70.0000 131.8440 0001000 292.2878 200.6928 15.06000000000018
STARLINK-71688
1 71688U 21060A   25001.00000000  .00000000  00000-0  00000-0 0  9997
2 71688  43.0000 150.5148 0001000 101.5866  61.1765 15.06000000000010
STARLINK-71689
1 71689U 24033A   25001.00000000  .00000000  00000-0  00000-0 0  9991
2 71689  53.2000 299.7393 0001000 266.6943  55.1128 15.06000000000017
STARLINK-71690
1 71690U 22048A   25001.00000000  .00000000  00000-0  00000-0 0  9997
2 71690  43.0000 162.3278 0001000  68.5011 191.8463 15.06000000000018
STARLINK-71691
1 71691U 21086A   25001.00000000  .00000000  00000-0  00000-0 0  9999
2 71691  43.0000 180.7515 0001000  98.8223 162.4071 15.06000000000017
STARLINK-71692
1 71692U 21040A   25001.00000000  .00000000  00000-0  00000-0 0  9990
2 71692  70.0000  77.2481 0001000 223.0226 310.7638 15.06000000000012
STARLINK-71693
1 71693U 20026A   25001.00000000  .00000000  00000-0  00000-0 0  9994
2 71693  53.0000 259.8723 0001000 242.9610 329.7327 15.06000000000013
STARLINK-71694
1 71694U 23053A   25001.00000000  .00000000  00000-0  00000-0 0  9998
2 71694  53.2000  56.4578 0001000  20.2677 162.4415 15.06000000000015
STARLINK-71695
1 71695U 22036A   25001.00000000  .00000000  00000-0  00000-0 0  9999
2 71695  53.0000 242.3839 0001000  46.3524 182.7460 15.06000000000015
STARLINK-71696
1 71696U 23086A   25001.00000000  .00000000  00000-0  00000-0 0  9996
2 71696  70.0000  91.4565 0001000 177.6990 176.2767 15.06000000000017
STARLINK-71697
1 71697U 25045A   25001.00000000  .00000000  00000-0  00000-0 0  9994
2 71697  53.2000 153.3001 0001000 244.7632 136.0751 15.06000000000010
STARLINK-71698
1 71698U 20055A   25001.00000000  .00000000  00000-0  00000-0 0  9991
2 71698  97.6000 356.9905 0001000 185.4642  13.8598 15.06000000000010
STARLINK-71699
1 71699U 19040A   25001.00000000  .00000000  00000-0  00000-0 0  9994
2 71699  53.2000 299.5492 0001000  22.5505 151.1271 15.06000000000015
STARLINK-71700
1 71700U 19061A   25001.00000000  .00000000  00000-0  00000-0 0  9990
2 71700  53.0000  37.8050 0001000  19.7779 133.5522 15.06000000000013
STARLINK-71701
1 71701U 23023A   25001.00000000  .00000000  00000-0  00000-0 0  9994
2 71701  70.0000  43.1338 0001000  49.2264  68.0006 15.06000000000018
STARLINK-71702
1 71702U 22030A   25001.00000000  .00000000  00000-0  00000-0 0  9992
2 71702  53.0000 164.9703 0001000 239.8510 316.5557 15.06000000000011
STARLINK-71703
1 71703U 22084A   25001.00000000  .00000000  00000-0  00000-0 0  9992
2 71703  70.0000  12.7145 0001000 214.2756  53.3700 15.06000000000016
STARLINK-71704
1 71704U 20019A   25001.00000000  .00000000  00000-0  00000-0 0  9999
2 71704  97.6000 152.7897 0001000  95.6889  27.6314 15.06000000000014
STARLINK-71705
1 71705U 21086A   25001.00000000  .00000000  00000-0  00000-0 0  9995
2 71705  53.2000 167.2463 0001000  11.1518 285.8540 15.06000000000014
STARLINK-71706
1 71706U 25099A   25001.00000000  .00000000  00000-0  00000-0 0  9994
2 71706  53.0000 253.1710 0001000 359.9083 284.6643 15.06000000000014
STARLINK-71707
1 71707U 21028A   25001.00000000  .00000000  00000-0  00000-0 0  9993
2 71707  97.6000  74.3976 0001000 278.0051  45.6968 15.06000000000017
STARLINK-71708
1 71708U 21100A   25001.00000000  .00000000  00000-0  00000-0 0  9995
2 71708  53.2000 175.6702 0001000 291.0310   2.8716 15.06000000000017
STARLINK-71709
1 71709U 20065A   25001.00000000  .00000000  00000-0  00000-0 0  9995
2 71709  97.6000 243.4874 0001000 274.0567 292.4169 15.06000000000018
STARLINK-71710
1 71710U 21022A   25001.00000000  .00000000  00000-0  00000-0 0  9991
2 71710  43.0000 132.6311 0001000 167.0749 183.2099 15.06000000000012
STARLINK-71711
1 71711U 22080A   25001.00000000  .00000000  00000-0  00000-0 0  9997
2 71711  53.0000  90.9457 0001000 316.8597 246.7163 15.06000000000013
STARLINK-71712
1 71712U 22045A   25001.00000000  .00000000  00000-0  00000-0 0  9999
2 71712  43.0000 155.3275 0001000 295.6188 253.3915 15.06000000000016
STARLINK-71713
1 71713U 23088A   25001.00000000  .00000000  00000-0  00000-0 0  9998
2 71713  43.0000 265.2135 0001000  34.4526 306.0250 15.06000000000016
STARLINK-71714
1 71714U 20070A   25001.00000000  .00000000  00000-0  00000-0 0  9997
2 71714  53.0000 154.4352 0001000  92.1791  44.1843 15.06000000000011
STARLINK-71715
1 71715U 19086A   25001.00000000  .00000000  00000-0  00000-0 0  9993
2 71715  53.0000  22.4113 0001000 313.6261 339.3117 15.06000000000017
STARLINK-71716
1 71716U 21010A   25001.00000000  .00000000  00000-0  00000-0 0  9994
2 71716  53.0000 221.5219 0001000  99.8207 324.4361 15.06000000000016
STARLINK-71717
1 71717U 21003A   25001.00000000  .00000000  00000-0  00000-0 0  9997
2 71717  43.0000 187.7163 0001000 349.2473 239.2154 15.06000000000017
STARLINK-71718
1 71718U 22049A   25001.00000000  .00000000  00000-0  00000-0 0  9999
2 71718  53.0000 238.6203 0001000 268.5230 124.2673 15.06000000000013
STARLINK-71719
1 71719U 25096A   25001.00000000  .00000000  00000-0  00000-0 0  9995
2 71719  70.0000 206.2627 0001000 223.6321 141.2742 15.06000000000013
STARLINK-71720
1 71720U 25091A   25001.00000000  .00000000  00000-0  00000-0 0  9992
2 71720  53.0000   4.1280 0001000 140.5597 261.2928 15.06000000000017
STARLINK-71721
1 71721U 22052A   25001.00000000  .00000000  00000-0  00000-0 0  9997
2 71721  53.2000 130.1691 0001000 107.2223 175.1322 15.06000000000013
STARLINK-71722
1 71722U 20024A   25001.00000000  .00000000  00000-0  00000-0 0  9995
2 71722  53.2000 124.7283 0001000 248.1806 305.4985 15.06000000000015
STARLINK-71723
1 71723U 24033A   25001.00000000  .00000000  00000-0  00000-0 0  9990
2 71723  43.0000 265.6635 0001000 353.4386 115.0536 15.06000000000019
STARLINK-71724
1 71724U 20100A   25001.00000000  .00000000  00000-0  00000-0 0  9992
2 71724  53.0000 279.6027 0001000 173.7387 260.3559 15.06000000000014
STARLINK-71725
1 71725U 20039A   25001.00000000  .00000000  00000-0  00000-0 0  9994
2 71725  53.0000 359.7362 0001000 102.3484 152.9288 15.06000000000018
STARLINK-71726
1 71726U 21042A   25001.00000000  .00000000  00000-0  00000-0 0  9990
2 71726  70.0000 282.0610 0001000  69.5274 358.6325 15.06000000000010
STARLINK-71727
1 71727U 21073A   25001.00000000  .00000000  00000-0  00000-0 0  9995
2 71727  70.0000  72.4723 0001000 340.2191 285.2155 15.06000000000010
STARLINK-71728
1 71728U 21046A   25001.00000000  .00000000  00000-0  00000-0 0  9996
2 71728  43.0000 155.8878 0001000 224.7843 234.9317 15.06000000000019
STARLINK-71729
1 71729U 21076A   25001.00000000  .00000000  00000-0  00000-0 0  9990
2 71729  70.0000 266.2388 0001000 137.6663 167.1281 15.06000000000012
STARLINK-71730
1 71730U 25020A   25001.00000000  .00000000  00000-0  00000-0 0  9995
2 71730  43.0000  29.1429 0001000 128.1271 335.6801 15.06000000000016
STARLINK-71731
1 71731U 25033A   25001.00000000  .00000000  00000-0  00000-0 0  9990
2 71731  53.2000 165.2457 0001000 140.2341 337.5834 15.06000000000013
STARLINK-71732
1 71732U 19043A   25001.00000000  .00000000  00000-0  00000-0 0  9995
2 71732  70.0000 292.8984 0001000  93.6175 105.9501 15.06000000000017
STARLINK-71733
1 71733U 19059A   25001.00000000  .00000000  00000-0  00000-0 0  9993
2 71733  43.0000 161.5455 0001000  87.7506  44.8489 15.06000000000011
STARLINK-71734
1 71734U 24004A   25001.00000000  .00000000  00000-0  00000-0 0  9990
2 71734  53.0000 309.9122 0001000 274.9260  76.2992 15.06000000000017
STARLINK-71735
1 71735U 25096A   25001.00000000  .00000000  00000-0  00000-0 0  9993
2 71735  97.6000  45.7156 0001000  61.9210 155.8556 15.06000000000013
STARLINK-71736
1 71736U 23030A   25001.00000000  .00000000  00000-0  00000-0 0  9990
2 71736  53.0000 242.4244 0001000 183.6047 200.6060 15.06000000000013
STARLINK-71737
1 71737U 25063A   25001.00000000  .00000000  00000-0  00000-0 0  9999
2 71737  43.0000  53.5149 0001000 136.9719 300.7615 15.06000000000013
STARLINK-71738
1 71738U 24041A   25001.00000000  .00000000  00000-0  00000-0 0  9995
2 71738  43.0000  79.4702 0001000 106.6638 185.6097 15.06000000000014
STARLINK-71739
1 71739U 21058A   25001.00000000  .00000000  00000-0  00000-0 0  9991
2 71739  70.0000 222.7834 0001000 248.7252 124.3414 15.06000000000017
STARLINK-71740
1 71740U 20041A   25001.00000000  .00000000  00000-0  00000-0 0  9994
2 71740  53.0000 297.4943 0001000 318.6549 141.0935 15.06000000000010
STARLINK-71741
1 71741U 23003A   25001.00000000  .00000000  00000-0  00000-0 0  9996
2 71741  53.2000  22.1989 0001000 270.0468   5.8387 15.06000000000015
STARLINK-71742
1 71742U 19092A   25001.00000000  .00000000  00000-0  00000-0 0  9990
2 71742  43.0000 278.8782 0001000 167.3291 201.9960 15.06000000000012
STARLINK-71743
1 71743U 23005A   25001.00000000  .00000000  00000-0  00000-0 0  9990
2 71743  43.0000 219.5154 0001000 115.7811  22.2887 15.06000000000015
STARLINK-71744
1 71744U 25002A   25001.00000000  .00000000  00000-0  00000-0 0  9990
2 71744  53.2000  66.9176 0001000  69.5956  95.7429 15.06000000000010
STARLINK-71745
1 71745U 21042A   25001.00000000  .00000000  00000-0  00000-0 0  9991
2 71745  70.0000 190.4795 0001000 129.1547   2.9245 15.06000000000013
STARLINK-71746
1 71746U 22012A   25001.00000000  .00000000  00000-0  00000-0 0  9990
2 71746  70.0000  51.2853 0001000  52.8179  78.9991 15.06000000000017
STARLINK-71747
1 71747U 25087A   25001.00000000  .00000000  00000-0  00000-0 0  9996
2 71747  43.0000 200.7620 0001000  53.9064 269.5832 15.06000000000018
STARLINK-71748
1 71748U 25082A   25001.00000000  .00000000  00000-0  00000-0 0  9992
2 71748  53.0000  57.7794 0001000  21.7045 202.2572 15.06000000000019
STARLINK-71749
1 71749U 22057A   25001.00000000  .00000000  00000-0  00000-0 0  9992
2 71749  43.0000 316.2686 0001000   2.9420 353.8604 15.06000000000019
STARLINK-71750
1 71750U 23039A   25001.00000000  .00000000  00000-0  00000-0 0  9995
2 71750  53.2000 325.4067 0001000 121.5001  70.2457 15.06000000000018
STARLINK-71751
1 71751U 22097A   25001.00000000  .00000000  00000-0  00000-0 0  9999
2 71751  53.0000 213.3697 0001000  22.7345  66.9935 15.06000000000017
STARLINK-71752
1 71752U 22073A   25001.00000000  .00000000  00000-0  00000-0 0  9994
2 71752  53.2000 117.8290 0001000 307.5141 194.6992 15.06000000000017
STARLINK-71753
1 71753U 20075A   25001.00000000  .00000000  00000-0  00000-0 0  9995
2 71753  97.6000 154.2981 0001000 137.7339 317.8522 15.06000000000012
STARLINK-71754
1 71754U 19024A   25001.00000000  .00000000  00000-0  00000-0 0  9998
2 71754  70.0000 160.7048 0001000  48.5296  80.5465 15.06000000000015
STARLINK-71755
1 71755U 21091A   25001.00000000  .00000000  00000-0  00000-0 0  9996
2 71755  97.6000 237.5450 0001000 305.2286  28.1121 15.06000000000010
STARLINK-71756
1 71756U 24060A   25001.00000000  .00000000  00000-0  00000-0 0  9996
2 71756  97.6000 154.5967 0001000  60.8303 246.6674 15.06000000000016
STARLINK-71757
1 71757U 24024A   25001.00000000  .00000000  00000-0  00000-0 0  9997
2 71757  53.2000  31.0480 0001000 163.5696 295.6451 15.06000000000017
STARLINK-71758
1 71758U 23029A   25001.00000000  .00000000  00000-0  00000-0 0  9992
2 71758  70.0000 357.4816 0001000  12.8782  21.9560 15.06000000000016
STARLINK-71759
1 71759U 24028A   25001.00000000  .00000000  00000-0  00000-0 0  9993
2 71759  53.2000 282.5526 0001000  56.0661 271.8223 15.06000000000014
STARLINK-71760
1 71760U 23007A   25001.00000000  .00000000  00000-0  00000-0 0  9991
2 71760  53.0000 284.4845 0001000  74.2799 214.0729 15.06000000000013
STARLINK-71761
1 71761U 24035A   25001.00000000  .00000000  00000-0  00000-0 0  9994
2 71761  53.0000 194.6894 0001000 291.0225 182.5211 15.06000000000018
STARLINK-71762
1 71762U 19091A   25001.00000000  .00000000  00000-0  00000-0 0  9991
2 71762  70.0000  49.0847 0001000 234.0472 283.8998 15.06000000000017
STARLINK-71763
1 71763U 23004A   25001.00000000  .00000000  00000-0  00000-0 0  9991
2 71763  43.0000 334.8228 0001000 243.8621 248.3756 15.06000000000018
STARLINK-71764
1 71764U 21044A   25001.00000000  .00000000  00000-0  00000-0 0  9994
2 71764  53.0000   1.7454 0001000 162.4419 244.0357 15.06000000000012
STARLINK-71765
1 71765U 24033A   25001.00000000  .00000000  00000-0  00000-0 0  9996
2 71765  70.0000 247.9721 0001000  12.6806 220.6125 15.06000000000012
STARLINK-71766
1 71766U 22071A   25001.00000000  .00000000  00000-0  00000-0 0  9997
2 71766  70.0000 245.8865 0001000 185.8640 346.8768 15.06000000000012
STARLINK-71767
1 71767U 20060A   25001.00000000  .00000000  00000-0  00000-0 0  9994
2 71767  43.0000  38.6859 0001000  44.4513 328.6873 15.06000000000018
STARLINK-71768
1 71768U 22028A   25001.00000000  .00000000  00000-0  00000-0 0  9991
2 71768  70.0000 305.1856 0001000 122.0519  70.3363 15.06000000000012
STARLINK-71769
1 71769U 22084A   25001.00000000  .00000000  00000-0  00000-0 0  9994
2 71769  97.6000   1.8851 0001000 122.4295 311.6840 15.06000000000019
STARLINK-71770
1 71770U 23077A   25001.00000000  .00000000  00000-0  00000-0 0  9999
2 71770  43.0000 261.9747 0001000  78.6617 126.9396 15.06000000000012
STARLINK-71771
1 71771U 24065A   25001.00000000  .00000000  00000-0  00000-0 0  9998
2 71771  97.6000 229.4470 0001000  93.3494  15.8968 15.06000000000018
STARLINK-71772
1 71772U 22027A   25001.00000000  .00000000  00000-0  00000-0 0  9995
2 71772  70.0000 114.9020 0001000 121.9213  16.2317 15.06000000000013
STARLINK-71773
1 71773U 19070A   25001.00000000  .00000000  00000-0  00000-0 0  9990
2 71773  70.0000 353.2950 0001000 208.7977 306.7318 15.06000000000013
STARLINK-71774
1 71774U 19079A   25001.00000000  .00000000  00000-0  00000-0 0  9990
2 71774  53.0000  47.9572 0001000 345.7747 352.9482 15.06000000000014
STARLINK-71775
1 71775U 19060A   25001.00000000  .00000000  00000-0  00000-0 0  9991
2 71775  53.0000  63.7263 0001000 316.9849 302.2930 15.06000000000017
STARLINK-71776
1 71776U 19020A   25001.00000000  .00000000  00000-0  00000-0 0  9998
2 71776  53.2000 231.5441 0001000  36.0679 107.4905 15.06000000000011
STARLINK-71777
1 71777U 21016A   25001.00000000  .00000000  00000-0  00000-0 0  9997
2 71777  70.0000  33.0271 0001000  65.6902  46.5054 15.06000000000010
STARLINK-71778
1 71778U 25056A   25001.00000000  .00000000  00000-0  00000-0 0  9996
2 71778  43.0000 142.4804 0001000 134.5432 330.0738 15.06000000000012
STARLINK-71779
1 71779U 21045A   25001.00000000  .00000000  00000-0  00000-0 0  9991
2 71779  97.6000   2.9293 0001000 305.4642  18.8948 15.06000000000016
STARLINK-71780
1 71780U 20021A   25001.00000000  .00000000  00000-0  00000-0 0  9996
2 71780  53.0000 230.4986 0001000 138.5288 226.9686 15.06000000000013
STARLINK-71781
1 71781U 23074A   25001.00000000  .00000000  00000-0  00000-0 0  9998
2 71781  43.0000 245.0840 0001000 217.8629  85.2328 15.06000000000013
STARLINK-71782
1 71782U 20090A   25001.00000000  .00000000  00000-0  00000-0 0  9994
2 71782  53.0000 116.8680 0001000 191.3137 205.0299 15.06000000000011
STARLINK-71783
1 71783U 19007A   25001.00000000  .00000000  00000-0  00000-0 0  9991
2 71783  70.0000 315.5740 0001000 179.6129  47.5307 15.06000000000015
STARLINK-71784
1 71784U 23059A   25001.00000000  .00000000  00000-0  00000-0 0  9994
2 71784  53.0000 168.6293 0001000  44.5922 239.3565 15.06000000000015
STARLINK-71785
1 71785U 25074A   25001.00000000  .00000000  00000-0  00000-0 0  9994
2 71785  53.0000 177.8198 0001000 219.3448 194.7761 15.06000000000019
STARLINK-71786
1 71786U 19037A   25001.00000000  .00000000  00000-0  00000-0 0  9997
2 71786  53.0000 314.8326 0001000 339.4173 241.7256 15.06000000000017
STARLINK-71787
1 71787U 19019A   25001.00000000  .00000000  00000-0  00000-0 0  9998
2 71787  53.0000 276.1866 0001000 141.1796 223.2551 15.06000000000019
STARLINK-71788
1 71788U 21043A   25001.00000000  .00000000  00000-0  00000-0 0  9999
2 71788  53.2000  68.4490 0001000 167.2549 178.1934 15.06000000000015
STARLINK-71789
1 71789U 25040A   25001.00000000  .00000000  00000-0  00000-0 0  9991
2 71789  53.2000 168.1498 0001000  20.0440  88.1975 15.06000000000013
STARLINK-71790
1 71790U 23068A   25001.00000000  .00000000  00000-0  00000-0 0  9991
2 71790  43.0000 260.6486 0001000 141.1992 253.5019 15.06000000000011
STARLINK-71791
1 71791U 23005A   25001.00000000  .00000000  00000-0  00000-0 0  9993
2 71791  53.0000 357.3397 0001000 255.7904 130.0100 15.06000000000013
STARLINK-71792
1 71792U 22058A   25001.00000000  .00000000  00000-0  00000-0 0  9991
2 71792  70.0000 161.5103 0001000 242.4478 230.3929 15.06000000000015
STARLINK-71793
1 71793U 19088A   25001.00000000  .00000000  00000-0  00000-0 0  9991
2 71793  97.6000  66.0640 0001000 205.2468 102.0891 15.06000000000015
STARLINK-71794
1 71794U 24053A   25001.00000000  .00000000  00000-0  00000-0 0  9990
2 71794  53.0000 133.0240 0001000 100.0534 269.7856 15.06000000000011
STARLINK-71795
1 71795U 24092A   25001.00000000  .00000000  00000-0  00000-0 0  9994
2 71795  70.0000 326.4634 0001000 281.6510 218.5217 15.06000000000019
STARLINK-71796
1 71796U 25097A   25001.00000000  .00000000  00000-0  00000-0 0  9991
2 71796  53.0000 243.5273 0001000 201.5037 323.1655 15.06000000000013
STARLINK-71797
1 71797U 25041A   25001.00000000  .00000000  00000-0  00000-0 0  9991
2 71797  43.0000 353.4753 0001000  64.1004  62.0547 15.06000000000013
STARLINK-71798
1 71798U 20041A   25001.00000000  .00000000  00000-0  00000-0 0  9997
2 71798  53.0000  45.4732 0001000  96.8623 291.8790 15.06000000000011
STARLINK-71799
1 71799U 19058A   25001.00000000  .00000000  00000-0  00000-0 0  9994
2 71799  53.2000 164.8368 0001000 236.4506 149.2105 15.06000000000013
STARLINK-71800
1 71800U 24083A   25001.00000000  .00000000  00000-0  00000-0 0  9991
2 71800  53.2000  32.9477 0001000 321.6765 271.9701 15.06000000000011
STARLINK-71801
1 71801U 20063A   25001.00000000  .00000000  00000-0  00000-0 0  9996
2 71801  97.6000 253.0459 0001000 295.3971 239.4995 15.06000000000010
STARLINK-71802
1 71802U 22018A   25001.00000000  .00000000  00000-0  00000-0 0  9999
2 71802  53.2000 258.1227 0001000 190.2400  50.3478 15.06000000000014
STARLINK-71803
1 71803U 20018A   25001.00000000  .00000000  00000-0  00000-0 0  9998
2 71803  70.0000  16.0955 0001000 163.0710  15.9290 15.06000000000012
STARLINK-71804
1 71804U 24098A   25001.00000000  .00000000  00000-0  00000-0 0  9991
2 71804  53.2000 255.7737 0001000 243.8892  25.7776 15.06000000000012
STARLINK-71805
1 71805U 22050A   25001.00000000  .00000000  00000-0  00000-0 0  9998
2 71805  53.2000  19.0898 0001000 225.7763 135.2015 15.06000000000011
STARLINK-71806
1 71806U 19093A   25001.00000000  .00000000  00000-0  00000-0 0  9992
2 71806  53.2000   7.8659 0001000  89.0520 156.7528 15.06000000000011
STARLINK-71807
1 71807U 19013A   25001.00000000  .00000000  00000-0  00000-0 0  9995
2 71807  53.0000  94.9509 0001000  56.8710 313.0382 15.06000000000010
STARLINK-71808
1 71808U 21042A   25001.00000000  .00000000  00000-0  00000-0 0  9991
2 71808  70.0000  84.8723 0001000 139.1287 244.1601 15.06000000000018
STARLINK-71809
1 71809U 21088A   25001.00000000  .00000000  00000-0  00000-0 0  9992
2 71809  43.0000   5.2855 0001000 273.5258  54.5702 15.06000000000018
STARLINK-71810
1 71810U 21023A   25001.00000000  .00000000  00000-0  00000-0 0  9993
2 71810  43.0000 250.2509 0001000  89.5712  34.7013 15.06000000000013
STARLINK-71811
1 71811U 19061A   25001.00000000  .00000000  00000-0  00000-0 0  9993
2 71811  53.2000  33.2334 0001000 153.2368  45.9686 15.06000000000018
STARLINK-71812
1 71812U 25073A   25001.00000000  .00000000  00000-0  00000-0 0  9994
2 71812  53.0000 258.9660 0001000 270.3919 119.0987 15.06000000000015
STARLINK-71813
1 71813U 20089A   25001.00000000  .00000000  00000-0  00000-0 0  9997
2 71813  97.6000 252.8850 0001000 105.6479  70.6796 15.06000000000015
STARLINK-71814
1 71814U 23060A   25001.00000000  .00000000  00000-0  00000-0 0  9990
2 71814  53.0000 309.3691 0001000  48.9104 249.8966 15.06000000000016
STARLINK-71815
1 71815U 22073A   25001.00000000  .00000000  00000-0  00000-0 0  9994
2 71815  43.0000 355.5225 0001000 172.7797   0.2796 15.06000000000016
STARLINK-71816
1 71816U 23029A   25001.00000000  .00000000  00000-0  00000-0 0  9997
2 71816  53.2000 126.3663 0001000 286.3271 178.4735 15.06000000000010
STARLINK-71817
1 71817U 23038A   25001.00000000  .00000000  00000-0  00000-0 0  9998
2 71817  97.6000  85.5286 0001000 228.0350 102.6144 15.06000000000014
STARLINK-71818
1 71818U 19080A   25001.00000000  .00000000  00000-0  00000-0 0  9991
2 71818  53.0000 321.3006 0001000 318.7451 336.1549 15.06000000000014
STARLINK-71819
1 71819U 23058A   25001.00000000  .00000000  00000-0  00000-0 0  9992
2 71819  70.0000 153.4613 0001000 261.4914 195.1365 15.06000000000019
STARLINK-71820
1 71820U 23007A   25001.00000000  .00000000  00000-0  00000-0 0  9998
2 71820  53.0000 127.1507 0001000 254.0678  64.6689 15.06000000000016
STARLINK-71821
1 71821U 22021A   25001.00000000  .00000000  00000-0  00000-0 0  9994
2 71821  53.0000 135.8919 0001000 311.2394 343.0261 15.06000000000011
STARLINK-71822
1 71822U 21002A   25001.00000000  .00000000  00000-0  00000-0 0  9993
2 71822  70.0000 114.4589 0001000 302.5513 296.8884 15.06000000000019
STARLINK-71823
1 71823U 24034A   25001.00000000  .00000000  00000-0  00000-0 0  9992
2 71823  70.0000 251.3188 0001000 252.2075 290.3429 15.06000000000014
STARLINK-71824
1 71824U 21090A   25001.00000000  .00000000  00000-0  00000-0 0  9992
2 71824  43.0000 241.0795 0001000  25.8288 142.3945 15.06000000000014
STARLINK-71825
1 71825U 21086A   25001.00000000  .00000000  00000-0  00000-0 0  9998
2 71825  97.6000 268.2051 0001000 329.2323  48.7992 15.06000000000018
STARLINK-71826
1 71826U 24044A   25001.00000000  .00000000  00000-0  00000-0 0  9996
2 71826  70.0000 149.2136 0001000  56.4201  39.8088 15.06000000000017
STARLINK-71827
1 71827U 22082A   25001.00000000  .00000000  00000-0  00000-0 0  9997
2 71827  53.2000 111.4024 0001000  70.8934 342.9669 15.06000000000014
STARLINK-71828
1 71828U 23082A   25001.00000000  .00000000  00000-0  00000-0 0  9999
2 71828  97.6000 322.8710 0001000  56.5030 319.1095 15.06000000000014
STARLINK-71829
1 71829U 22023A   25001.00000000  .00000000  00000-0  00000-0 0  9994
2 71829  70.0000 273.0555 0001000 297.9289  38.5176 15.06000000000013
STARLINK-71830
1 71830U 24088A   25001.00000000  .00000000  00000-0  00000-0 0  9999
2 71830  43.0000 173.1661 0001000  33.1439  43.6864 15.06000000000011
STARLINK-71831
1 71831U 22012A   25001.00000000  .00000000  00000-0  00000-0 0  9995
2 71831  53.0000 168.5770 0001000 327.1327 275.0775 15.06000000000016
STARLINK-71832
1 71832U 20031A   25001.00000000  .00000000  00000-0  00000-0 0  9995
2 71832  97.6000 238.4389 0001000 137.3820 263.4017 15.06000000000013
STARLINK-71833
1 71833U 22082A   25001.00000000  .00000000  00000-0  00000-0 0  9994
2 71833  70.0000  47.5994 0001000   5.3738 204.2945 15.06000000000015
STARLINK-71834
1 71834U 19024A   25001.00000000  .00000000  00000-0  00000-0 0  9997
2 71834  53.0000 183.2302 0001000  37.7389 264.4354 15.06000000000011
STARLINK-71835
1 71835U 21052A   25001.00000000  .00000000  00000-0  00000-0 0  9992
2 71835  43.0000 144.1617 0001000 274.9928 245.0558 15.06000000000011
STARLINK-71836
1 71836U 22048A   25001.00000000  .00000000  00000-0  00000-0 0  9999
2 71836  70.0000 127.6398 0001000  72.5537  86.8835 15.06000000000011
STARLINK-71837
1 71837U 25051A   25001.00000000  .00000000  00000-0  00000-0 0  9997
2 71837  70.0000  91.6052 0001000  15.8040 353.9660 15.06000000000012
STARLINK-71838
1 71838U 19036A   25001.00000000  .00000000  00000-0  00000-0 0  9994
2 71838  53.2000 106.8231 0001000 353.3003 296.6907 15.06000000000010
STARLINK-71839
1 71839U 19041A   25001.00000000  .00000000  00000-0  00000-0 0  9991
2 71839  43.0000 333.6200 0001000 271.5311 356.4973 15.06000000000015
STARLINK-71840
1 71840U 21004A   25001.00000000  .00000000  00000-0  00000-0 0  9995
2 71840  53.2000  82.7798 0001000 331.4734 302.9579 15.06000000000017
STARLINK-71841
1 71841U 21007A   25001.00000000  .00000000  00000-0  00000-0 0  9999
2 71841  53.2000  77.6179 0001000  80.9978 208.3356 15.06000000000012
STARLINK-71842
1 71842U 25002A   25001.00000000  .00000000  00000-0  00000-0 0  9999
2 71842  53.0000 246.0452 0001000 310.0487 337.4441 15.06000000000018
STARLINK-71843
1 71843U 19012A   25001.00000000  .00000000  00000-0  00000-0 0  9994
2 71843  53.2000  96.2517 0001000 105.5223 321.2432 15.06000000000014
STARLINK-71844
1 71844U 24068A   25001.00000000  .00000000  00000-0  00000-0 0  9992
2 71844  70.0000  12.7856 0001000 190.7437 217.0591 15.06000000000012
STARLINK-71845
1 71845U 21052A   25001.00000000  .00000000  00000-0  00000-0 0  9993
2 71845  53.0000 299.5841 0001000 255.8109 130.4716 15.06000000000019
STARLINK-71846
1 71846U 19100A   25001.00000000  .00000000  00000-0  00000-0 0  9995
2 71846  53.0000   6.6734 0001000 275.5748 231.9381 15.06000000000011
STARLINK-71847
1 71847U 21054A   25001.00000000  .00000000  00000-0  00000-0 0  9997
2 71847  70.0000 171.0267 0001000 135.7582  33.6881 15.06000000000014
STARLINK-71848
1 71848U 21021A   25001.00000000  .00000000  00000-0  00000-0 0  9992
2 71848  97.6000  43.5526 0001000  13.5732 335.0657 15.06000000000011
STARLINK-71849
1 71849U 24015A   25001.00000000  .00000000  00000-0  00000-0 0  9999
2 71849  53.2000 137.7650 0001000  99.8277 200.3861 15.06000000000016
STARLINK-71850
1 71850U 24078A   25001.00000000  .00000000  00000-0  00000-0 0  9990
2 71850  53.2000  58.2960 0001000 136.2450 174.9710 15.06000000000017
STARLINK-71851
1 71851U 21006A   25001.00000000  .00000000  00000-0  00000-0 0  9999
2 71851  53.0000 121.5076 0001000  28.0837 214.0625 15.06000000000016
STARLINK-71852
1 71852U 21052A   25001.00000000  .00000000  00000-0  00000-0 0  9991
2 71852  70.0000 251.7585 0001000  96.2757 168.7253 15.06000000000017
STARLINK-71853
1 71853U 21055A   25001.00000000  .00000000  00000-0  00000-0 0  9995
2 71853  97.6000 286.2919 0001000 179.3148 104.6801 15.06000000000012
STARLINK-71854
1 71854U 25047A   25001.00000000  .00000000  00000-0  00000-0 0  9991
2 71854  53.0000  18.5255 0001000 340.9730 112.8403 15.06000000000010
STARLINK-71855
1 71855U 19052A   25001.00000000  .00000000  00000-0  00000-0 0  9991
2 71855  70.0000 318.2071 0001000  13.3709 137.1480 15.06000000000018
STARLINK-71856
1 71856U 23073A   25001.00000000  .00000000  00000-0  00000-0 0  9990
2 71856  70.0000 188.1094 0001000 291.1821 153.8561 15.06000000000014
STARLINK-71857
1 71857U 22053A   25001.00000000  .00000000  00000-0  00000-0 0  9998
2 71857  53.0000  57.0818 0001000 312.5784 119.7515 15.06000000000010
STARLINK-71858
1 71858U 24016A   25001.00000000  .00000000  00000-0  00000-0 0  9990
2 71858  53.2000 306.4525 0001000 334.8448 169.7340 15.06000000000014
STARLINK-71859
1 71859U 19076A   25001.00000000  .00000000  00000-0  00000-0 0  9991
2 71859  43.0000 254.3983 0001000  35.9260 288.6072 15.06000000000015
STARLINK-71860
1 71860U 25036A   25001.00000000  .00000000  00000-0  00000-0 0  9996
2 71860  53.0000 232.9044 0001000 265.1490 281.8141 15.06000000000012
STARLINK-71861
1 71861U 20024A   25001.00000000  .00000000  00000-0  00000-0 0  9999
2 71861  97.6000  18.3481 0001000 307.7446 324.2377 15.06000000000015
STARLINK-71862
1 71862U 19084A   25001.00000000  .00000000  00000-0  00000-0 0  9994
2 71862  70.0000 285.5081 0001000  55.2514  89.0186 15.06000000000010
STARLINK-71863
1 71863U 24006A   25001.00000000  .00000000  00000-0  00000-0 0  9995
2 71863  70.0000  19.2223 0001000 115.5914 266.0500 15.06000000000012
STARLINK-71864
1 71864U 19046A   25001.00000000  .00000000  00000-0  00000-0 0  9994
2 71864  53.2000  82.4305 0001000  70.2957 143.0455 15.06000000000016
STARLINK-71865
1 71865U 19068A   25001.00000000  .00000000  00000-0  00000-0 0  9999
2 71865  70.0000 132.1701 0001000 273.8757 270.5211 15.06000000000012
STARLINK-71866
1 71866U 19080A   25001.00000000  .00000000  00000-0  00000-0 0  9994
2 71866  43.0000 119.8473 0001000 304.7552  80.4859 15.06000000000014
STARLINK-71867
1 71867U 25082A   25001.00000000  .00000000  00000-0  00000-0 0  9994
2 71867  53.2000 123.2356 0001000 106.2629 272.2148 15.06000000000019
STARLINK-71868
1 71868U 23096A   25001.00000000  .00000000  00000-0  00000-0 0  9998
2 71868  53.2000 277.0862 0001000 313.7829 283.2341 15.06000000000014
STARLINK-71869
1 71869U 23052A   25001.00000000  .00000000  00000-0  00000-0 0  9991
2 71869  53.0000 229.3672 0001000 273.6676 151.4649 15.06000000000013
STARLINK-71870
1 71870U 19045A   25001.00000000  .00000000  00000-0  00000-0 0  9990
2 71870  97.6000 359.7640 0001000 209.2913  44.3641 15.06000000000013
STARLINK-71871
1 71871U 19026A   25001.00000000  .00000000  00000-0  00000-0 0  9990
2 71871  53.2000 214.7983 0001000 195.8777 320.9785 15.06000000000012
STARLINK-71872
1 71872U 19042A   25001.00000000  .00000000  00000-0  00000-0 0  9999
2 71872  43.0000 212.9843 0001000 292.7788 304.7665 15.06000000000011
STARLINK-71873
1 71873U 22032A   25001.00000000  .00000000  00000-0  00000-0 0  9993
2 71873  53.2000 206.7725 0001000 105.9630 194.9216 15.06000000000017
STARLINK-71874
1 71874U 22033A   25001.00000000  .00000000  00000-0  00000-0 0  9995
2 71874  43.0000 215.4825 0001000  23.4308 164.7675 15.06000000000013
STARLINK-71875
1 71875U 21054A   25001.00000000  .00000000  00000-0  00000-0 0  9998
2 71875  43.0000 230.3845 0001000  80.6979 214.2432 15.06000000000013
STARLINK-71876
1 71876U 20007A   25001.00000000  .00000000  00000-0  00000-0 0  9996
2 71876  97.6000 279.1568 0001000 207.3080 290.7070 15.06000000000010
STARLINK-71877
1 71877U 25011A   25001.00000000  .00000000  00000-0  00000-0 0  9997
2 71877  43.0000 114.5522 0001000 208.4358  40.4191 15.06000000000012
STARLINK-71878
1 71878U 21065A   25001.00000000  .00000000  00000-0  00000-0 0  9993
2 71878  70.0000  88.4836 0001000 171.8235 273.3040 15.06000000000017
STARLINK-71879
1 71879U 24091A   25001.00000000  .00000000  00000-0  00000-0 0  9996
2 71879  97.6000  61.7543 0001000  30.3539 342.0884 15.06000000000018
STARLINK-71880
1 71880U 23011A   25001.00000000  .00000000  00000-0  00000-0 0  9999
2 71880  97.6000 289.7180 0001000  20.3680 157.1437 15.06000000000014
STARLINK-71881
1 71881U 19076A   25001.00000000  .00000000  00000-0  00000-0 0  9996
2 71881  97.6000  98.7523 0001000 237.6572  83.2383 15.06000000000016
STARLINK-71882
1 71882U 21008A   25001.00000000  .00000000  00000-0  00000-0 0  9995
2 71882  97.6000  63.2516 0001000 147.8129 270.3564 15.06000000000016
STARLINK-71883
1 71883U 21016A   25001.00000000  .00000000  00000-0  00000-0 0  9995
2 71883  53.2000 217.5600 0001000 292.5316 129.5770 15.06000000000013
STARLINK-71884
1 71884U 20015A   25001.00000000  .00000000  00000-0  00000-0 0  9994
2 71884  53.2000 191.4132 0001000 134.3265 139.1721 15.06000000000013
STARLINK-71885
1 71885U 25023A   25001.00000000  .00000000  00000-0  00000-0 0  9999
2 71885  43.0000 272.4784 0001000  86.6611  37.1979 15.06000000000010
STARLINK-71886
1 71886U 20049A   25001.00000000  .00000000  00000-0  00000-0 0  9993
2 71886  97.6000 282.2159 0001000 153.7648 286.5065 15.06000000000013
STARLINK-71887
1 71887U 25022A   25001.00000000  .00000000  00000-0  00000-0 0  9990
2 71887  43.0000 276.9944 0001000 320.6785 215.2121 15.06000000000010
STARLINK-71888
1 71888U 22057A   25001.00000000  .00000000  00000-0  00000-0 0  9996
2 71888  53.2000 162.6509 0001000 129.1685 167.1165 15.06000000000016
STARLINK-71889
1 71889U 20047A   25001.00000000  .00000000  00000-0  00000-0 0  9994
2 71889  43.0000 159.3088 0001000 262.8720 254.0341 15.06000000000016
STARLINK-71890
1 71890U 20003A   25001.00000000  .00000000  00000-0  00000-0 0  9998
2 71890  70.0000  66.9561 0001000 219.8999 126.8467 15.06000000000012
STARLINK-71891
1 71891U 25059A   25001.00000000  .00000000  00000-0  00000-0 0  9995
2 71891  43.0000 268.1752 0001000 115.8696 109.2477 15.06000000000016
STARLINK-71892
1 71892U 23056A   25001.00000000  .00000000  00000-0  00000-0 0  9991
2 71892  53.2000 279.5425 0001000 203.8645 329.2717 15.06000000000016
STARLINK-71893
1 71893U 23032A   25001.00000000  .00000000  00000-0  00000-0 0  9996
2 71893  53.0000 162.8883 0001000 153.3239  33.1026 15.06000000000019
STARLINK-71894
1 71894U 23036A   25001.00000000  .00000000  00000-0  00000-0 0  9991
2 71894  53.2000  47.6422 0001000 164.5040  42.1119 15.06000000000018
STARLINK-71895
1 71895U 21086A   25001.00000000  .00000000  00000-0  00000-0 0  9995
2 71895  43.0000  98.4382 0001000 330.0203 141.1791 15.06000000000012
STARLINK-71896
1 71896U 24026A   25001.00000000  .00000000  00000-0  00000-0 0  9993
2 71896  53.0000 219.7761 0001000 167.0226 295.2042 15.06000000000016
STARLINK-71897
1 71897U 22090A   25001.00000000  .00000000  00000-0  00000-0 0  9993
2 71897  43.0000 256.1609 0001000 245.0189 182.0461 15.06000000000015
STARLINK-71898
1 71898U 23078A   25001.00000000  .00000000  00000-0  00000-0 0  9991
2 71898  70.0000  66.7568 0001000 271.3940  52.7801 15.06000000000013
STARLINK-71899
1 71899U 20098A   25001.00000000  .00000000  00000-0  00000-0 0  9991
2 71899  43.0000 141.9218 0001000  60.7851 293.6087 15.06000000000015
STARLINK-71900
1 71900U 25015A   25001.00000000  .00000000  00000-0  00000-0 0  9998
2 71900  53.0000 174.5016 0001000 285.5895 116.9677 15.06000000000014
STARLINK-71901
1 71901U 19095A   25001.00000000  .00000000  00000-0  00000-0 0  9990
2 71901  43.0000   5.3595 0001000 102.1431  70.1682 15.06000000000014
STARLINK-71902
1 71902U 22012A   25001.00000000  .00000000  00000-0  00000-0 0  9994
2 71902  43.0000 106.5669 0001000  43.7015  53.0374 15.06000000000017
STARLINK-71903
1 71903U 19050A   25001.00000000  .00000000  00000-0  00000-0 0  9993
2 71903  97.6000  66.5478 0001000 255.2149  95.7123 15.06000000000019
STARLINK-71904
1 71904U 21097A   25001.00000000  .00000000  00000-0  00000-0 0  9998
2 71904  70.0000 299.7587 0001000 240.4701  29.5634 15.06000000000018
STARLINK-71905
1 71905U 20035A   25001.00000000  .00000000  00000-0  00000-0 0  9990
2 71905  97.6000 161.8743 0001000  71.6621 233.4781 15.06000000000011
STARLINK-71906
1 71906U 23074A   25001.00000000  .00000000  00000-0  00000-0 0  9997
2 71906  53.2000 210.1825 0001000 210.4478 281.9350 15.06000000000012
STARLINK-71907
1 71907U 23024A   25001.00000000  .00000000  00000-0  00000-0 0  9993
2 71907  53.2000 148.3282 0001000 230.9056 105.2806 15.06000000000015
STARLINK-71908
1 71908U 19096A   25001.00000000  .00000000  00000-0  00000-0 0  9998
2 71908  97.6000 146.7821 0001000  84.2077 255.4100 15.06000000000017
STARLINK-71909
1 71909U 25013A   25001.00000000  .00000000  00000-0  00000-0 0  9995
2 71909  70.0000  67.8572 0001000  54.7184 218.2615 15.06000000000018
STARLINK-71910
1 71910U 23046A   25001.00000000  .00000000  00000-0  00000-0 0  9991
2 71910  70.0000 282.5531 0001000 143.3450 170.9060 15.06000000000010
STARLINK-71911
1 71911U 19046A   25001.00000000  .00000000  00000-0  00000-0 0  9997
2 71911  43.0000 287.7386 0001000 359.5257 110.8375 15.06000000000014
STARLINK-71912
1 71912U 23076A   25001.00000000  .00000000  00000-0  00000-0 0  9996
2 71912  53.2000 334.5469 0001000  78.4992 211.2110 15.06000000000017
STARLINK-71913
1 71913U 19076A   25001.00000000  .00000000  00000-0  00000-0 0  9992
2 71913  70.0000 246.0171 0001000 309.0631 297.3656 15.06000000000015
STARLINK-71914
1 71914U 19083A   25001.00000000  .00000000  00000-0  00000-0 0  9991
2 71914  70.0000 238.4767 0001000  76.2638 122.0799 15.06000000000014
STARLINK-71915
1 71915U 20093A   25001.00000000  .00000000  00000-0  00000-0 0  9995
2 71915  53.2000 272.5185 0001000 193.7828 347.4866 15.06000000000015
STARLINK-71916
1 71916U 21094A   25001.00000000  .00000000  00000-0  00000-0 0  9998
2 71916  70.0000 351.3221 0001000 357.3351 290.9921 15.06000000000013
STARLINK-71917
1 71917U 20015A   25001.00000000  .00000000  00000-0  00000-0 0  9991
2 71917  53.0000 348.7400 0001000 243.9518  83.2405 15.06000000000019
STARLINK-71918
1 71918U 21049A   25001.00000000  .00000000  00000-0  00000-0 0  9990
2 71918  53.2000 154.7900 0001000  98.0636 343.6628 15.06000000000012
STARLINK-71919
1 71919U 25008A   25001.00000000  .00000000  00000-0  00000-0 0  9990
2 71919  53.0000  28.8818 0001000 137.6377   7.5617 15.06000000000016
STARLINK-71920
1 71920U 20039A   25001.00000000  .00000000  00000-0  00000-0 0  9991
2 71920  97.6000   5.4122 0001000 193.4540 191.4853 15.06000000000018
STARLINK-71921
1 71921U 23069A   25001.00000000  .00000000  00000-0  00000-0 0  9998
2 71921  53.2000 252.7848 0001000  87.4739 324.1236 15.06000000000011
STARLINK-71922
1 71922U 24053A   25001.00000000  .00000000  00000-0  00000-0 0  9993
2 71922  43.0000  94.4792 0001000 167.5586  72.8992 15.06000000000014
STARLINK-71923
1 71923U 23073A   25001.00000000  .00000000  00000-0  00000-0 0  9995
2 71923  70.0000 111.3543 0001000 140.0690 167.9483 15.06000000000011
STARLINK-71924
1 71924U 19092A   25001.00000000  .00000000  00000-0  00000-0 0  9992
2 71924  43.0000 201.5272 0001000 105.7760  73.8402 15.06000000000015
STARLINK-71925
1 71925U 23040A   25001.00000000  .00000000  00000-0  00000-0 0  9991
2 71925  53.0000 100.1495 0001000  44.8057  49.9370 15.06000000000018
STARLINK-71926
1 71926U 22077A   25001.00000000  .00000000  00000-0  00000-0 0  9991
2 71926  97.6000 112.7277 0001000  70.0763 215.5055 15.06000000000016
STARLINK-71927
1 71927U 19039A   25001.00000000  .00000000  00000-0  00000-0 0  9996
2 71927  43.0000 330.6263 0001000 242.3124 150.8030 15.06000000000017
STARLINK-71928
1 71928U 19070A   25001.00000000  .00000000  00000-0  00000-0 0  9992
2 71928  97.6000 175.2791 0001000 191.2116 242.0799 15.06000000000011
STARLINK-71929
1 71929U 20050A   25001.00000000  .00000000  00000-0  00000-0 0  9993
2 71929  43.0000  89.6500 0001000  74.9643 168.4532 15.06000000000011
STARLINK-71930
1 71930U 21023A   25001.00000000  .00000000  00000-0  00000-0 0  9996
2 71930  70.0000  58.4046 0001000 313.7314 328.9265 15.06000000000017
STARLINK-71931
1 71931U 25036A   25001.00000000  .00000000  00000-0  00000-0 0  9995
2 71931  53.2000 160.3970 0001000 347.7581 180.9701 15.06000000000014
STARLINK-71932
1 71932U 21067A   25001.00000000  .00000000  00000-0  00000-0 0  9996
2 71932  53.0000 263.1173 0001000 243.5035 174.7204 15.06000000000016
STARLINK-71933
1 71933U 23017A   25001.00000000  .00000000  00000-0  00000-0 0  9994
2 71933  53.2000 131.7407 0001000  14.4202 205.8425 15.06000000000011
STARLINK-71934
1 71934U 21088A   25001.00000000  .00000000  00000-0  00000-0 0  9991
2 71934  70.0000 288.2798 0001000 218.6868 104.9732 15.06000000000016
STARLINK-71935
1 71935U 23056A   25001.00000000  .00000000  00000-0  00000-0 0  9999
2 71935  53.0000 317.8031 0001000 238.0876 146.1446 15.06000000000012
STARLINK-71936
1 71936U 21011A   25001.00000000  .00000000  00000-0  00000-0 0  9999
2 71936  43.0000   3.0057 0001000  60.2319 293.8431 15.06000000000015
STARLINK-71937
1 71937U 19031A   25001.00000000  .00000000  00000-0  00000-0 0  9999
2 71937  97.6000 262.7476 0001000 115.5307  29.3326 15.06000000000016
STARLINK-71938
1 71938U 25047A   25001.00000000  .00000000  00000-0  00000-0 0  9994
2 71938  70.0000  43.4512 0001000 327.0510 169.3101 15.06000000000019
STARLINK-71939
1 71939U 19074A   25001.00000000  .00000000  00000-0  00000-0 0  9998
2 71939  70.0000  44.3846 0001000 348.9982  46.8277 15.06000000000018
STARLINK-71940
1 71940U 24030A   25001.00000000  .00000000  00000-0  00000-0 0  9998
2 71940  53.2000 139.7459 0001000 103.4098  25.5047 15.06000000000013
STARLINK-71941
1 71941U 20100A   25001.00000000  .00000000  00000-0  00000-0 0  9993
2 71941  43.0000 267.1103 0001000 292.1387  79.9851 15.06000000000016
STARLINK-71942
1 71942U 22096A   25001.00000000  .00000000  00000-0  00000-0 0  9990
2 71942  43.0000 281.8763 0001000 285.6084  59.1667 15.06000000000018
STARLINK-71943
1 71943U 20053A   25001.00000000  .00000000  00000-0  00000-0 0  9992
2 71943  43.0000  13.1744 0001000 173.0774 338.4953 15.06000000000011
STARLINK-71944
1 71944U 21079A   25001.00000000  .00000000  00000-0  00000-0 0  9992
2 71944  53.0000 348.8238 0001000  22.5596  83.9513 15.06000000000013
STARLINK-71945
1 71945U 24006A   25001.00000000  .00000000  00000-0  00000-0 0  9996
2 71945  70.0000 163.6620 0001000 350.4559 354.3279 15.06000000000017
STARLINK-71946
1 71946U 21062A   25001.00000000  .00000000  00000-0  00000-0 0  9996
2 71946  53.0000 255.2349 0001000 274.7283 245.0500 15.06000000000010
STARLINK-71947
1 71947U 22052A   25001.00000000  .00000000  00000-0  00000-0 0  9997
2 71947  70.0000  66.1204 0001000 281.1166  26.5794 15.06000000000018
STARLINK-71948
1 71948U 21005A   25001.00000000  .00000000  00000-0  00000-0 0  9995
2 71948  97.6000 297.5841 0001000 210.6108  87.3522 15.06000000000018
STARLINK-71949
1 71949U 22046A   25001.00000000  .00000000  00000-0  00000-0 0  9992
2 71949  53.2000  90.2104 0001000 346.5309 185.1098 15.06000000000014
STARLINK-71950
1 71950U 21066A   25001.00000000  .00000000  00000-0  00000-0 0  9995
2 71950  53.0000  65.1337 0001000  91.7170  42.1826 15.06000000000019
STARLINK-71951
1 71951U 25092A   25001.00000000  .00000000  00000-0  00000-0 0  9999
2 71951  43.0000  40.1618 0001000 181.0331 244.7770 15.06000000000014
STARLINK-71952
1 71952U 20051A   25001.00000000  .00000000  00000-0  00000-0 0  9990
2 71952  53.2000  92.2517 0001000 222.6377 300.3372 15.06000000000013
STARLINK-71953
1 71953U 20054A   25001.00000000  .00000000  00000-0  00000-0 0  9994
2 71953  70.0000  19.1520 0001000 138.7510  21.6606 15.06000000000012
STARLINK-71954
1 71954U 20095A   25001.00000000  .00000000  00000-0  00000-0 0  9990
2 71954  53.0000 204.8835 0001000 286.3911 126.7527 15.06000000000010
STARLINK-71955
1 71955U 23004A   25001.00000000  .00000000  00000-0  00000-0 0  9994
2 71955  43.0000 336.0105 0001000 264.5374 206.2692 15.06000000000016
STARLINK-71956
1 71956U 19030A   25001.00000000  .00000000  00000-0  00000-0 0  9999
2 71956  70.0000  32.3148 0001000 333.3255 253.3741 15.06000000000011
STARLINK-71957
1 71957U 21096A   25001.00000000  .00000000  00000-0  00000-0 0  9995
2 71957  70.0000  47.4202 0001000  29.3258 220.3524 15.06000000000018
STARLINK-71958
1 71958U 24039A   25001.00000000  .00000000  00000-0  00000-0 0  9996
2 71958  53.2000 310.7634 0001000 152.1818   5.5530 15.06000000000014
STARLINK-71959
1 71959U 19050A   25001.00000000  .00000000  00000-0  00000-0 0  9994
2 71959  43.0000  84.5210 0001000 116.1709 159.0582 15.06000000000019
STARLINK-71960
1 71960U 21033A   25001.00000000  .00000000  00000-0  00000-0 0  9990
2 71960  53.2000  35.1602 0001000   4.9725 146.7608 15.06000000000015
STARLINK-71961
1 71961U 23097A   25001.00000000  .00000000  00000-0  00000-0 0  9993
2 71961  53.0000  15.9767 0001000 265.0020 117.2733 15.06000000000012
STARLINK-71962
1 71962U 24076A   25001.00000000  .00000000  00000-0  00000-0 0  9992
2 71962  97.6000 223.3475 0001000 322.7111  13.7710 15.06000000000015
STARLINK-71963
1 71963U 21086A   25001.00000000  .00000000  00000-0  00000-0 0  9991
2 71963  53.0000 187.4329 0001000 280.5346 253.6492 15.06000000000013
STARLINK-71964
1 71964U 23085A   25001.00000000  .00000000  00000-0  00000-0 0  9993
2 71964  53.2000 218.7579 0001000 137.6932 230.8483 15.06000000000011
STARLINK-71965
1 71965U 19079A   25001.00000000  .00000000  00000-0  00000-0 0  9992
2 71965  43.0000  13.7112 0001000 277.2232 235.9434 15.06000000000011
STARLINK-71966
1 71966U 19075A   25001.00000000  .00000000  00000-0  00000-0 0  9999
2 71966  70.0000 335.5261 0001000 352.9821 101.2962 15.06000000000018
STARLINK-71967
1 71967U 21015A   25001.00000000  .00000000  00000-0  00000-0 0  9997
2 71967  43.0000 243.6945 0001000 147.1545 225.3019 15.06000000000015
STARLINK-71968
1 71968U 20026A   25001.00000000  .00000000  00000-0  00000-0 0  9999
2 71968  70.0000 352.9819 0001000  98.6946 185.2441 15.06000000000018
STARLINK-71969
1 71969U 20058A   25001.00000000  .00000000  00000-0  00000-0 0  9995
2 71969  43.0000 286.3628 0001000 284.1642 300.0256 15.06000000000013
STARLINK-71970
1 71970U 21004A   25001.00000000  .00000000  00000-0  00000-0 0  9999
2 71970  97.6000  57.8573 0001000 138.1923  95.1598 15.06000000000011
STARLINK-71971
1 71971U 19057A   25001.00000000  .00000000  00000-0  00000-0 0  9995
2 71971  53.2000 206.2770 0001000 131.0621 196.5126 15.06000000000019
STARLINK-71972
1 71972U 22003A   25001.00000000  .00000000  00000-0  00000-0 0  9991
2 71972  43.0000  62.3326 0001000 225.5622 146.6823 15.06000000000015
STARLINK-71973
1 71973U 25016A   25001.00000000  .00000000  00000-0  00000-0 0  9999
2 71973  53.2000 195.4170 0001000  58.9687 337.8543 15.06000000000016
STARLINK-71974
1 71974U 23004A   25001.00000000  .00000000  00000-0  00000-0 0  9995
2 71974  53.0000 314.9148 0001000 296.0097  22.5517 15.06000000000017
STARLINK-71975
1 71975U 20006A   25001.00000000  .00000000  00000-0  00000-0 0  9995
2 71975  53.2000  99.4563 0001000 177.2181  83.1828 15.06000000000018
STARLINK-71976
1 71976U 24039A   25001.00000000  .00000000  00000-0  00000-0 0  9996
2 71976  43.0000 148.8660 0001000  97.3659 332.8637 15.06000000000017
STARLINK-71977
1 71977U 19006A   25001.00000000  .00000000  00000-0  00000-0 0  9995
2 71977  43.0000  69.0497 0001000 121.0882 303.5628 15.06000000000018
STARLINK-71978
1 71978U 22030A   25001.00000000  .00000000  00000-0  00000-0 0  9997
2 71978  43.0000 277.2638 0001000 151.3814  12.7797 15.06000000000016
STARLINK-71979
1 71979U 24026A   25001.00000000  .00000000  00000-0  00000-0 0  9995
2 71979  97.6000 157.1355 0001000 107.5029 152.6532 15.06000000000016
STARLINK-71980
1 71980U 24036A   25001.00000000  .00000000  00000-0  00000-0 0  9998
2 71980  70.0000  75.6818 0001000 235.6696  20.5682 15.06000000000013
STARLINK-71981
1 71981U 25062A   25001.00000000  .00000000  00000-0  00000-0 0  9999
2 71981  97.6000 312.5508 0001000   4.8224 263.1224 15.06000000000018
STARLINK-71982
1 71982U 24057A   25001.00000000  .00000000  00000-0  00000-0 0  9993
2 71982  70.0000 269.8697 0001000 163.1616 140.9908 15.06000000000012
STARLINK-71983
1 71983U 23083A   25001.00000000  .00000000  00000-0  00000-0 0  9992
2 71983  43.0000 142.5102 0001000 230.7017 260.2330 15.06000000000012
STARLINK-71984
1 71984U 25014A   25001.00000000  .00000000  00000-0  00000-0 0  9999
2 71984  70.0000 341.2852 0001000 263.2823 232.3531 15.06000000000012
STARLINK-71985
1 71985U 25003A   25001.00000000  .00000000  00000-0  00000-0 0  9998
2 71985  97.6000 298.2487 0001000 122.5076 197.5472 15.06000000000016
STARLINK-71986
1 71986U 23052A   25001.00000000  .00000000  00000-0  00000-0 0  9991
2 71986  43.0000  68.6252 0001000 314.0343 172.4524 15.06000000000016
STARLINK-71987
1 71987U 22044A   25001.00000000  .00000000  00000-0  00000-0 0  9992
2 71987  53.0000  68.2022 0001000  91.7802 119.3272 15.06000000000018
STARLINK-71988
1 71988U 22040A   25001.00000000  .00000000  00000-0  00000-0 0  9999
2 71988  53.0000 160.0383 0001000  84.5364 308.3427 15.06000000000015
STARLINK-71989
1 71989U 25092A   25001.00000000  .00000000  00000-0  00000-0 0  9990
2 71989  53.2000  32.0405 0001000 283.2258 279.0978 15.06000000000016
STARLINK-71990
1 71990U 21016A   25001.00000000  .00000000  00000-0  00000-0 0  9994
2 71990  53.0000 147.8469 0001000 227.0359 290.3919 15.06000000000010
STARLINK-71991
1 71991U 22088A   25001.00000000  .00000000  00000-0  00000-0 0  9995
2 71991  97.6000 228.8347 0001000   0.8233 291.8322 15.06000000000012
STARLINK-71992
1 71992U 21071A   25001.00000000  .00000000  00000-0  00000-0 0  9997
2 71992  70.0000  68.5919 0001000 237.3726 208.8112 15.06000000000011
STARLINK-71993
1 71993U 20041A   25001.00000000  .00000000  00000-0  00000-0 0  9994
2 71993  53.0000 130.9153 0001000  73.6330 211.2723 15.06000000000015
STARLINK-71994
1 71994U 19013A   25001.00000000  .00000000  00000-0  00000-0 0  9992
2 71994  97.6000 165.1860 0001000  98.6423 196.2450 15.06000000000014
STARLINK-71995
1 71995U 21052A   25001.00000000  .00000000  00000-0  00000-0 0  9999
2 71995  97.6000   4.5865 0001000  93.1953 190.1543 15.06000000000010
STARLINK-71996
1 71996U 20088A   25001.00000000  .00000000  00000-0  00000-0 0  9998
2 71996  53.0000 313.2858 0001000  18.3169 174.4771 15.06000000000015
STARLINK-71997
1 71997U 22023A   25001.00000000  .00000000  00000-0  00000-0 0  9990
2 71997  53.2000 268.3577 0001000  58.1435 158.7627 15.06000000000019
STARLINK-71998
1 71998U 22038A   25001.00000000  .00000000  00000-0  00000-0 0  9997
2 71998  53.2000 208.9366 0001000 316.2846  74.1232 15.06000000000013
STARLINK-71999
1 71999U 22091A   25001.00000000  .00000000  00000-0  00000-0 0  9997
2 71999  53.2000 179.4321 0001000 296.6964 233.4772 15.06000000000018
STARLINK-72000
1 72000U 22010A   25001.00000000  .00000000  00000-0  00000-0 0  9992
2 72000  70.0000 350.1389 0001000 158.9418 164.7400 15.06000000000019
STARLINK-72001
1 72001U 22100A   25001.00000000  .00000000  00000-0  00000-0 0  9993
2 72001  43.0000 260.6972 0001000 260.3446 354.2796 15.06000000000016
STARLINK-72002
1 72002U 25075A   25001.00000000  .00000000  00000-0  00000-0 0  9998
2 72002  97.6000 279.8683 0001000 276.1565 153.3906 15.06000000000011
STARLINK-72003
1 72003U 25068A   25001.00000000  .00000000  00000-0  00000-0 0  9991
2 72003  53.0000 351.3259 0001000 158.7719 315.6207 15.06000000000016
STARLINK-72004
1 72004U 24090A   25001.00000000  .00000000  00000-0  00000-0 0  9996
2 72004  43.0000 233.4119 0001000  27.8756 104.1340 15.06000000000017
STARLINK-72005
1 72005U 22095A   25001.00000000  .00000000  00000-0  00000-0 0  9990
2 72005  97.6000 275.1009 0001000 132.7349 112.5293 15.06000000000018
STARLINK-72006
1 72006U 20033A   25001.00000000  .00000000  00000-0  00000-0 0  9991
2 72006  70.0000  80.7048 0001000 293.0953 111.5026 15.06000000000012
STARLINK-72007
1 72007U 24010A   25001.00000000  .00000000  00000-0  00000-0 0  9991
2 72007  53.0000  92.2953 0001000 110.2541 199.1579 15.06000000000015
STARLINK-72008
1 72008U 22019A   25001.00000000  .00000000  00000-0  00000-0 0  9999
2 72008  53.0000 288.4884 0001000 138.5349 333.5464 15.06000000000014
STARLINK-72009
1 72009U 21070A   25001.00000000  .00000000  00000-0  00000-0 0  9996
2 72009  43.0000  71.7839 0001000 188.3617  19.0488 15.06000000000010
STARLINK-72010
1 72010U 23066A   25001.00000000  .00000000  00000-0  00000-0 0  9995
2 72010  70.0000 300.7702 0001000  98.6108 162.0502 15.06000000000010
STARLINK-72011
1 72011U 22004A   25001.00000000  .00000000  00000-0  00000-0 0  9997
2 72011  53.2000 120.4722 0001000 322.4213 247.6840 15.06000000000013
STARLINK-72012
1 72012U 22046A   25001.00000000  .00000000  00000-0  00000-0 0  9994
2 72012  43.0000  24.7720 0001000 214.2210 277.2828 15.06000000000015
STARLINK-72013
1 72013U 20087A   25001.00000000  .00000000  00000-0  00000-0 0  9998
2 72013  70.0000 110.7645 0001000 270.1681 160.5925 15.06000000000013
STARLINK-72014
1 72014U 19061A   25001.00000000  .00000000  00000-0  00000-0 0  9999
2 72014  53.0000 241.4367 0001000  40.0771 101.9380 15.06000000000016
STARLINK-72015
1 72015U 25067A   25001.00000000  .00000000  00000-0  00000-0 0  9993
2 72015  53.2000 246.4172 0001000 288.8458 288.8112 15.06000000000010
STARLINK-72016
1 72016U 24066A   25001.00000000  .00000000  00000-0  00000-0 0  9992
2 72016  43.0000 301.4942 0001000 219.6769 291.2748 15.06000000000015
STARLINK-72017
1 72017U 20009A   25001.00000000  .00000000  00000-0  00000-0 0  9996
2 72017  70.0000 318.4955 0001000 217.2624 153.0895 15.06000000000010
STARLINK-72018
1 72018U 23065A   25001.00000000  .00000000  00000-0  00000-0 0  9992
2 72018  53.0000 215.0069 0001000 235.0155 311.1895 15.06000000000014
STARLINK-72019
1 72019U 25089A   25001.00000000  .00000000  00000-0  00000-0 0  9991
2 72019  97.6000 253.2828 0001000 174.2859 179.5488 15.06000000000015
STARLINK-72020
1 72020U 23078A   25001.00000000  .00000000  00000-0  00000-0 0  9999
2 72020  97.6000 107.1068 0001000 149.3379 252.9714 15.06000000000018
STARLINK-72021
1 72021U 25035A   25001.00000000  .00000000  00000-0  00000-0 0  9995
2 72021  97.6000  39.9783 0001000 324.6135 271.6895 15.06000000000011
STARLINK-72022
1 72022U 24017A   25001.00000000  .00000000  00000-0  00000-0 0  9995
2 72022  43.0000  42.3683 0001000 203.6210  25.1175 15.06000000000017
STARLINK-72023
1 72023U 21054A   25001.00000000  .00000000  00000-0  00000-0 0  9994
2 72023  53.2000 214.5158 0001000 147.4799  71.0287 15.06000000000012
STARLINK-72024
1 72024U 25015A   25001.00000000  .00000000  00000-0  00000-0 0  9996
2 72024  97.6000  58.6381 0001000 165.4268  78.8605 15.06000000000010
STARLINK-72025
1 72025U 22099A   25001.00000000  .00000000  00000-0  00000-0 0  9996
2 72025  53.0000  22.7122 0001000 232.5315  51.1473 15.06000000000018
STARLINK-72026
1 72026U 21059A   25001.00000000  .00000000  00000-0  00000-0 0  9992
2 72026  53.2000  92.1329 0001000 293.8182  62.9625 15.06000000000012
STARLINK-72027
1 72027U 20049A   25001.00000000  .00000000  00000-0  00000-0 0  9991
2 72027  43.0000  57.8356 0001000 152.2868  73.3879 15.06000000000014
STARLINK-72028
1 72028U 22053A   25001.00000000  .00000000  00000-0  00000-0 0  9999
2 72028  97.6000 331.3191 0001000  15.3565 240.4876 15.06000000000014
STARLINK-72029
1 72029U 23014A   25001.00000000  .00000000  00000-0  00000-0 0  9998
2 72029  43.0000  37.3236 0001000  24.6789 205.0078 15.06000000000015
STARLINK-72030
1 72030U 23065A   25001.00000000  .00000000  00000-0  00000-0 0  9996
2 72030  53.0000 217.8330 0001000 327.4449 312.5920 15.06000000000015
STARLINK-72031
1 72031U 25003A   25001.00000000  .00000000  00000-0  00000-0 0  9991
2 72031  97.6000 213.9138 0001000 302.2427 168.5532 15.06000000000018
STARLINK-72032
1 72032U 19052A   25001.00000000  .00000000  00000-0  00000-0 0  9999
2 72032  53.0000 265.9708 0001000 334.3962 288.8647 15.06000000000018
STARLINK-72033
1 72033U 25009A   25001.00000000  .00000000  00000-0  00000-0 0  9999
2 72033  70.0000 115.1977 0001000 302.6123  61.3686 15.06000000000016
STARLINK-72034
1 72034U 25013A   25001.00000000  .00000000  00000-0  00000-0 0  9995
2 72034  53.2000  88.2548 0001000  51.2101 114.9576 15.06000000000010
STARLINK-72035
1 72035U 20072A   25001.00000000  .00000000  00000-0  00000-0 0  9996
2 72035  53.2000 192.7113 0001000 226.2112  53.8543 15.06000000000011
STARLINK-72036
1 72036U 21007A   25001.00000000  .00000000  00000-0  00000-0 0  9996
2 72036  53.2000 170.8381 0001000 119.0815  90.7383 15.06000000000017
STARLINK-72037
1 72037U 20084A   25001.00000000  .00000000  00000-0  00000-0 0  9991
2 72037  53.2000 238.1581 0001000 138.4734  23.9476 15.06000000000014
STARLINK-72038
1 72038U 21060A   25001.00000000  .00000000  00000-0  00000-0 0  9997
2 72038  53.0000 301.6526 0001000 245.2823 310.6626 15.06000000000017
STARLINK-72039
1 72039U 19006A   25001.00000000  .00000000  00000-0  00000-0 0  9995
2 72039  97.6000 185.4932 0001000  38.7502 353.3287 15.06000000000017
STARLINK-72040
1 72040U 19024A   25001.00000000  .00000000  00000-0  00000-0 0  9997
2 72040  97.6000 325.8707 0001000 214.4465 314.7795 15.06000000000015
STARLINK-72041
1 72041U 25036A   25001.00000000  .00000000  00000-0  00000-0 0  9998
2 72041  70.0000 111.6959 0001000 137.0006  45.9621 15.06000000000013
STARLINK-72042
1 72042U 24014A   25001.00000000  .00000000  00000-0  00000-0 0  9994
2 72042  97.6000 295.1876 0001000 211.7726 158.9544 15.06000000000013
STARLINK-72043
1 72043U 23006A   25001.00000000  .00000000  00000-0  00000-0 0  9995
2 72043  53.0000  17.1188 0001000 147.0719 124.6694 15.06000000000017
STARLINK-72044
1 72044U 20072A   25001.00000000  .00000000  00000-0  00000-0 0  9996
2 72044  53.0000 178.1766 0001000 345.4888 156.7097 15.06000000000012
STARLINK-72045
1 72045U 19085A   25001.00000000  .00000000  00000-0  00000-0 0  9999
2 72045  70.0000 342.5007 0001000  79.6809 339.9939 15.06000000000016
STARLINK-72046
1 72046U 23074A   25001.00000000  .00000000  00000-0  00000-0 0  9993
2 72046  97.6000  59.3522 0001000 197.7401 107.4263 15.06000000000015
STARLINK-72047
1 72047U 22080A   25001.00000000  .00000000  00000-0  00000-0 0  9990
2 72047  53.0000 296.4477 0001000 228.6562 217.2993 15.06000000000017
STARLINK-72048
1 72048U 25015A   25001.00000000  .00000000  00000-0  00000-0 0  9992
2 72048  43.0000 341.5444 0001000  91.4799 235.2238 15.06000000000013
STARLINK-72049
1 72049U 25020A   25001.00000000  .00000000  00000-0  00000-0 0  9999
2 72049  70.0000 319.1219 0001000 152.9180 321.2381 15.06000000000017
STARLINK-72050
1 72050U 20025A   25001.00000000  .00000000  00000-0  00000-0 0  9991
2 72050  70.0000  78.4962 0001000  71.4497 261.8627 15.06000000000017
STARLINK-72051
1 72051U 23094A   25001.00000000  .00000000  00000-0  00000-0 0  9991
2 72051  97.6000 166.8050 0001000 338.4864 176.8678 15.06000000000018
STARLINK-72052
1 72052U 20022A   25001.00000000  .00000000  00000-0  00000-0 0  9990
2 72052  43.0000  70.5432 0001000 134.0312 103.6561 15.06000000000016
STARLINK-72053
1 72053U 25081A   25001.00000000  .00000000  00000-0  00000-0 0  9991
2 72053  43.0000 160.7651 0001000  22.8731 148.7914 15.06000000000013
STARLINK-72054
1 72054U 25008A   25001.00000000  .00000000  00000-0  00000-0 0  9991
2 72054  70.0000 157.6366 0001000 207.8135 288.7536 15.06000000000010
STARLINK-72055
1 72055U 24002A   25001.00000000  .00000000  00000-0  00000-0 0  9995
2 72055  43.0000 152.3392 0001000 247.6156  10.3027 15.06000000000011
STARLINK-72056
1 72056U 20057A   25001.00000000  .00000000  00000-0  00000-0 0  9992
2 72056  43.0000 265.9641 0001000 174.3892  39.0824 15.06000000000016
STARLINK-72057
1 72057U 22026A   25001.00000000  .00000000  00000-0  00000-0 0  9991
2 72057  97.6000 146.8229 0001000 188.4816 344.1692 15.06000000000016
STARLINK-72058
1 72058U 19019A   25001.00000000  .00000000  00000-0  00000-0 0  9990
2 72058  70.0000  96.6533 0001000  59.7057  31.6425 15.06000000000011
STARLINK-72059
1 72059U 20023A   25001.00000000  .00000000  00000-0  00000-0 0  9998
2 72059  97.6000 208.9168 0001000  57.7872  11.9155 15.06000000000013
STARLINK-72060
1 72060U 20056A   25001.00000000  .00000000  00000-0  00000-0 0  9996
2 72060  43.0000 201.5998 0001000  96.9801 163.4805 15.06000000000012
STARLINK-72061
1 72061U 22081A   25001.00000000  .00000000  00000-0  00000-0 0  9997
2 72061  43.0000 209.4077 0001000 138.0634 312.8217 15.06000000000017
STARLINK-72062
1 72062U 20091A   25001.00000000  .00000000  00000-0  00000-0 0  9997
2 72062  53.0000  11.4516 0001000 346.4320  32.5304 15.06000000000018
STARLINK-72063
1 72063U 21075A   25001.00000000  .00000000  00000-0  00000-0 0  9991
2 72063  43.0000  96.7093 0001000 308.9953 250.9567 15.06000000000016
STARLINK-72064
1 72064U 19051A   25001.00000000  .00000000  00000-0  00000-0 0  9993
2 72064  53.2000  10.4812 0001000 109.1069  57.8375 15.06000000000012
STARLINK-72065
1 72065U 21092A   25001.00000000  .00000000  00000-0  00000-0 0  9992
2 72065  53.0000 267.6666 0001000 226.9967 310.8959 15.06000000000019
STARLINK-72066
1 72066U 20091A   25001.00000000  .00000000  00000-0  00000-0 0  9991
2 72066  43.0000  49.5823 0001000  18.0844  66.0395 15.06000000000019
STARLINK-72067
1 72067U 20003A   25001.00000000  .00000000  00000-0  00000-0 0  9995
2 72067  70.0000  28.7111 0001000  88.2482 158.7155 15.06000000000019
STARLINK-72068
1 72068U 21048A   25001.00000000  .00000000  00000-0  00000-0 0  9996
2 72068  70.0000  74.4048 0001000 273.7991  97.1251 15.06000000000016
STARLINK-72069
1 72069U 19031A   25001.00000000  .00000000  00000-0  00000-0 0  9996
2 72069  53.0000 108.6856 0001000 299.1120 261.7751 15.06000000000015
STARLINK-72070
1 72070U 20024A   25001.00000000  .00000000  00000-0  00000-0 0  9992
2 72070  97.6000 237.3093 0001000 244.8759 158.8490 15.06000000000015
STARLINK-72071
1 72071U 19011A   25001.00000000  .00000000  00000-0  00000-0 0  9997
2 72071  70.0000 100.8107 0001000 200.8129  65.7975 15.06000000000018
STARLINK-72072
1 72072U 22084A   25001.00000000  .00000000  00000-0  00000-0 0  9992
2 72072  97.6000  69.6599 0001000 177.3281 356.4284 15.06000000000011
STARLINK-72073
1 72073U 21071A   25001.00000000  .00000000  00000-0  00000-0 0  9998
2 72073  53.2000  36.3386 0001000 203.0110  37.8320 15.06000000000014
STARLINK-72074
1 72074U 21016A   25001.00000000  .00000000  00000-0  00000-0 0  9998
2 72074  53.2000 142.4954 0001000 141.6031 358.1905 15.06000000000012
STARLINK-72075
1 72075U 20051A   25001.00000000  .00000000  00000-0  00000-0 0  9997
2 72075  53.2000  84.8960 0001000 340.4960 173.1402 15.06000000000016
STARLINK-72076
1 72076U 22003A   25001.00000000  .00000000  00000-0  00000-0 0  9997
2 72076  43.0000 235.3766 0001000  52.2382 263.1963 15.06000000000019
STARLINK-72077
1 72077U 22094A   25001.00000000  .00000000  00000-0  00000-0 0  9998
2 72077  97.6000 339.7027 0001000  77.0353  80.3481 15.06000000000011
STARLINK-72078
1 72078U 22026A   25001.00000000  .00000000  00000-0  00000-0 0  9994
2 72078  70.0000 142.4942 0001000 105.6400  77.8251 15.06000000000019
STARLINK-72079
1 72079U 21007A   25001.00000000  .00000000  00000-0  00000-0 0  9993
2 72079  70.0000 269.5143 0001000 176.9284 210.8735 15.06000000000011
STARLINK-72080
1 72080U 25035A   25001.00000000  .00000000  00000-0  00000-0 0  9990
2 72080  53.2000 207.0379 0001000 212.1233  82.8446 15.06000000000017
STARLINK-72081
1 72081U 23053A   25001.00000000  .00000000  00000-0  00000-0 0  9999
2 72081  53.2000 206.1005 0001000 248.9858 129.3727 15.06000000000013
STARLINK-72082
1 72082U 21060A   25001.00000000  .00000000  00000-0  00000-0 0  9996
2 72082  53.0000  45.0676 0001000  81.2431 279.0420 15.06000000000014
STARLINK-72083
1 72083U 21095A   25001.00000000  .00000000  00000-0  00000-0 0  9995
2 72083  43.0000 202.9324 0001000 221.0141 119.5024 15.06000000000018
STARLINK-72084
1 72084U 24056A   25001.00000000  .00000000  00000-0  00000-0 0  9996
2 72084  97.6000 189.9427 0001000  98.8356   9.5921 15.06000000000014
STARLINK-72085
1 72085U 21014A   25001.00000000  .00000000  00000-0  00000-0 0  9998
2 72085  70.0000 265.9834 0001000 323.1884 350.9531 15.06000000000017
STARLINK-72086
1 72086U 24091A   25001.00000000  .00000000  00000-0  00000-0 0  9997
2 72086  97.6000 232.5180 0001000  52.2984   7.9687 15.06000000000019
STARLINK-72087
1 72087U 22043A   25001.00000000  .00000000  00000-0  00000-0 0  9993
2 72087  70.0000 223.8555 0001000 212.4523  60.5762 15.06000000000012
STARLINK-72088
1 72088U 19019A   25001.00000000  .00000000  00000-0  00000-0 0  9993
2 72088  53.0000 121.3103 0001000  49.3752 149.9073 15.06000000000013
STARLINK-72089
1 72089U 23045A   25001.00000000  .00000000  00000-0  00000-0 0  9998
2 72089  53.2000  31.3673 0001000 185.1346  34.9417 15.06000000000011
STARLINK-72090
1 72090U 20076A   25001.00000000  .00000000  00000-0  00000-0 0  9991
2 72090  53.2000  97.6089 0001000  74.1628 195.0108 15.06000000000015
STARLINK-72091
1 72091U 19092A   25001.00000000  .00000000  00000-0  00000-0 0  9998
2 72091  70.0000 176.7446 0001000 244.8728 157.9790 15.06000000000010
STARLINK-72092
1 72092U 19067A   25001.00000000  .00000000  00000-0  00000-0 0  9991
2 72092  70.0000 214.4795 0001000 343.4306 160.9828 15.06000000000012
STARLINK-72093
1 72093U 21099A   25001.00000000  .00000000  00000-0  00000-0 0  9990
2 72093  53.2000  95.0564 0001000 135.4790 319.4519 15.06000000000017
STARLINK-72094
1 72094U 19068A   25001.00000000  .00000000  00000-0  00000-0 0  9994
2 72094  53.2000 154.7212 0001000  43.6287 211.3486 15.06000000000015
STARLINK-72095
1 72095U 21031A   25001.00000000  .00000000  00000-0  00000-0 0  9998
2 72095  53.2000 146.1332 0001000 139.2904  97.3104 15.06000000000011
STARLINK-72096
1 72096U 25089A   25001.00000000  .00000000  00000-0  00000-0 0  9996
2 72096  53.0000 220.3072 0001000 191.3550  32.2475 15.06000000000011
STARLINK-72097
1 72097U 21039A   25001.00000000  .00000000  00000-0  00000-0 0  9998
2 72097  53.2000 280.1545 0001000 217.3429  76.8657 15.06000000000013
STARLINK-72098
1 72098U 22029A   25001.00000000  .00000000  00000-0  00000-0 0  9999
2 72098  43.0000   9.0899 0001000   0.3161  55.6579 15.06000000000012
STARLINK-72099
1 72099U 21028A   25001.00000000  .00000000  00000-0  00000-0 0  9998
2 72099  43.0000 176.1920 0001000 219.1885 104.8334 15.06000000000013
STARLINK-72100
1 72100U 20084A   25001.00000000  .00000000  00000-0  00000-0 0  9992
2 72100  70.0000 122.4354 0001000 281.6233 184.9690 15.06000000000016
STARLINK-72101
1 72101U 24044A   25001.00000000  .00000000  00000-0  00000-0 0  9993
2 72101  53.0000 353.2712 0001000 260.6652 119.5643 15.06000000000014
STARLINK-72102
1 72102U 20087A   25001.00000000  .00000000  00000-0  00000-0 0  9997
2 72102  53.0000 167.9413 0001000  81.4959 210.3446 15.06000000000013
STARLINK-72103
1 72103U 20042A   25001.00000000  .00000000  00000-0  00000-0 0  9999
2 72103  53.2000  47.3022 0001000 274.2129 170.2472 15.06000000000017
STARLINK-72104
1 72104U 25025A   25001.00000000  .00000000  00000-0  00000-0 0  9996
2 72104  43.0000 109.3043 0001000 136.5902 119.7905 15.06000000000015
STARLINK-72105
1 72105U 23025A   25001.00000000  .00000000  00000-0  00000-0 0  9995
2 72105  70.0000 205.0199 0001000 210.3101 243.2536 15.06000000000017
STARLINK-72106
1 72106U 24008A   25001.00000000  .00000000  00000-0  00000-0 0  9998
2 72106  70.0000 287.5843 0001000 106.2881   3.5512 15.06000000000018
STARLINK-72107
1 72107U 23057A   25001.00000000  .00000000  00000-0  00000-0 0  9992
2 72107  53.0000 236.7840 0001000 350.5982 309.2278 15.06000000000014
STARLINK-72108
1 72108U 23043A   25001.00000000  .00000000  00000-0  00000-0 0  9998
2 72108  53.0000  85.4917 0001000 212.5876 171.5973 15.06000000000010
STARLINK-72109
1 72109U 25085A   25001.00000000  .00000000  00000-0  00000-0 0  9997
2 72109  97.6000  66.1144 0001000  90.4777 152.7014 15.06000000000013
STARLINK-72110
1 72110U 19077A   25001.00000000  .00000000  00000-0  00000-0 0  9993
2 72110  53.0000 244.3618 0001000 124.9720   9.9761 15.06000000000010
STARLINK-72111
1 72111U 20079A   25001.00000000  .00000000  00000-0  00000-0 0  9998
2 72111  70.0000 258.6176 0001000 178.2089 241.6234 15.06000000000017
STARLINK-72112
1 72112U 19076A   25001.00000000  .00000000  00000-0  00000-0 0  9994
2 72112  53.0000 319.8727 0001000 110.5125 175.5619 15.06000000000013
STARLINK-72113
1 72113U 23024A   25001.00000000  .00000000  00000-0  00000-0 0  9993
2 72113  53.0000 258.6831 0001000 183.5779 232.2270 15.06000000000019
STARLINK-72114
1 72114U 20058A   25001.00000000  .00000000  00000-0  00000-0 0  9998
2 72114  70.0000 153.5388 0001000 349.0917 110.1795 15.06000000000018
STARLINK-72115
1 72115U 21028A   25001.00000000  .00000000  00000-0  00000-0 0  9997
2 72115  43.0000 130.4339 0001000 331.6928 310.0584 15.06000000000015
STARLINK-72116
1 72116U 24025A   25001.00000000  .00000000  00000-0  00000-0 0  9998
2 72116  70.0000  71.3300 0001000 297.9704 332.9540 15.06000000000018
STARLINK-72117
1 72117U 25059A   25001.00000000  .00000000  00000-0  00000-0 0  9997
2 72117  53.0000 331.5060 0001000 103.9228 223.9737 15.06000000000018
STARLINK-72118
1 72118U 21047A   25001.00000000  .00000000  00000-0  00000-0 0  9991
2 72118  53.0000  48.7541 0001000 254.8563 119.5883 15.06000000000010
STARLINK-72119
1 72119U 25095A   25001.00000000  .00000000  00000-0  00000-0 0  9999
2 72119  53.0000  75.8075 0001000 256.5604 164.0208 15.06000000000015
STARLINK-72120
1 72120U 24036A   25001.00000000  .00000000  00000-0  00000-0 0  9995
2 72120  70.0000 201.8138 0001000 249.5734 332.2620 15.06000000000010
STARLINK-72121
1 72121U 20016A   25001.00000000  .00000000  00000-0  00000-0 0  9990
2 72121  53.0000 161.9871 0001000 110.9141 303.1643 15.06000000000017
STARLINK-72122
1 72122U 23010A   25001.00000000  .00000000  00000-0  00000-0 0  9998
2 72122  43.0000  68.2160 0001000 267.6605 104.6528 15.06000000000018
STARLINK-72123
1 72123U 23090A   25001.00000000  .00000000  00000-0  00000-0 0  9997
2 72123  97.6000 210.5803 0001000 356.2913 226.9881 15.06000000000017
STARLINK-72124
1 72124U 23052A   25001.00000000  .00000000  00000-0  00000-0 0  9996
2 72124  53.2000 323.2314 0001000 231.5387 171.4967 15.06000000000014
STARLINK-72125
1 72125U 19069A   25001.00000000  .00000000  00000-0  00000-0 0  9990
2 72125  53.2000  73.7940 0001000 240.8401  47.3415 15.06000000000016
STARLINK-72126
1 72126U 19065A   25001.00000000  .00000000  00000-0  00000-0 0  9997
2 72126  70.0000  63.0668 0001000 310.5069 311.5540 15.06000000000013
STARLINK-72127
1 72127U 21025A   25001.00000000  .00000000  00000-0  00000-0 0  9997
2 72127  97.6000  15.0978 0001000 247.7613  34.3966 15.06000000000018
STARLINK-72128
1 72128U 21014A   25001.00000000  .00000000  00000-0  00000-0 0  9996
2 72128  70.0000 198.7444 0001000  15.4350 209.2979 15.06000000000016
STARLINK-72129
1 72129U 21083A   25001.00000000  .00000000  00000-0  00000-0 0  9993
2 72129  70.0000 138.1725 0001000 124.8138 260.4355 15.06000000000013
STARLINK-72130
1 72130U 25081A   25001.00000000  .00000000  00000-0  00000-0 0  9997
2 72130  53.2000  73.0538 0001000 279.6889 195.5478 15.06000000000013
STARLINK-72131
1 72131U 19078A   25001.00000000  .00000000  00000-0  00000-0 0  9997
2 72131  43.0000 220.4625 0001000 338.8444 334.4598 15.06000000000018
STARLINK-72132
1 72132U 19046A   25001.00000000  .00000000  00000-0  00000-0 0  9993
2 72132  97.6000 224.3424 0001000 190.2907 251.5332 15.06000000000013
STARLINK-72133
1 72133U 20055A   25001.00000000  .00000000  00000-0  00000-0 0  9996
2 72133  97.6000 148.6440 0001000 296.6093 328.1718 15.06000000000016
STARLINK-72134
1 72134U 21049A   25001.00000000  .00000000  00000-0  00000-0 0  9991
2 72134  53.2000 209.5680 0001000  11.5720 230.9475 15.06000000000019
STARLINK-72135
1 72135U 21049A   25001.00000000  .00000000  00000-0  00000-0 0  9992
2 72135  53.2000  74.6019 0001000  41.0244 175.1138 15.06000000000012
STARLINK-72136
1 72136U 24043A   25001.00000000  .00000000  00000-0  00000-0 0  9990
2 72136  53.2000  52.2956 0001000 354.7995  81.4760 15.06000000000012
STARLINK-72137
1 72137U 21024A   25001.00000000  .00000000  00000-0  00000-0 0  9997
2 72137  70.0000 160.7237 0001000 323.3013 246.9125 15.06000000000013
STARLINK-72138
1 72138U 19082A   25001.00000000  .00000000  00000-0  00000-0 0  9999
2 72138  53.0000 199.5437 0001000 120.0655  42.0277 15.06000000000014
STARLINK-72139
1 72139U 24081A   25001.00000000  .00000000  00000-0  00000-0 0  9995
2 72139  43.0000 251.4752 0001000 347.9791 356.2453 15.06000000000019
STARLINK-72140
1 72140U 20048A   25001.00000000  .00000000  00000-0  00000-0 0  9996
2 72140  43.0000 342.8486 0001000 350.5395 244.4418 15.06000000000019
STARLINK-72141
1 72141U 20085A   25001.00000000  .00000000  00000-0  00000-0 0  9998
2 72141  43.0000 149.3425 0001000  34.7681  75.2784 15.06000000000018
STARLINK-72142
1 72142U 21010A   25001.00000000  .00000000  00000-0  00000-0 0  9998
2 72142  43.0000 229.0351 0001000 110.8217  10.8218 15.06000000000011
STARLINK-72143
1 72143U 24020A   25001.00000000  .00000000  00000-0  00000-0 0  9993
2 72143  53.2000 143.4256 0001000  90.9183 299.1453 15.06000000000011
STARLINK-72144
1 72144U 20064A   25001.00000000  .00000000  00000-0  00000-0 0  9998
2 72144  97.6000 307.6485 0001000 121.2574 317.3166 15.06000000000018
STARLINK-72145
1 72145U 22095A   25001.00000000  .00000000  00000-0  00000-0 0  9995
2 72145  43.0000 192.1750 0001000  42.1716 340.0205 15.06000000000012
STARLINK-72146
1 72146U 22041A   25001.00000000  .00000000  00000-0  00000-0 0  9997
2 72146  53.2000 217.3054 0001000  22.1265   9.4597 15.06000000000010
STARLINK-72147
1 72147U 24077A   25001.00000000  .00000000  00000-0  00000-0 0  9999
2 72147  53.2000 342.3085 0001000 251.2199 290.3966 15.06000000000016
STARLINK-72148
1 72148U 20093A   25001.00000000  .00000000  00000-0  00000-0 0  9994
2 72148  53.0000  53.7186 0001000 329.9562 194.2782 15.06000000000015
STARLINK-72149
1 72149U 19034A   25001.00000000  .00000000  00000-0  00000-0 0  9998
2 72149  53.2000 154.1454 0001000 171.6569 128.0167 15.06000000000013
STARLINK-72150
1 72150U 25077A   25001.00000000  .00000000  00000-0  00000-0 0  9994
2 72150  43.0000 196.0616 0001000   7.7991  17.2126 15.06000000000019
STARLINK-72151
1 72151U 22066A   25001.00000000  .00000000  00000-0  00000-0 0  9990
2 72151  70.0000 170.9816 0001000  33.0720 119.2336 15.06000000000011
STARLINK-72152
1 72152U 21078A   25001.00000000  .00000000  00000-0  00000-0 0  9993
2 72152  70.0000 232.5576 0001000 292.5083  62.0575 15.06000000000014
STARLINK-72153
1 72153U 24094A   25001.00000000  .00000000  00000-0  00000-0 0  9995
2 72153  97.6000 133.9718 0001000 285.3885 275.5450 15.06000000000015
STARLINK-72154
1 72154U 20082A   25001.00000000  .00000000  00000-0  00000-0 0  9999
2 72154  70.0000 145.4572 0001000  33.7266 174.5943 15.06000000000010
STARLINK-72155
1 72155U 21028A   25001.00000000  .00000000  00000-0  00000-0 0  9991
2 72155  97.6000 135.1557 0001000  85.0505 183.1069 15.06000000000016
STARLINK-72156
1 72156U 23088A   25001.00000000  .00000000  00000-0  00000-0 0  9990
2 72156  53.0000  10.1276 0001000 148.6414 213.6805 15.06000000000015
STARLINK-72157
1 72157U 25004A   25001.00000000  .00000000  00000-0  00000-0 0  9991
2 72157  53.0000 234.7188 0001000  74.1570  12.4917 15.06000000000017
STARLINK-72158
1 72158U 21046A   25001.00000000  .00000000  00000-0  00000-0 0  9994
2 72158  53.0000 104.7536 0001000  74.2091 240.8248 15.06000000000014
STARLINK-72159
1 72159U 20084A   25001.00000000  .00000000  00000-0  00000-0 0  9996
2 72159  53.0000 211.1776 0001000 219.9893 283.3155 15.06000000000011
STARLINK-72160
1 72160U 23072A   25001.00000000  .00000000  00000-0  00000-0 0  9998
2 72160  53.2000 193.0178 0001000 102.9188 109.5349 15.06000000000011
STARLINK-72161
1 72161U 24055A   25001.00000000  .00000000  00000-0  00000-0 0  9991
2 72161  53.0000 299.8628 0001000 103.6952 298.2110 15.06000000000014
STARLINK-72162
1 72162U 25034A   25001.00000000  .00000000  00000-0  00000-0 0  9990
2 72162  53.0000 252.0035 0001000 300.6495 356.3184 15.06000000000016
STARLINK-72163
1 72163U 19035A   25001.00000000  .00000000  00000-0  00000-0 0  9995
2 72163  43.0000  65.2293 0001000 344.9596  13.9353 15.06000000000013
STARLINK-72164
1 72164U 25027A   25001.00000000  .00000000  00000-0  00000-0 0  9994
2 72164  70.0000 238.2656 0001000 292.2247 344.4401 15.06000000000013
STARLINK-72165
1 72165U 19075A   25001.00000000  .00000000  00000-0  00000-0 0  9991
2 72165  53.0000  85.6446 0001000  95.7414 112.2163 15.06000000000014
STARLINK-72166
1 72166U 25090A   25001.00000000  .00000000  00000-0  00000-0 0  9996
2 72166  70.0000 193.7088 0001000 347.8344 262.0378 15.06000000000012
STARLINK-72167
1 72167U 22091A   25001.00000000  .00000000  00000-0  00000-0 0  9995
2 72167  53.2000 140.3014 0001000  92.8541 295.7903 15.06000000000016
STARLINK-72168
1 72168U 19028A   25001.00000000  .00000000  00000-0  00000-0 0  9992
2 72168  43.0000 303.0708 0001000  55.7565 188.9628 15.06000000000013
STARLINK-72169
1 72169U 21066A   25001.00000000  .00000000  00000-0  00000-0 0  9998
2 72169  70.0000 339.7961 0001000 247.4097 267.3712 15.06000000000017
STARLINK-72170
1 72170U 20090A   25001.00000000  .00000000  00000-0  00000-0 0  9996
2 72170  97.6000 139.6620 0001000 323.4715 300.8041 15.06000000000013
STARLINK-72171
1 72171U 19051A   25001.00000000  .00000000  00000-0  00000-0 0  9992
2 72171  97.6000  91.9270 0001000  36.6956 143.6906 15.06000000000018
STARLINK-72172
1 72172U 23080A   25001.00000000  .00000000  00000-0  00000-0 0  9990
2 72172  70.0000 288.0826 0001000 330.3806  84.2679 15.06000000000015
STARLINK-72173
1 72173U 20077A   25001.00000000  .00000000  00000-0  00000-0 0  9994
2 72173  43.0000 199.7652 0001000 350.5090  37.3186 15.06000000000012
STARLINK-72174
1 72174U 20071A   25001.00000000  .00000000  00000-0  00000-0 0  9999
2 72174  53.2000  88.2272 0001000 333.7126 208.9824 15.06000000000014
STARLINK-72175
1 72175U 25092A   25001.00000000  .00000000  00000-0  00000-0 0  9998
2 72175  53.0000 198.3661 0001000 178.9120 125.7782 15.06000000000010
STARLINK-72176
1 72176U 22087A   25001.00000000  .00000000  00000-0  00000-0 0  9990
2 72176  53.2000 218.3186 0001000 136.5582 103.9490 15.06000000000014
STARLINK-72177
1 72177U 22092A   25001.00000000  .00000000  00000-0  00000-0 0  9997
2 72177  70.0000   8.9945 0001000 257.7197 133.6104 15.06000000000018
STARLINK-72178
1 72178U 24056A   25001.00000000  .00000000  00000-0  00000-0 0  9990
2 72178  53.0000 284.5312 0001000 290.8436  37.8381 15.06000000000016
STARLINK-72179
1 72179U 22026A   25001.00000000  .00000000  00000-0  00000-0 0  9996
2 72179  53.0000  90.7772 0001000 230.4452 231.2326 15.06000000000011
STARLINK-72180
1 72180U 20041A   25001.00000000  .00000000  00000-0  00000-0 0  9993
2 72180  53.2000 149.2692 0001000 255.4317 157.0574 15.06000000000013
STARLINK-72181
1 72181U 20051A   25001.00000000  .00000000  00000-0  00000-0 0  9995
2 72181  97.6000  77.6330 0001000 318.4831 275.0200 15.06000000000017
STARLINK-72182
1 72182U 19028A   25001.00000000  .00000000  00000-0  00000-0 0  9998
2 72182  53.2000 172.3160 0001000 303.0442 329.1035 15.06000000000015
STARLINK-72183
1 72183U 22015A   25001.00000000  .00000000  00000-0  00000-0 0  9999
2 72183  53.0000 191.8599 0001000   7.8771 183.6193 15.06000000000018
STARLINK-72184
1 72184U 25043A   25001.00000000  .00000000  00000-0  00000-0 0  9994
2 72184  70.0000 287.5088 0001000  33.5573 299.8160 15.06000000000014
STARLINK-72185
1 72185U 20064A   25001.00000000  .00000000  00000-0  00000-0 0  9993
2 72185  53.0000  52.0302 0001000 163.0981 194.7336 15.06000000000010
STARLINK-72186
1 72186U 23089A   25001.00000000  .00000000  00000-0  00000-0 0  9994
2 72186  97.6000 177.4168 0001000 267.2500 278.8622 15.06000000000013
STARLINK-72187
1 72187U 21023A   25001.00000000  .00000000  00000-0  00000-0 0  9991
2 72187  53.2000 162.7801 0001000 286.6659  15.1792 15.06000000000013
STARLINK-72188
1 72188U 25041A   25001.00000000  .00000000  00000-0  00000-0 0  9996
2 72188  53.0000  39.8227 0001000 322.4555 152.9594 15.06000000000012
STARLINK-72189
1 72189U 22074A   25001.00000000  .00000000  00000-0  00000-0 0  9990
2 72189  43.0000 183.4496 0001000  12.6280  51.5181 15.06000000000015
STARLINK-72190
1 72190U 21035A   25001.00000000  .00000000  00000-0  00000-0 0  9998
2 72190  43.0000 153.2474 0001000 207.7746 153.5137 15.06000000000016
STARLINK-72191
1 72191U 25063A   25001.00000000  .00000000  00000-0  00000-0 0  9994
2 72191  53.2000 315.7415 0001000  30.7194 118.3238 15.06000000000012
STARLINK-72192
1 72192U 23093A   25001.00000000  .00000000  00000-0  00000-0 0  9996
2 72192  43.0000 281.2602 0001000  76.0008 243.6964 15.06000000000010
STARLINK-72193
1 72193U 21043A   25001.00000000  .00000000  00000-0  00000-0 0  9990
2 72193  43.0000 117.4553 0001000  83.6710  15.1872 15.06000000000010
STARLINK-72194
1 72194U 25011A   25001.00000000  .00000000  00000-0  00000-0 0  9990
2 72194  53.2000 324.5373 0001000 113.2924  51.5945 15.06000000000017
STARLINK-72195
1 72195U 25017A   25001.00000000  .00000000  00000-0  00000-0 0  9997
2 72195  43.0000  59.8650 0001000  17.4190 306.4794 15.06000000000015
STARLINK-72196
1 72196U 19033A   25001.00000000  .00000000  00000-0  00000-0 0  9999
2 72196  97.6000 115.2819 0001000  61.4882 140.4754 15.06000000000014
STARLINK-72197
1 72197U 22076A   25001.00000000  .00000000  00000-0  00000-0 0  9991
2 72197  53.0000 309.4353 0001000 203.1113 207.0779 15.06000000000010
STARLINK-72198
1 72198U 21088A   25001.00000000  .00000000  00000-0  00000-0 0  9994
2 72198  97.6000 110.8273 0001000 185.1022 166.2633 15.06000000000013
STARLINK-72199
1 72199U 21036A   25001.00000000  .00000000  00000-0  00000-0 0  9998
2 72199  53.0000  92.3522 0001000 174.8983 236.0712 15.06000000000016
STARLINK-72200
1 72200U 23030A   25001.00000000  .00000000  00000-0  00000-0 0  9997
2 72200  53.2000  72.0919 0001000 335.3273 199.2596 15.06000000000012
STARLINK-72201
1 72201U 25060A   25001.00000000  .00000000  00000-0  00000-0 0  9993
2 72201  53.0000  11.7912 0001000 206.9227 332.2883 15.06000000000014
STARLINK-72202
1 72202U 25056A   25001.00000000  .00000000  00000-0  00000-0 0  9999
2 72202  43.0000 246.1922 0001000  61.2755 169.0688 15.06000000000016
STARLINK-72203
1 72203U 21097A   25001.00000000  .00000000  00000-0  00000-0 0  9991
2 72203  97.6000 144.7081 0001000  95.7633 218.6902 15.06000000000018
STARLINK-72204
1 72204U 22076A   25001.00000000  .00000000  00000-0  00000-0 0  9990
2 72204  97.6000 314.0251 0001000 303.9055 342.6718 15.06000000000015
STARLINK-72205
1 72205U 25020A   25001.00000000  .00000000  00000-0  00000-0 0  9993
2 72205  97.6000  68.9268 0001000   3.0289 180.0827 15.06000000000011
STARLINK-72206
1 72206U 19069A   25001.00000000  .00000000  00000-0  00000-0 0  9990
2 72206  70.0000 135.4018 0001000  57.5209 251.7528 15.06000000000010
STARLINK-72207
1 72207U 25087A   25001.00000000  .00000000  00000-0  00000-0 0  9998
2 72207  97.6000  28.3369 0001000   1.5465 158.1450 15.06000000000012
STARLINK-72208
1 72208U 24045A   25001.00000000  .00000000  00000-0  00000-0 0  9992
2 72208  70.0000  79.4597 0001000 305.8339   7.9099 15.06000000000018
STARLINK-72209
1 72209U 23070A   25001.00000000  .00000000  00000-0  00000-0 0  9990
2 72209  70.0000  62.3673 0001000  35.4842 332.5308 15.06000000000010
STARLINK-72210
1 72210U 21086A   25001.00000000  .00000000  00000-0  00000-0 0  9997
2 72210  70.0000 292.0963 0001000 219.4176 261.9316 15.06000000000014
STARLINK-72211
1 72211U 22050A   25001.00000000  .00000000  00000-0  00000-0 0  9990
2 72211  53.0000 236.7030 0001000 137.5630  77.2359 15.06000000000016
STARLINK-72212
1 72212U 25028A   25001.00000000  .00000000  00000-0  00000-0 0  9999
2 72212  53.0000 308.0669 0001000 329.1459 218.2722 15.06000000000017
STARLINK-72213
1 72213U 20011A   25001.00000000  .00000000  00000-0  00000-0 0  9997
2 72213  53.0000 305.5896 0001000 132.1827 267.2713 15.06000000000017
STARLINK-72214
1 72214U 25047A   25001.00000000  .00000000  00000-0  00000-0 0  9992
2 72214  53.0000 157.9081 0001000 110.9395  88.7101 15.06000000000014
STARLINK-72215
1 72215U 22088A   25001.00000000  .00000000  00000-0  00000-0 0  9995
2 72215  53.2000 300.4532 0001000 190.9110 318.3844 15.06000000000012
STARLINK-72216
1 72216U 20056A   25001.00000000  .00000000  00000-0  00000-0 0  9999
2 72216  70.0000 188.2538 0001000 130.0457 305.5596 15.06000000000019
STARLINK-72217
1 72217U 25080A   25001.00000000  .00000000  00000-0  00000-0 0  9992
2 72217  43.0000  60.0961 0001000 221.6799 275.0348 15.06000000000019
STARLINK-72218
1 72218U 21082A   25001.00000000  .00000000  00000-0  00000-0 0  9991
2 72218  97.6000 332.7812 0001000 262.6769   8.6291 15.06000000000018
STARLINK-72219
1 72219U 20093A   25001.00000000  .00000000  00000-0  00000-0 0  9993
2 72219  97.6000 109.3870 0001000   3.7987 276.3925 15.06000000000015
STARLINK-72220
1 72220U 22026A   25001.00000000  .00000000  00000-0  00000-0 0  9993
2 72220  43.0000 304.2582 0001000 135.6923 140.7738 15.06000000000019
STARLINK-72221
1 72221U 23010A   25001.00000000  .00000000  00000-0  00000-0 0  9998
2 72221  70.0000 200.7144 0001000  16.1259  59.8372 15.06000000000013
STARLINK-72222
1 72222U 23063A   25001.00000000  .00000000  00000-0  00000-0 0  9997
2 72222  43.0000 288.9506 0001000  43.0604 119.3996 15.06000000000011
STARLINK-72223
1 72223U 25023A   25001.00000000  .00000000  00000-0  00000-0 0  9996
2 72223  43.0000   6.6491 0001000 192.1975 167.7036 15.06000000000019
STARLINK-72224
1 72224U 24024A   25001.00000000  .00000000  00000-0  00000-0 0  9997
2 72224  43.0000 216.5104 0001000 120.7893 347.3304 15.06000000000013
STARLINK-72225
1 72225U 23077A   25001.00000000  .00000000  00000-0  00000-0 0  9995
2 72225  43.0000 292.4831 0001000 280.0449   8.0675 15.06000000000013
STARLINK-72226
1 72226U 22086A   25001.00000000  .00000000  00000-0  00000-0 0  9995
2 72226  53.2000  84.7005 0001000 201.9074 186.9591 15.06000000000011
STARLINK-72227
1 72227U 23029A   25001.00000000  .00000000  00000-0  00000-0 0  9994
2 72227  97.6000 273.1890 0001000  81.8290 117.3373 15.06000000000011
STARLINK-72228
1 72228U 22029A   25001.00000000  .00000000  00000-0  00000-0 0  9994
2 72228  53.2000  96.1251 0001000  64.3317 359.6962 15.06000000000015
STARLINK-72229
1 72229U 19074A   25001.00000000  .00000000  00000-0  00000-0 0  9991
2 72229  53.0000 256.8015 0001000 142.1008 258.6349 15.06000000000016
STARLINK-72230
1 72230U 24097A   25001.00000000  .00000000  00000-0  00000-0 0  9994
2 72230  97.6000 257.0204 0001000 279.2247  38.9817 15.06000000000011
STARLINK-72231
1 72231U 23018A   25001.00000000  .00000000  00000-0  00000-0 0  9997
2 72231  97.6000 147.5112 0001000  41.4605   7.6792 15.06000000000015
STARLINK-72232
1 72232U 20065A   25001.00000000  .00000000  00000-0  00000-0 0  9997
2 72232  53.2000  96.2245 0001000 265.6045  93.2914 15.06000000000016
STARLINK-72233
1 72233U 23099A   25001.00000000  .00000000  00000-0  00000-0 0  9998
2 72233  70.0000  99.2379 0001000 289.9013 312.2384 15.06000000000014
STARLINK-72234
1 72234U 24071A   25001.00000000  .00000000  00000-0  00000-0 0  9990
2 72234  53.0000 260.7735 0001000 194.6544 207.6833 15.06000000000014
STARLINK-72235
1 72235U 19079A   25001.00000000  .00000000  00000-0  00000-0 0  9993
2 72235  43.0000 112.2074 0001000 160.9650  53.3758 15.06000000000017
STARLINK-72236
1 72236U 25028A   25001.00000000  .00000000  00000-0  00000-0 0  9995
2 72236  43.0000 102.6969 0001000 161.9098 345.3542 15.06000000000016
STARLINK-72237
1 72237U 24058A   25001.00000000  .00000000  00000-0  00000-0 0  9998
2 72237  70.0000 251.2684 0001000 242.1835 147.5368 15.06000000000011
STARLINK-72238
1 72238U 24077A   25001.00000000  .00000000  00000-0  00000-0 0  9990
2 72238  97.6000 290.3474 0001000 266.4450  28.8664 15.06000000000010
STARLINK-72239
1 72239U 19038A   25001.00000000  .00000000  00000-0  00000-0 0  9992
2 72239  97.6000 252.9157 0001000 275.0550 302.3818 15.06000000000011
STARLINK-72240
1 72240U 21086A   25001.00000000  .00000000  00000-0  00000-0 0  9990
2 72240  70.0000  78.1257 0001000 185.3124  30.0068 15.06000000000019
STARLINK-72241
1 72241U 19019A   25001.00000000  .00000000  00000-0  00000-0 0  9994
2 72241  43.0000  49.3471 0001000 158.7559  58.4136 15.06000000000014
STARLINK-72242
1 72242U 21074A   25001.00000000  .00000000  00000-0  00000-0 0  9999
2 72242  43.0000 106.2439 0001000 323.5466 148.7556 15.06000000000010
STARLINK-72243
1 72243U 25066A   25001.00000000  .00000000  00000-0  00000-0 0  9995
2 72243  70.0000  66.0383 0001000 271.6221  79.8442 15.06000000000012
STARLINK-72244
1 72244U 23073A   25001.00000000  .00000000  00000-0  00000-0 0  9992
2 72244  43.0000 166.0944 0001000  92.5930 342.9392 15.06000000000012
STARLINK-72245
1 72245U 25086A   25001.00000000  .00000000  00000-0  00000-0 0  9999
2 72245  43.0000 204.6221 0001000 123.6342 124.8741 15.06000000000018
STARLINK-72246
1 72246U 20013A   25001.00000000  .00000000  00000-0  00000-0 0  9995
2 72246  53.0000 289.3125 0001000 102.5761  69.1166 15.06000000000016
STARLINK-72247
1 72247U 24005A   25001.00000000  .00000000  00000-0  00000-0 0  9991
2 72247  97.6000 318.1150 0001000 100.1097 358.3872 15.06000000000013
STARLINK-72248
1 72248U 25054A   25001.00000000  .00000000  00000-0  00000-0 0  9997
2 72248  97.6000 123.9431 0001000 259.4029 105.0528 15.06000000000016
STARLINK-72249
1 72249U 22072A   25001.00000000  .00000000  00000-0  00000-0 0  9995
2 72249  53.2000 137.3320 0001000 288.7892  28.5464 15.06000000000012
STARLINK-72250
1 72250U 21002A   25001.00000000  .00000000  00000-0  00000-0 0  9999
2 72250  70.0000  64.7132 0001000 172.7351 137.5024 15.06000000000010
STARLINK-72251
1 72251U 24008A   25001.00000000  .00000000  00000-0  00000-0 0  9999
2 72251  97.6000 336.7495 0001000 283.6516 334.7535 15.06000000000013
STARLINK-72252
1 72252U 19076A   25001.00000000  .00000000  00000-0  00000-0 0  9999
2 72252  53.2000 277.8772 0001000 212.2817 110.0386 15.06000000000016
STARLINK-72253
1 72253U 20009A   25001.00000000  .00000000  00000-0  00000-0 0  9998
2 72253  97.6000 324.3915 0001000 183.5829  69.7256 15.06000000000015
STARLINK-72254
1 72254U 21068A   25001.00000000  .00000000  00000-0  00000-0 0  9995
2 72254  53.2000 312.2665 0001000 220.9611 103.6026 15.06000000000010
STARLINK-72255
1 72255U 24035A   25001.00000000  .00000000  00000-0  00000-0 0  9993
2 72255  53.0000 157.1736 0001000 276.5303 324.8958 15.06000000000010
STARLINK-72256
1 72256U 20027A   25001.00000000  .00000000  00000-0  00000-0 0  9991
2 72256  43.0000 296.7260 0001000 111.5125  70.4977 15.06000000000017
STARLINK-72257
1 72257U 23046A   25001.00000000  .00000000  00000-0  00000-0 0  9996
2 72257  53.0000 118.6317 0001000 254.9741 221.5221 15.06000000000011
STARLINK-72258
1 72258U 22056A   25001.00000000  .00000000  00000-0  00000-0 0  9997
2 72258  43.0000 105.9208 0001000 121.8374 322.4077 15.06000000000013
STARLINK-72259
1 72259U 22007A   25001.00000000  .00000000  00000-0  00000-0 0  9994
2 72259  53.2000 232.2860 0001000 154.1438 161.7442 15.06000000000015
STARLINK-72260
1 72260U 21062A   25001.00000000  .00000000  00000-0  00000-0 0  9996
2 72260  70.0000 301.2289 0001000 241.8088 267.0575 15.06000000000018
STARLINK-72261
1 72261U 22071A   25001.00000000  .00000000  00000-0  00000-0 0  9998
2 72261  53.2000 354.0448 0001000 349.3769  62.6682 15.06000000000013
STARLINK-72262
1 72262U 21042A   25001.00000000  .00000000  00000-0  00000-0 0  9996
2 72262  70.0000 126.8415 0001000 182.8181  11.0642 15.06000000000012
STARLINK-72263
1 72263U 21012A   25001.00000000  .00000000  00000-0  00000-0 0  9994
2 72263  70.0000 183.2907 0001000 102.6204 223.7577 15.06000000000011
STARLINK-72264
1 72264U 24001A   25001.00000000  .00000000  00000-0  00000-0 0  9996
2 72264  53.0000 304.6894 0001000 235.4425  68.2986 15.06000000000013
STARLINK-72265
1 72265U 19054A   25001.00000000  .00000000  00000-0  00000-0 0  9999
2 72265  53.2000 148.2720 0001000 357.8150 185.8055 15.06000000000013
STARLINK-72266
1 72266U 23031A   25001.00000000  .00000000  00000-0  00000-0 0  9990
2 72266  43.0000 198.0944 0001000 323.9492 114.4409 15.06000000000016
STARLINK-72267
1 72267U 20001A   25001.00000000  .00000000  00000-0  00000-0 0  9995
2 72267  53.2000 156.7332 0001000 140.0589 273.1559 15.06000000000016
STARLINK-72268
1 72268U 23040A   25001.00000000  .00000000  00000-0  00000-0 0  9992
2 72268  43.0000 124.2826 0001000 307.1099 289.4877 15.06000000000017
STARLINK-72269
1 72269U 23093A   25001.00000000  .00000000  00000-0  00000-0 0  9991
2 72269  70.0000 359.7027 0001000 336.9865 129.3873 15.06000000000015
STARLINK-72270
1 72270U 25003A   25001.00000000  .00000000  00000-0  00000-0 0  9996
2 72270  70.0000  61.4755 0001000 166.7382 225.8505 15.06000000000019
STARLINK-72271
1 72271U 25027A   25001.00000000  .00000000  00000-0  00000-0 0  9993
2 72271  53.2000  93.5924 0001000 203.3710 133.6769 15.06000000000018
STARLINK-72272
1 72272U 24063A   25001.00000000  .00000000  00000-0  00000-0 0  9993
2 72272  97.6000 193.3828 0001000  26.5088 351.4269 15.06000000000011
STARLINK-72273
1 72273U 22013A   25001.00000000  .00000000  00000-0  00000-0 0  9997
2 72273  53.2000 207.1453 0001000 146.3093 166.8411 15.06000000000012
STARLINK-72274
1 72274U 25077A   25001.00000000  .00000000  00000-0  00000-0 0  9991
2 72274  70.0000 302.1522 0001000 143.9912 180.5896 15.06000000000016
STARLINK-72275
1 72275U 24044A   25001.00000000  .00000000  00000-0  00000-0 0  9995
2 72275  53.0000 240.2661 0001000 321.1470  91.0580 15.06000000000019
STARLINK-72276
1 72276U 20020A   25001.00000000  .00000000  00000-0  00000-0 0  9996
2 72276  70.0000 332.1891 0001000  73.1742 270.7699 15.06000000000018
STARLINK-72277
1 72277U 24053A   25001.00000000  .00000000  00000-0  00000-0 0  9997
2 72277  70.0000 113.4659 0001000  18.4292 136.9531 15.06000000000011
STARLINK-72278
1 72278U 19012A   25001.00000000  .00000000  00000-0  00000-0 0  9997
2 72278  70.0000 288.8853 0001000  13.9838 288.1003 15.06000000000015
STARLINK-72279
1 72279U 22025A   25001.00000000  .00000000  00000-0  00000-0 0  9996
2 72279  97.6000 140.9721 0001000 324.7017 158.5641 15.06000000000013
STARLINK-72280
1 72280U 25002A   25001.00000000  .00000000  00000-0  00000-0 0  9996
2 72280  53.0000 131.1892 0001000 231.4824 167.9312 15.06000000000011
STARLINK-72281
1 72281U 20006A   25001.00000000  .00000000  00000-0  00000-0 0  9996
2 72281  70.0000 233.5234 0001000 330.7393 158.1728 15.06000000000015
STARLINK-72282
1 72282U 22045A   25001.00000000  .00000000  00000-0  00000-0 0  9992
2 72282  97.6000 139.7213 0001000  38.0317 282.3461 15.06000000000013
STARLINK-72283
1 72283U 21016A   25001.00000000  .00000000  00000-0  00000-0 0  9990
2 72283  53.0000  43.7471 0001000 214.8979  35.5719 15.06000000000012
STARLINK-72284
1 72284U 23049A   25001.00000000  .00000000  00000-0  00000-0 0  9999
2 72284  43.0000 180.1082 0001000 215.4417 109.8820 15.06000000000018
STARLINK-72285
1 72285U 25084A   25001.00000000  .00000000  00000-0  00000-0 0  9991
2 72285  70.0000  45.4177 0001000  16.7727 198.4755 15.06000000000014
STARLINK-72286
1 72286U 24025A   25001.00000000  .00000000  00000-0  00000-0 0  9996
2 72286  53.0000 308.8854 0001000 109.6569  51.5124 15.06000000000019
STARLINK-72287
1 72287U 19041A   25001.00000000  .00000000  00000-0  00000-0 0  9999
2 72287  97.6000 220.4731 0001000 206.1960 300.7549 15.06000000000015
STARLINK-72288
1 72288U 21040A   25001.00000000  .00000000  00000-0  00000-0 0  9992
2 72288  53.2000 102.9212 0001000  19.4162 278.7992 15.06000000000017
STARLINK-72289
1 72289U 20034A   25001.00000000  .00000000  00000-0  00000-0 0  9995
2 72289  53.2000 335.3755 0001000 307.1070 148.2507 15.06000000000010
STARLINK-72290
1 72290U 20041A   25001.00000000  .00000000  00000-0  00000-0 0  9995
2 72290  53.2000 138.1899 0001000 102.8025 333.6914 15.06000000000012
STARLINK-72291
1 72291U 20026A   25001.00000000  .00000000  00000-0  00000-0 0  9999
2 72291  53.0000 311.7073 0001000 235.1144 337.0550 15.06000000000010
STARLINK-72292
1 72292U 20081A   25001.00000000  .00000000  00000-0  00000-0 0  9991
2 72292  70.0000 200.5768 0001000 254.2797 102.9151 15.06000000000018
STARLINK-72293
1 72293U 23074A   25001.00000000  .00000000  00000-0  00000-0 0  9997
2 72293  97.6000 181.3149 0001000 179.8108 340.1600 15.06000000000016
STARLINK-72294
1 72294U 21099A   25001.00000000  .00000000  00000-0  00000-0 0  9993
2 72294  53.0000 265.7416 0001000 293.1320 269.4818 15.06000000000017
STARLINK-72295
1 72295U 24032A   25001.00000000  .00000000  00000-0  00000-0 0  9994
2 72295  43.0000  24.2067 0001000 344.1799  26.6380 15.06000000000011
STARLINK-72296
1 72296U 23024A   25001.00000000  .00000000  00000-0  00000-0 0  9995
2 72296  53.2000 218.8828 0001000 115.1847  57.2483 15.06000000000015
STARLINK-72297
1 72297U 22005A   25001.00000000  .00000000  00000-0  00000-0 0  9994
2 72297  53.2000  64.2532 0001000 327.1315  17.6733 15.06000000000014
STARLINK-72298
1 72298U 22083A   25001.00000000  .00000000  00000-0  00000-0 0  9991
2 72298  97.6000 196.1039 0001000  86.5286 168.8879 15.06000000000017
STARLINK-72299
1 72299U 19013A   25001.00000000  .00000000  00000-0  00000-0 0  9991
2 72299  53.2000 180.6565 0001000 325.1902  29.4491 15.06000000000017
STARLINK-72300
1 72300U 22094A   25001.00000000  .00000000  00000-0  00000-0 0  9997
2 72300  97.6000 299.6785 0001000 137.0596 219.9294 15.06000000000013
STARLINK-72301
1 72301U 25077A   25001.00000000  .00000000  00000-0  00000-0 0  9992
2 72301  43.0000 257.8955 0001000 182.1879  28.1762 15.06000000000019
STARLINK-72302
1 72302U 19010A   25001.00000000  .00000000  00000-0  00000-0 0  9993
2 72302  43.0000  46.9547 0001000   1.0193 223.0878 15.06000000000016
STARLINK-72303
1 72303U 23059A   25001.00000000  .00000000  00000-0  00000-0 0  9992
2 72303  97.6000 350.3319 0001000 156.9201 225.7824 15.06000000000011
STARLINK-72304
1 72304U 20077A   25001.00000000  .00000000  00000-0  00000-0 0  9990
2 72304  53.2000 255.7862 0001000 109.3078 311.2445 15.06000000000015
STARLINK-72305
1 72305U 24052A   25001.00000000  .00000000  00000-0  00000-0 0  9998
2 72305  43.0000  74.6007 0001000 233.7289  98.6826 15.06000000000017
STARLINK-72306
1 72306U 22045A   25001.00000000  .00000000  00000-0  00000-0 0  9999
2 72306  53.2000 333.3342 0001000 262.4308  35.8036 15.06000000000015
STARLINK-72307
1 72307U 25051A   25001.00000000  .00000000  00000-0  00000-0 0  9990
2 72307  53.2000 165.3698 0001000 100.5151 149.4218 15.06000000000015
STARLINK-72308
1 72308U 25055A   25001.00000000  .00000000  00000-0  00000-0 0  9995
2 72308  53.2000  54.8572 0001000  16.0646  12.1696 15.06000000000015
STARLINK-72309
1 72309U 19035A   25001.00000000  .00000000  00000-0  00000-0 0  9997
2 72309  97.6000 271.5586 0001000  18.2378 220.8237 15.06000000000016
STARLINK-72310
1 72310U 24032A   25001.00000000  .00000000  00000-0  00000-0 0  9992
2 72310  53.0000  86.9370 0001000  14.6490 193.4346 15.06000000000014
STARLINK-72311
1 72311U 22045A   25001.00000000  .00000000  00000-0  00000-0 0  9995
2 72311  53.0000 350.6590 0001000  59.5605 289.8634 15.06000000000016
STARLINK-72312
1 72312U 22035A   25001.00000000  .00000000  00000-0  00000-0 0  9995
2 72312  43.0000  98.1361 0001000 257.5973 228.1635 15.06000000000011
STARLINK-72313
1 72313U 22039A   25001.00000000  .00000000  00000-0  00000-0 0  9990
2 72313  53.0000 307.4877 0001000 152.4102 171.8850 15.06000000000011
STARLINK-72314
1 72314U 21008A   25001.00000000  .00000000  00000-0  00000-0 0  9996
2 72314  43.0000  62.1810 0001000  30.6821  97.0330 15.06000000000010
STARLINK-72315
1 72315U 19020A   25001.00000000  .00000000  00000-0  00000-0 0  9998
2 72315  43.0000  63.5496 0001000 129.7939 325.0003 15.06000000000017
STARLINK-72316
1 72316U 20016A   25001.00000000  .00000000  00000-0  00000-0 0  9996
2 72316  53.2000 233.0651 0001000  62.3190 141.9552 15.06000000000013
STARLINK-72317
1 72317U 23035A   25001.00000000  .00000000  00000-0  00000-0 0  9991
2 72317  97.6000  14.8821 0001000 243.3124 156.1225 15.06000000000013
STARLINK-72318
1 72318U 19008A   25001.00000000  .00000000  00000-0  00000-0 0  9997
2 72318  43.0000 309.8320 0001000 210.7749 336.4009 15.06000000000014
STARLINK-72319
1 72319U 23073A   25001.00000000  .00000000  00000-0  00000-0 0  9995
2 72319  53.0000 274.0724 0001000  21.1350  26.5852 15.06000000000012
STARLINK-72320
1 72320U 21032A   25001.00000000  .00000000  00000-0  00000-0 0  9990
2 72320  53.0000  73.8172 0001000 213.6781  68.0705 15.06000000000010
STARLINK-72321
1 72321U 22058A   25001.00000000  .00000000  00000-0  00000-0 0  9990
2 72321  97.6000 254.8656 0001000 265.2015 106.2766 15.06000000000018
STARLINK-72322
1 72322U 20046A   25001.00000000  .00000000  00000-0  00000-0 0  9996
2 72322  70.0000 175.1521 0001000 184.5375 183.4951 15.06000000000015
STARLINK-72323
1 72323U 25050A   25001.00000000  .00000000  00000-0  00000-0 0  9997
2 72323  53.0000  87.8251 0001000 105.4290 220.3794 15.06000000000010
STARLINK-72324
1 72324U 24057A   25001.00000000  .00000000  00000-0  00000-0 0  9994
2 72324  43.0000 185.4094 0001000 245.3635 344.9927 15.06000000000018
STARLINK-72325
1 72325U 22004A   25001.00000000  .00000000  00000-0  00000-0 0  9995
2 72325  97.6000 100.5255 0001000 334.7317 151.8562 15.06000000000011
STARLINK-72326
1 72326U 24056A   25001.00000000  .00000000  00000-0  00000-0 0  9995
2 72326  97.6000  38.5513 0001000   8.1645 199.2271 15.06000000000018
STARLINK-72327
1 72327U 22079A   25001.00000000  .00000000  00000-0  00000-0 0  9999
2 72327  53.0000  85.4462 0001000 222.0983 146.0318 15.06000000000013
STARLINK-72328
1 72328U 25050A   25001.00000000  .00000000  00000-0  00000-0 0  9992
2 72328  97.6000 253.2637 0001000 198.4890 187.4413 15.06000000000015
STARLINK-72329
1 72329U 19093A   25001.00000000  .00000000  00000-0  00000-0 0  9993
2 72329  53.0000 204.5390 0001000 127.3614 291.3979 15.06000000000014
STARLINK-72330
1 72330U 24066A   25001.00000000  .00000000  00000-0  00000-0 0  9991
2 72330  43.0000 158.2225 0001000 114.8527 126.7875 15.06000000000017
STARLINK-72331
1 72331U 24074A   25001.00000000  .00000000  00000-0  00000-0 0  9991
2 72331  70.0000 328.9916 0001000 138.7449 187.1280 15.06000000000010
STARLINK-72332
1 72332U 21095A   25001.00000000  .00000000  00000-0  00000-0 0  9992
2 72332  43.0000  55.9051 0001000 349.4927  63.2514 15.06000000000014
STARLINK-72333
1 72333U 19054A   25001.00000000  .00000000  00000-0  00000-0 0  9995
2 72333  53.0000 215.2675 0001000  33.0146 217.9827 15.06000000000013
STARLINK-72334
1 72334U 21005A   25001.00000000  .00000000  00000-0  00000-0 0  9995
2 72334  53.2000 182.9688 0001000  14.9381 299.3515 15.06000000000017
STARLINK-72335
1 72335U 24086A   25001.00000000  .00000000  00000-0  00000-0 0  9998
2 72335  70.0000 158.1296 0001000 302.7065 170.1959 15.06000000000010
STARLINK-72336
1 72336U 25015A   25001.00000000  .00000000  00000-0  00000-0 0  9992
2 72336  97.6000  55.0550 0001000 231.7257 223.0338 15.06000000000017
STARLINK-72337
1 72337U 23035A   25001.00000000  .00000000  00000-0  00000-0 0  9993
2 72337  53.2000 348.0532 0001000 329.0965 190.1415 15.06000000000018
STARLINK-72338
1 72338U 22078A   25001.00000000  .00000000  00000-0  00000-0 0  9990
2 72338  53.2000 159.6725 0001000 310.2151 235.9416 15.06000000000017
STARLINK-72339
1 72339U 23013A   25001.00000000  .00000000  00000-0  00000-0 0  9991
2 72339  97.6000 135.2143 0001000  11.6549  70.7515 15.06000000000012
STARLINK-72340
1 72340U 24065A   25001.00000000  .00000000  00000-0  00000-0 0  9991
2 72340  97.6000  35.5605 0001000 251.4515 315.3160 15.06000000000010
STARLINK-72341
1 72341U 25028A   25001.00000000  .00000000  00000-0  00000-0 0  9992
2 72341  53.0000  78.4012 0001000 256.9840 279.2796 15.06000000000019
STARLINK-72342
1 72342U 25060A   25001.00000000  .00000000  00000-0  00000-0 0  9999
2 72342  97.6000 249.3927 0001000 196.1572  87.8865 15.06000000000015
STARLINK-72343
1 72343U 20017A   25001.00000000  .00000000  00000-0  00000-0 0  9997
2 72343  97.6000 209.9381 0001000 175.8957 233.3495 15.06000000000010
STARLINK-72344
1 72344U 19073A   25001.00000000  .00000000  00000-0  00000-0 0  9998
2 72344  53.2000 224.3708 0001000 146.9267 235.3252 15.06000000000019
STARLINK-72345
1 72345U 20003A   25001.00000000  .00000000  00000-0  00000-0 0  9994
2 72345  97.6000 201.4345 0001000 214.3205  46.6933 15.06000000000016
STARLINK-72346
1 72346U 23084A   25001.00000000  .00000000  00000-0  00000-0 0  9997
2 72346  53.0000 209.8055 0001000 292.2052 278.6875 15.06000000000010
STARLINK-72347
1 72347U 24022A   25001.00000000  .00000000  00000-0  00000-0 0  9991
2 72347  43.0000 105.0270 0001000 214.7647 287.3175 15.06000000000015
STARLINK-72348
1 72348U 20094A   25001.00000000  .00000000  00000-0  00000-0 0  9997
2 72348  97.6000 249.5497 0001000 150.5023 324.5640 15.06000000000012
STARLINK-72349
1 72349U 21072A   25001.00000000  .00000000  00000-0  00000-0 0  9995
2 72349  53.0000  54.0152 0001000 262.2729 116.0681 15.06000000000019
STARLINK-72350
1 72350U 20001A   25001.00000000  .00000000  00000-0  00000-0 0  9998
2 72350  70.0000 351.0719 0001000 139.8445 255.6793 15.06000000000017
STARLINK-72351
1 72351U 25081A   25001.00000000  .00000000  00000-0  00000-0 0  9992
2 72351  70.0000 248.9204 0001000  69.1481  34.2153 15.06000000000017
STARLINK-72352
1 72352U 24065A   25001.00000000  .00000000  00000-0  00000-0 0  9994
2 72352  97.6000 332.5325 0001000  98.0716 213.1458 15.06000000000015
STARLINK-72353
1 72353U 21082A   25001.00000000  .00000000  00000-0  00000-0 0  9991
2 72353  97.6000 297.8231 0001000  25.3610 336.2569 15.06000000000011
STARLINK-72354
1 72354U 22059A   25001.00000000  .00000000  00000-0  00000-0 0  9997
2 72354  70.0000 131.4211 0001000 359.0320 279.6719 15.06000000000010
STARLINK-72355
1 72355U 20056A   25001.00000000  .00000000  00000-0  00000-0 0  9993
2 72355  53.2000  64.9357 0001000  15.3060 224.8845 15.06000000000010
STARLINK-72356
1 72356U 25032A   25001.00000000  .00000000  00000-0  00000-0 0  9993
2 72356  70.0000 106.8046 0001000 288.6643 219.3594 15.06000000000011
STARLINK-72357
1 72357U 22040A   25001.00000000  .00000000  00000-0  00000-0 0  9990
2 72357  97.6000 339.2625 0001000  29.7325 218.6467 15.06000000000014
STARLINK-72358
1 72358U 22065A   25001.00000000  .00000000  00000-0  00000-0 0  9998
2 72358  53.2000 261.8163 0001000 129.1231 126.5475 15.06000000000017
STARLINK-72359
1 72359U 24033A   25001.00000000  .00000000  00000-0  00000-0 0  9996
2 72359  97.6000 234.0909 0001000  95.5198  33.4845 15.06000000000015
STARLINK-72360
1 72360U 21014A   25001.00000000  .00000000  00000-0  00000-0 0  9994
2 72360  53.0000  39.1651 0001000  24.1706 136.8558 15.06000000000013
STARLINK-72361
1 72361U 23022A   25001.00000000  .00000000  00000-0  00000-0 0  9996
2 72361  53.0000 165.4827 0001000  50.9292 211.9184 15.06000000000019
STARLINK-72362
1 72362U 23014A   25001.00000000  .00000000  00000-0  00000-0 0  9998
2 72362  53.0000 350.7159 0001000 226.3691 352.2847 15.06000000000014
STARLINK-72363
1 72363U 21087A   25001.00000000  .00000000  00000-0  00000-0 0  9997
2 72363  53.2000  38.7432 0001000  88.6082 287.6839 15.06000000000019
STARLINK-72364
1 72364U 19010A   25001.00000000  .00000000  00000-0  00000-0 0  9991
2 72364  53.2000 255.2780 0001000 356.4260   6.7229 15.06000000000019
STARLINK-72365
1 72365U 21059A   25001.00000000  .00000000  00000-0  00000-0 0  9998
2 72365  53.0000  98.1665 0001000  54.0198 271.8252 15.06000000000016
STARLINK-72366
1 72366U 21087A   25001.00000000  .00000000  00000-0  00000-0 0  9990
2 72366  53.2000 158.0900 0001000 311.0336 152.8301 15.06000000000010
STARLINK-72367
1 72367U 20060A   25001.00000000  .00000000  00000-0  00000-0 0  9991
2 72367  53.0000  44.7368 0001000  37.1798 111.4661 15.06000000000016
STARLINK-72368
1 72368U 19030A   25001.00000000  .00000000  00000-0  00000-0 0  9997
2 72368  43.0000 317.2353 0001000 314.1249 316.3314 15.06000000000018
STARLINK-72369
1 72369U 22018A   25001.00000000  .00000000  00000-0  00000-0 0  9998
2 72369  70.0000 311.4036 0001000  30.8417 228.2624 15.06000000000017
STARLINK-72370
1 72370U 23044A   25001.00000000  .00000000  00000-0  00000-0 0  9990
2 72370  70.0000  64.5893 0001000 233.4820 349.5589 15.06000000000012
STARLINK-72371
1 72371U 21054A   25001.00000000  .00000000  00000-0  00000-0 0  9990
2 72371  97.6000 216.6034 0001000 162.7567 168.3676 15.06000000000011
STARLINK-72372
1 72372U 25097A   25001.00000000  .00000000  00000-0  00000-0 0  9992
2 72372  97.6000  41.7492 0001000  38.0092  53.4973 15.06000000000019
STARLINK-72373
1 72373U 22097A   25001.00000000  .00000000  00000-0  00000-0 0  9990
2 72373  43.0000 202.8748 0001000 114.7379 278.9089 15.06000000000011
STARLINK-72374
1 72374U 19082A   25001.00000000  .00000000  00000-0  00000-0 0  9991
2 72374  53.0000 275.9994 0001000 245.6367 113.7983 15.06000000000017
STARLINK-72375
1 72375U 22065A   25001.00000000  .00000000  00000-0  00000-0 0  9997
2 72375  53.2000  19.3709 0001000 143.9704 163.5524 15.06000000000013
STARLINK-72376
1 72376U 19001A   25001.00000000  .00000000  00000-0  00000-0 0  9994
2 72376  53.0000 177.2546 0001000 293.2935 195.0449 15.06000000000016
STARLINK-72377
1 72377U 19085A   25001.00000000  .00000000  00000-0  00000-0 0  9997
2 72377  43.0000 330.6167 0001000 239.3975  75.8467 15.06000000000010
STARLINK-72378
1 72378U 25023A   25001.00000000  .00000000  00000-0  00000-0 0  9997
2 72378  97.6000 291.4655 0001000  18.8543  36.3312 15.06000000000014
STARLINK-72379
1 72379U 24074A   25001.00000000  .00000000  00000-0  00000-0 0  9993
2 72379  97.6000 182.2666 0001000 248.3701  62.9142 15.06000000000016
STARLINK-72380
1 72380U 21052A   25001.00000000  .00000000  00000-0  00000-0 0  9998
2 72380  53.0000 152.5738 0001000 177.9168 179.7235 15.06000000000018
STARLINK-72381
1 72381U 19043A   25001.00000000  .00000000  00000-0  00000-0 0  9996
2 72381  53.0000  34.0203 0001000 244.7347 131.0762 15.06000000000018
STARLINK-72382
1 72382U 19086A   25001.00000000  .00000000  00000-0  00000-0 0  9994
2 72382  43.0000 130.9810 0001000 337.5788 334.3518 15.06000000000015
STARLINK-72383
1 72383U 25070A   25001.00000000  .00000000  00000-0  00000-0 0  9995
2 72383  97.6000 120.1236 0001000 283.1586 154.5232 15.06000000000011
STARLINK-72384
1 72384U 25079A   25001.00000000  .00000000  00000-0  00000-0 0  9995
2 72384  43.0000  68.1111 0001000 198.2031  72.3966 15.06000000000012
STARLINK-72385
1 72385U 21010A   25001.00000000  .00000000  00000-0  00000-0 0  9997
2 72385  97.6000 149.6540 0001000   4.3324  82.5956 15.06000000000013
STARLINK-72386
1 72386U 21016A   25001.00000000  .00000000  00000-0  00000-0 0  9994
2 72386  53.0000  46.4836 0001000 133.1578 140.3273 15.06000000000019
STARLINK-72387
1 72387U 21045A   25001.00000000  .00000000  00000-0  00000-0 0  9997
2 72387  70.0000 355.5264 0001000  39.0108 173.5958 15.06000000000019
STARLINK-72388
1 72388U 25008A   25001.00000000  .00000000  00000-0  00000-0 0  9991
2 72388  53.2000 304.6926 0001000 351.5174 216.1448 15.06000000000016
STARLINK-72389
1 72389U 19063A   25001.00000000  .00000000  00000-0  00000-0 0  9996
2 72389  97.6000 134.2541 0001000  34.9518 111.8315 15.06000000000017
STARLINK-72390
1 72390U 23011A   25001.00000000  .00000000  00000-0  00000-0 0  9996
2 72390  70.0000  39.7449 0001000 221.6290 241.5049 15.06000000000017
STARLINK-72391
1 72391U 20075A   25001.00000000  .00000000  00000-0  00000-0 0  9994
2 72391  70.0000  38.8993 0001000  29.5602  76.6048 15.06000000000010
STARLINK-72392
1 72392U 22022A   25001.00000000  .00000000  00000-0  00000-0 0  9999
2 72392  97.6000 108.8589 0001000 193.4757  27.4477 15.06000000000017
STARLINK-72393
1 72393U 23067A   25001.00000000  .00000000  00000-0  00000-0 0  9990
2 72393  53.0000  12.4739 0001000 215.6635 212.4565 15.06000000000017
STARLINK-72394
1 72394U 25053A   25001.00000000  .00000000  00000-0  00000-0 0  9998
2 72394  53.0000 211.9589 0001000  89.5690 234.8573 15.06000000000013
STARLINK-72395
1 72395U 19031A   25001.00000000  .00000000  00000-0  00000-0 0  9998
2 72395  53.0000 192.5403 0001000  88.3393  29.0396 15.06000000000017
STARLINK-72396
1 72396U 25064A   25001.00000000  .00000000  00000-0  00000-0 0  9992
2 72396  70.0000 105.0641 0001000 280.5910 280.0905 15.06000000000016
STARLINK-72397
1 72397U 22086A   25001.00000000  .00000000  00000-0  00000-0 0  9994
2 72397  70.0000 205.2795 0001000 280.7563 325.7444 15.06000000000011
STARLINK-72398
1 72398U 23050A   25001.00000000  .00000000  00000-0  00000-0 0  9997
2 72398  43.0000 284.5024 0001000 343.2567  45.4995 15.06000000000013
STARLINK-72399
1 72399U 20004A   25001.00000000  .00000000  00000-0  00000-0 0  9994
2 72399  43.0000  52.7977 0001000  72.7375 144.5986 15.06000000000018
STARLINK-72400
1 72400U 24071A   25001.00000000  .00000000  00000-0  00000-0 0  9995
2 72400  53.2000 162.0778 0001000 197.2834 286.1466 15.06000000000017
STARLINK-72401
1 72401U 25035A   25001.00000000  .00000000  00000-0  00000-0 0  9997
2 72401  53.0000 269.1339 0001000  13.4375 348.7510 15.06000000000012
STARLINK-72402
1 72402U 19023A   25001.00000000  .00000000  00000-0  00000-0 0  9998
2 72402  53.2000  93.0928 0001000 108.8315  52.9622 15.06000000000014
STARLINK-72403
1 72403U 19017A   25001.00000000  .00000000  00000-0  00000-0 0  9992
2 72403  97.6000 322.8722 0001000 144.6514  11.4351 15.06000000000010
STARLINK-72404
1 72404U 22047A   25001.00000000  .00000000  00000-0  00000-0 0  9990
2 72404  53.2000 288.7533 0001000 194.9766  58.0900 15.06000000000013
STARLINK-72405
1 72405U 20014A   25001.00000000  .00000000  00000-0  00000-0 0  9993
2 72405  53.0000 122.6802 0001000 257.8023 354.6513 15.06000000000017
STARLINK-72406
1 72406U 25038A   25001.00000000  .00000000  00000-0  00000-0 0  9995
2 72406  70.0000 185.3601 0001000 308.5957 103.1212 15.06000000000013
STARLINK-72407
1 72407U 20011A   25001.00000000  .00000000  00000-0  00000-0 0  9992
2 72407  70.0000  30.3495 0001000  91.8051 273.7286 15.06000000000016
STARLINK-72408
1 72408U 22049A   25001.00000000  .00000000  00000-0  00000-0 0  9996
2 72408  53.0000  68.6017 0001000 286.7509 262.9196 15.06000000000015
STARLINK-72409
1 72409U 21027A   25001.00000000  .00000000  00000-0  00000-0 0  9992
2 72409  43.0000 356.4706 0001000 302.8446 232.3852 15.06000000000018
STARLINK-72410
1 72410U 20024A   25001.00000000  .00000000  00000-0  00000-0 0  9990
2 72410  53.0000 329.3733 0001000 331.6191 314.9652 15.06000000000012
STARLINK-72411
1 72411U 20075A   25001.00000000  .00000000  00000-0  00000-0 0  9997
2 72411  97.6000 350.9039 0001000 103.4667  54.7644 15.06000000000019
STARLINK-72412
1 72412U 22081A   25001.00000000  .00000000  00000-0  00000-0 0  9997
2 72412  97.6000 185.3333 0001000 190.3166 155.6291 15.06000000000015
STARLINK-72413
1 72413U 22007A   25001.00000000  .00000000  00000-0  00000-0 0  9996
2 72413  97.6000 119.8241 0001000  36.1249 255.6387 15.06000000000012
STARLINK-72414
1 72414U 24078A   25001.00000000  .00000000  00000-0  00000-0 0  9997
2 72414  97.6000 145.6382 0001000 154.0284  30.1304 15.06000000000010
STARLINK-72415
1 72415U 24095A   25001.00000000  .00000000  00000-0  00000-0 0  9997
2 72415  53.2000 179.4956 0001000  22.0965 152.5606 15.06000000000015
STARLINK-72416
1 72416U 19087A   25001.00000000  .00000000  00000-0  00000-0 0  9993
2 72416  97.6000 134.3379 0001000 105.8688  61.4603 15.06000000000014
STARLINK-72417
1 72417U 19010A   25001.00000000  .00000000  00000-0  00000-0 0  9990
2 72417  70.0000 253.7917 0001000  52.8069  48.2084 15.06000000000014
STARLINK-72418
1 72418U 24050A   25001.00000000  .00000000  00000-0  00000-0 0  9991
2 72418  53.0000 341.1004 0001000 349.1757 344.2996 15.06000000000012
STARLINK-72419
1 72419U 24045A   25001.00000000  .00000000  00000-0  00000-0 0  9996
2 72419  97.6000 168.6914 0001000 197.8892 227.1459 15.06000000000010
STARLINK-72420
1 72420U 24093A   25001.00000000  .00000000  00000-0  00000-0 0  9991
2 72420  53.2000   2.8001 0001000 332.0314 313.1658 15.06000000000015
STARLINK-72421
1 72421U 22044A   25001.00000000  .00000000  00000-0  00000-0 0  9996
2 72421  53.0000 135.8703 0001000   3.6208 261.1139 15.06000000000019
STARLINK-72422
1 72422U 21090A   25001.00000000  .00000000  00000-0  00000-0 0  9997
2 72422  53.0000 314.6916 0001000  73.8229 173.5308 15.06000000000019
STARLINK-72423
1 72423U 21003A   25001.00000000  .00000000  00000-0  00000-0 0  9992
2 72423  53.0000 180.9598 0001000  63.5323  26.9208 15.06000000000011
STARLINK-72424
1 72424U 21064A   25001.00000000  .00000000  00000-0  00000-0 0  9990
2 72424  97.6000 230.9651 0001000  33.7094 275.1226 15.06000000000014
STARLINK-72425
1 72425U 25078A   25001.00000000  .00000000  00000-0  00000-0 0  9990
2 72425  70.0000 177.2198 0001000  45.5800 322.3668 15.06000000000010
STARLINK-72426
1 72426U 23092A   25001.00000000  .00000000  00000-0  00000-0 0  9995
2 72426  53.0000 216.2657 0001000 299.9281 350.5655 15.06000000000013
STARLINK-72427
1 72427U 24045A   25001.00000000  .00000000  00000-0  00000-0 0  9995
2 72427  43.0000 341.4911 0001000 130.4637 263.0487 15.06000000000012
STARLINK-72428
1 72428U 23006A   25001.00000000  .00000000  00000-0  00000-0 0  9992
2 72428  97.6000   4.5269 0001000 248.5502 166.8518 15.06000000000018
STARLINK-72429
1 72429U 25081A   25001.00000000  .00000000  00000-0  00000-0 0  9998
2 72429  43.0000 351.9038 0001000 262.4417  40.7452 15.06000000000014
STARLINK-72430
1 72430U 21075A   25001.00000000  .00000000  00000-0  00000-0 0  9999
2 72430  53.2000 318.4770 0001000 322.9453  93.0060 15.06000000000018
STARLINK-72431
1 72431U 23046A   25001.00000000  .00000000  00000-0  00000-0 0  9990
2 72431  43.0000  83.1757 0001000 187.2625 348.0465 15.06000000000012
STARLINK-72432
1 72432U 20012A   25001.00000000  .00000000  00000-0  00000-0 0  9991
2 72432  53.2000 161.1617 0001000 173.7911  77.8513 15.06000000000017
STARLINK-72433
1 72433U 19054A   25001.00000000  .00000000  00000-0  00000-0 0  9996
2 72433  97.6000 245.4622 0001000 162.9909  89.1755 15.06000000000013
STARLINK-72434
1 72434U 22085A   25001.00000000  .00000000  00000-0  00000-0 0  9995
2 72434  43.0000 233.0211 0001000 268.8288 196.5957 15.06000000000019
STARLINK-72435
1 72435U 20061A   25001.00000000  .00000000  00000-0  00000-0 0  9998
2 72435  53.2000 276.1669 0001000 188.8290 154.7843 15.06000000000012
STARLINK-72436
1 72436U 25031A   25001.00000000  .00000000  00000-0  00000-0 0  9991
2 72436  97.6000  41.6674 0001000  91.0042 324.3703 15.06000000000016
STARLINK-72437
1 72437U 21082A   25001.00000000  .00000000  00000-0  00000-0 0  9994
2 72437  53.2000 355.1556 0001000 140.6284 190.1060 15.06000000000011
STARLINK-72438
1 72438U 25035A   25001.00000000  .00000000  00000-0  00000-0 0  9997
2 72438  70.0000 245.1861 0001000  29.6661  66.0915 15.06000000000011
STARLINK-72439
1 72439U 23068A   25001.00000000  .00000000  00000-0  00000-0 0  9992
2 72439  70.0000 134.0455 0001000 248.9083  24.0354 15.06000000000012
STARLINK-72440
1 72440U 23067A   25001.00000000  .00000000  00000-0  00000-0 0  9993
2 72440  97.6000 174.1145 0001000 313.3641  32.9902 15.06000000000014
STARLINK-72441
1 72441U 19012A   25001.00000000  .00000000  00000-0  00000-0 0  9999
2 72441  70.0000 204.9931 0001000 147.0398 239.5827 15.06000000000017
STARLINK-72442
1 72442U 20087A   25001.00000000  .00000000  00000-0  00000-0 0  9994
2 72442  43.0000  59.8151 0001000 215.7269 241.8558 15.06000000000016
STARLINK-72443
1 72443U 25089A   25001.00000000  .00000000  00000-0  00000-0 0  9992
2 72443  53.2000 253.8567 0001000 351.7000 130.0510 15.06000000000018
STARLINK-72444
1 72444U 20079A   25001.00000000  .00000000  00000-0  00000-0 0  9997
2 72444  53.2000  40.7440 0001000 230.0120 109.0822 15.06000000000016
STARLINK-72445
1 72445U 19022A   25001.00000000  .00000000  00000-0  00000-0 0  9994
2 72445  97.6000 285.0246 0001000 217.2454 272.0124 15.06000000000010
STARLINK-72446
1 72446U 22041A   25001.00000000  .00000000  00000-0  00000-0 0  9990
2 72446  70.0000 350.7737 0001000   3.5311 320.6426 15.06000000000014
STARLINK-72447
1 72447U 23012A   25001.00000000  .00000000  00000-0  00000-0 0  9990
2 72447  53.2000 298.0578 0001000  24.2087  13.3920 15.06000000000010
STARLINK-72448
1 72448U 25067A   25001.00000000  .00000000  00000-0  00000-0 0  9993
2 72448  53.0000 287.5521 0001000  52.1893 224.1557 15.06000000000013
STARLINK-72449
1 72449U 23022A   25001.00000000  .00000000  00000-0  00000-0 0  9993
2 72449  43.0000 330.5046 0001000 229.4707  67.7076 15.06000000000014
STARLINK-72450
1 72450U 24091A   25001.00000000  .00000000  00000-0  00000-0 0  9992
2 72450  53.2000 175.4503 0001000 168.9481 169.9444 15.06000000000013
STARLINK-72451
1 72451U 24019A   25001.00000000  .00000000  00000-0  00000-0 0  9993
2 72451  53.2000   2.5943 0001000 245.5934  15.0030 15.06000000000019
STARLINK-72452
1 72452U 20005A   25001.00000000  .00000000  00000-0  00000-0 0  9995
2 72452  70.0000 245.6318 0001000 130.9459 296.7068 15.06000000000011
STARLINK-72453
1 72453U 23034A   25001.00000000  .00000000  00000-0  00000-0 0  9991
2 72453  53.2000 347.0742 0001000 118.8011 249.2322 15.06000000000018
STARLINK-72454
1 72454U 19015A   25001.00000000  .00000000  00000-0  00000-0 0  9996
2 72454  53.0000  17.4874 0001000 323.3663  62.4052 15.06000000000012
STARLINK-72455
1 72455U 21099A   25001.00000000  .00000000  00000-0  00000-0 0  9992
2 72455  70.0000 109.4070 0001000  70.5025 280.3699 15.06000000000013
STARLINK-72456
1 72456U 23016A   25001.00000000  .00000000  00000-0  00000-0 0  9994
2 72456  70.0000 264.8888 0001000   4.1738 157.7521 15.06000000000012
STARLINK-72457
1 72457U 22092A   25001.00000000  .00000000  00000-0  00000-0 0  9998
2 72457  70.0000   3.9313 0001000 108.5709  27.6327 15.06000000000014
STARLINK-72458
1 72458U 20090A   25001.00000000  .00000000  00000-0  00000-0 0  9995
2 72458  43.0000 122.9999 0001000  90.4867  29.0369 15.06000000000013
STARLINK-72459
1 72459U 25016A   25001.00000000  .00000000  00000-0  00000-0 0  9999
2 72459  43.0000 279.8051 0001000 278.8443  66.2555 15.06000000000017
STARLINK-72460
1 72460U 19037A   25001.00000000  .00000000  00000-0  00000-0 0  9997
2 72460  53.0000  47.5404 0001000 205.1092 181.6272 15.06000000000013
STARLINK-72461
1 72461U 21060A   25001.00000000  .00000000  00000-0  00000-0 0  9997
2 72461  97.6000 193.4037 0001000  12.1732 135.7461 15.06000000000018
STARLINK-72462
1 72462U 24082A   25001.00000000  .00000000  00000-0  00000-0 0  9995
2 72462  53.2000 163.3384 0001000  52.0769 170.3199 15.06000000000014
STARLINK-72463
1 72463U 20086A   25001.00000000  .00000000  00000-0  00000-0 0  9996
2 72463  53.2000 233.6050 0001000  10.2581 194.4370 15.06000000000012
STARLINK-72464
1 72464U 19083A   25001.00000000  .00000000  00000-0  00000-0 0  9992
2 72464  97.6000  40.0913 0001000 257.5126 221.0746 15.06000000000018
STARLINK-72465
1 72465U 21008A   25001.00000000  .00000000  00000-0  00000-0 0  9993
2 72465  97.6000  88.6514 0001000 161.3115 253.0672 15.06000000000017
STARLINK-72466
1 72466U 24092A   25001.00000000  .00000000  00000-0  00000-0 0  9990
2 72466  43.0000 180.8044 0001000 265.4817   9.7118 15.06000000000012
STARLINK-72467
1 72467U 24057A   25001.00000000  .00000000  00000-0  00000-0 0  9992
2 72467  70.0000 108.6100 0001000 340.4205  63.0524 15.06000000000013
STARLINK-72468
1 72468U 21083A   25001.00000000  .00000000  00000-0  00000-0 0  9999
2 72468  43.0000 235.1214 0001000 309.9340 328.2676 15.06000000000010
STARLINK-72469
1 72469U 23042A   25001.00000000  .00000000  00000-0  00000-0 0  9997
2 72469  53.0000 167.0767 0001000  31.0709  79.0582 15.06000000000017
STARLINK-72470
1 72470U 25077A   25001.00000000  .00000000  00000-0  00000-0 0  9999
2 72470  43.0000 191.5402 0001000 162.2396 101.6159 15.06000000000017
STARLINK-72471
1 72471U 23024A   25001.00000000  .00000000  00000-0  00000-0 0  9990
2 72471  43.0000 288.8150 0001000 123.1034 238.6373 15.06000000000012
STARLINK-72472
1 72472U 23002A   25001.00000000  .00000000  00000-0  00000-0 0  9997
2 72472  70.0000 138.8286 0001000 180.3394  23.0163 15.06000000000014
STARLINK-72473
1 72473U 24064A   25001.00000000  .00000000  00000-0  00000-0 0  9997
2 72473  43.0000 273.8681 0001000  57.3196   1.7145 15.06000000000010
STARLINK-72474
1 72474U 23035A   25001.00000000  .00000000  00000-0  00000-0 0  9995
2 72474  53.2000 284.5173 0001000 183.2669 230.3128 15.06000000000014
STARLINK-72475
1 72475U 20100A   25001.00000000  .00000000  00000-0  00000-0 0  9996
2 72475  53.0000 344.2169 0001000  19.7722 232.8844 15.06000000000017
STARLINK-72476
1 72476U 22012A   25001.00000000  .00000000  00000-0  00000-0 0  9991
2 72476  53.0000 115.5047 0001000 154.8140   6.2526 15.06000000000017
STARLINK-72477
1 72477U 21023A   25001.00000000  .00000000  00000-0  00000-0 0  9993
2 72477  53.2000  86.5491 0001000 122.3595 143.9235 15.06000000000010
STARLINK-72478
1 72478U 20074A   25001.00000000  .00000000  00000-0  00000-0 0  9999
2 72478  70.0000 311.7438 0001000 357.9943  19.3675 15.06000000000019
STARLINK-72479
1 72479U 21029A   25001.00000000  .00000000  00000-0  00000-0 0  9991
2 72479  97.6000  98.6478 0001000 145.3114  35.0640 15.06000000000016
STARLINK-72480
1 72480U 21033A   25001.00000000  .00000000  00000-0  00000-0 0  9998
2 72480  53.0000 174.3172 0001000 117.2558 315.5712 15.06000000000013
STARLINK-72481
1 72481U 20046A   25001.00000000  .00000000  00000-0  00000-0 0  9992
2 72481  53.2000 116.2657 0001000  28.4862 280.6259 15.06000000000018
STARLINK-72482
1 72482U 19027A   25001.00000000  .00000000  00000-0  00000-0 0  9990
2 72482  53.0000  10.4938 0001000 345.0260 219.7171 15.06000000000010
STARLINK-72483
1 72483U 19013A   25001.00000000  .00000000  00000-0  00000-0 0  9996
2 72483  70.0000 198.3774 0001000  60.8959 128.4300 15.06000000000011
STARLINK-72484
1 72484U 21043A   25001.00000000  .00000000  00000-0  00000-0 0  9993
2 72484  53.0000 163.3054 0001000  61.1802  80.8318 15.06000000000017
STARLINK-72485
1 72485U 25019A   25001.00000000  .00000000  00000-0  00000-0 0  9991
2 72485  97.6000 241.9121 0001000  86.3154 358.0363 15.06000000000019
STARLINK-72486
1 72486U 19025A   25001.00000000  .00000000  00000-0  00000-0 0  9992
2 72486  43.0000 204.6352 0001000 344.1913 268.4890 15.06000000000014
STARLINK-72487
1 72487U 24076A   25001.00000000  .00000000  00000-0  00000-0 0  9995
2 72487  43.0000 309.9270 0001000 176.7310 277.6581 15.06000000000012
STARLINK-72488
1 72488U 20073A   25001.00000000  .00000000  00000-0  00000-0 0  9999
2 72488  70.0000 235.8654 0001000 169.0829  54.8595 15.06000000000016
STARLINK-72489
1 72489U 22049A   25001.00000000  .00000000  00000-0  00000-0 0  9995
2 72489  53.2000  28.2484 0001000 273.2249 109.7871 15.06000000000016
STARLINK-72490
1 72490U 24070A   25001.00000000  .00000000  00000-0  00000-0 0  9993
2 72490  97.6000 146.0921 0001000 182.0724  48.2122 15.06000000000016
STARLINK-72491
1 72491U 21054A   25001.00000000  .00000000  00000-0  00000-0 0  9993
2 72491  43.0000 243.6209 0001000 169.5787  71.3539 15.06000000000013
STARLINK-72492
1 72492U 19078A   25001.00000000  .00000000  00000-0  00000-0 0  9997
2 72492  43.0000 340.4984 0001000   5.7487 329.2302 15.06000000000011
STARLINK-72493
1 72493U 23018A   25001.00000000  .00000000  00000-0  00000-0 0  9997
2 72493  53.0000  36.2832 0001000  17.5190 179.7960 15.06000000000015
STARLINK-72494
1 72494U 19092A   25001.00000000  .00000000  00000-0  00000-0 0  9995
2 72494  53.0000 102.4257 0001000 121.4518 277.9373 15.06000000000011
STARLINK-72495
1 72495U 24030A   25001.00000000  .00000000  00000-0  00000-0 0  9994
2 72495  53.0000 153.9389 0001000  24.8760 163.7569 15.06000000000013
STARLINK-72496
1 72496U 25033A   25001.00000000  .00000000  00000-0  00000-0 0  9999
2 72496  53.0000 119.7611 0001000 237.8135 314.2460 15.06000000000017
STARLINK-72497
1 72497U 23036A   25001.00000000  .00000000  00000-0  00000-0 0  9991
2 72497  97.6000 266.1678 0001000 304.5413   1.3245 15.06000000000018
STARLINK-72498
1 72498U 23093A   25001.00000000  .00000000  00000-0  00000-0 0  9995
2 72498  70.0000 279.6079 0001000 154.7830  93.6904 15.06000000000012
STARLINK-72499
1 72499U 24070A   25001.00000000  .00000000  00000-0  00000-0 0  9992
2 72499  53.0000 275.1214 0001000  84.8772  95.5756 15.06000000000010
STARLINK-72500
1 72500U 20039A   25001.00000000  .00000000  00000-0  00000-0 0  9996
2 72500  43.0000 157.0667 0001000  76.4859 127.4239 15.06000000000016
STARLINK-72501
1 72501U 24047A   25001.00000000  .00000000  00000-0  00000-0 0  9990
2 72501  43.0000   5.0223 0001000 200.2258  37.5109 15.06000000000014
STARLINK-72502
1 72502U 24064A   25001.00000000  .00000000  00000-0  00000-0 0  9990
2 72502  53.2000 291.7608 0001000 294.3346  11.8437 15.06000000000010
STARLINK-72503
1 72503U 23015A   25001.00000000  .00000000  00000-0  00000-0 0  9996
2 72503  43.0000 158.7784 0001000 154.8067 216.0256 15.06000000000013
STARLINK-72504
1 72504U 19078A   25001.00000000  .00000000  00000-0  00000-0 0  9991
2 72504  97.6000 293.5095 0001000 120.9352  23.6340 15.06000000000019
STARLINK-72505
1 72505U 22099A   25001.00000000  .00000000  00000-0  00000-0 0  9999
2 72505  70.0000 261.3316 0001000 337.1652 133.5050 15.06000000000018
STARLINK-72506
1 72506U 19092A   25001.00000000  .00000000  00000-0  00000-0 0  9999
2 72506  43.0000 218.0371 0001000 113.4446 116.9974 15.06000000000015
STARLINK-72507
1 72507U 24072A   25001.00000000  .00000000  00000-0  00000-0 0  9994
2 72507  70.0000 323.8042 0001000 197.8448 178.1502 15.06000000000011
STARLINK-72508
1 72508U 24073A   25001.00000000  .00000000  00000-0  00000-0 0  9996
2 72508  43.0000 121.0533 0001000 202.9110 347.5161 15.06000000000012
STARLINK-72509
1 72509U 20036A   25001.00000000  .00000000  00000-0  00000-0 0  9992
2 72509  70.0000 315.2160 0001000 262.9620 236.0786 15.06000000000013
STARLINK-72510
1 72510U 20006A   25001.00000000  .00000000  00000-0  00000-0 0  9991
2 72510  53.0000 181.0321 0001000 168.7630  60.4681 15.06000000000011
STARLINK-72511
1 72511U 21032A   25001.00000000  .00000000  00000-0  00000-0 0  9992
2 72511  97.6000 272.4768 0001000 110.3188  47.6269 15.06000000000016
STARLINK-72512
1 72512U 21014A   25001.00000000  .00000000  00000-0  00000-0 0  9993
2 72512  97.6000  14.6485 0001000  10.3771 313.8856 15.06000000000016
STARLINK-72513
1 72513U 19036A   25001.00000000  .00000000  00000-0  00000-0 0  9995
2 72513  53.2000 114.7313 0001000 213.8759 126.2211 15.06000000000014
STARLINK-72514
1 72514U 22072A   25001.00000000  .00000000  00000-0  00000-0 0  9990
2 72514  53.0000 115.2192 0001000 296.6181 321.9779 15.06000000000015
STARLINK-72515
1 72515U 20009A   25001.00000000  .00000000  00000-0  00000-0 0  9999
2 72515  53.2000 196.3316 0001000  47.0755 304.8074 15.06000000000019
STARLINK-72516
1 72516U 23036A   25001.00000000  .00000000  00000-0  00000-0 0  9993
2 72516  70.0000 220.0879 0001000 131.0618 260.1689 15.06000000000014
STARLINK-72517
1 72517U 25027A   25001.00000000  .00000000  00000-0  00000-0 0  9996
2 72517  53.2000 178.8664 0001000  78.6633 267.4377 15.06000000000017
STARLINK-72518
1 72518U 25002A   25001.00000000  .00000000  00000-0  00000-0 0  9990
2 72518  97.6000 145.4292 0001000  61.4528 123.5675 15.06000000000013
STARLINK-72519
1 72519U 20081A   25001.00000000  .00000000  00000-0  00000-0 0  9993
2 72519  53.2000 277.5696 0001000  30.8016 224.6873 15.06000000000012
STARLINK-72520
1 72520U 19020A   25001.00000000  .00000000  00000-0  00000-0 0  9996
2 72520  70.0000 164.9796 0001000  96.9814  12.6984 15.06000000000018
STARLINK-72521
1 72521U 23069A   25001.00000000  .00000000  00000-0  00000-0 0  9995
2 72521  97.6000  30.5843 0001000 334.1536 175.5518 15.06000000000015
STARLINK-72522
1 72522U 23074A   25001.00000000  .00000000  00000-0  00000-0 0  9992
2 72522  43.0000 314.3447 0001000 164.9861 256.1883 15.06000000000015
STARLINK-72523
1 72523U 23060A   25001.00000000  .00000000  00000-0  00000-0 0  9998
2 72523  53.2000 122.5387 0001000 343.0047  20.3020 15.06000000000011
STARLINK-72524
1 72524U 22098A   25001.00000000  .00000000  00000-0  00000-0 0  9999
2 72524  97.6000 338.7248 0001000 141.1218   6.6820 15.06000000000013
STARLINK-72525
1 72525U 23026A   25001.00000000  .00000000  00000-0  00000-0 0  9992
2 72525  43.0000  13.6139 0001000  12.4628 262.5660 15.06000000000017
STARLINK-72526
1 72526U 24028A   25001.00000000  .00000000  00000-0  00000-0 0  9996
2 72526  53.0000  37.2172 0001000 275.6873  56.4021 15.06000000000014
STARLINK-72527
1 72527U 25051A   25001.00000000  .00000000  00000-0  00000-0 0  9994
2 72527  97.6000 152.7534 0001000 314.5630 289.5777 15.06000000000015
STARLINK-72528
1 72528U 19038A   25001.00000000  .00000000  00000-0  00000-0 0  9993
2 72528  53.2000 130.8884 0001000 199.6572 205.4219 15.06000000000014
STARLINK-72529
1 72529U 20039A   25001.00000000  .00000000  00000-0  00000-0 0  9997
2 72529  53.2000 206.2660 0001000   3.9978 160.9856 15.06000000000014
STARLINK-72530
1 72530U 25087A   25001.00000000  .00000000  00000-0  00000-0 0  9997
2 72530  43.0000 351.9231 0001000 351.7445 109.4643 15.06000000000010
STARLINK-72531
1 72531U 21036A   25001.00000000  .00000000  00000-0  00000-0 0  9998
2 72531  97.6000 291.1121 0001000  32.6479 262.1850 15.06000000000018
STARLINK-72532
1 72532U 24097A   25001.00000000  .00000000  00000-0  00000-0 0  9999
2 72532  53.0000 226.1919 0001000  72.1916  35.1791 15.06000000000015
STARLINK-72533
1 72533U 22026A   25001.00000000  .00000000  00000-0  00000-0 0  9990
2 72533  53.2000 359.8154 0001000  11.4414 248.3563 15.06000000000017
STARLINK-72534
1 72534U 20077A   25001.00000000  .00000000  00000-0  00000-0 0  9995
2 72534  43.0000 295.5866 0001000  21.5438 113.3509 15.06000000000010
STARLINK-72535
1 72535U 22051A   25001.00000000  .00000000  00000-0  00000-0 0  9990
2 72535  70.0000 237.2162 0001000 256.7505 179.4391 15.06000000000012
STARLINK-72536
1 72536U 20088A   25001.00000000  .00000000  00000-0  00000-0 0  9999
2 72536  53.2000  62.3130 0001000 101.5741  69.3651 15.06000000000013
STARLINK-72537
1 72537U 23065A   25001.00000000  .00000000  00000-0  00000-0 0  9998
2 72537  43.0000  63.1671 0001000 110.0059  16.6242 15.06000000000018
STARLINK-72538
1 72538U 23099A   25001.00000000  .00000000  00000-0  00000-0 0  9996
2 72538  70.0000   2.3948 0001000 118.2740  87.5192 15.06000000000019
STARLINK-72539
1 72539U 20095A   25001.00000000  .00000000  00000-0  00000-0 0  9990
2 72539  70.0000  37.7002 0001000 110.2265 256.5360 15.06000000000012
STARLINK-72540
1 72540U 19071A   25001.00000000  .00000000  00000-0  00000-0 0  9994
2 72540  43.0000 240.0068 0001000 264.2630 242.8514 15.06000000000010
STARLINK-72541
1 72541U 24098A   25001.00000000  .00000000  00000-0  00000-0 0  9990
2 72541  53.0000 295.2710 0001000  35.2943 303.9397 15.06000000000019
STARLINK-72542
1 72542U 23019A   25001.00000000  .00000000  00000-0  00000-0 0  9993
2 72542  43.0000 222.3237 0001000 303.9408 273.4768 15.06000000000018
STARLINK-72543
1 72543U 23096A   25001.00000000  .00000000  00000-0  00000-0 0  9999
2 72543  53.2000 113.2688 0001000 320.5866 290.2407 15.06000000000010
STARLINK-72544
1 72544U 20072A   25001.00000000  .00000000  00000-0  00000-0 0  9991
2 72544  53.2000 170.7634 0001000  77.3654 293.0957 15.06000000000013
STARLINK-72545
1 72545U 21066A   25001.00000000  .00000000  00000-0  00000-0 0  9996
2 72545  43.0000 339.1103 0001000 352.4668 215.9815 15.06000000000011
STARLINK-72546
1 72546U 24083A   25001.00000000  .00000000  00000-0  00000-0 0  9999
2 72546  43.0000 169.8044 0001000  65.8098  30.4501 15.06000000000018
STARLINK-72547
1 72547U 19006A   25001.00000000  .00000000  00000-0  00000-0 0  9999
2 72547  97.6000  34.4089 0001000  19.1216 230.6172 15.06000000000012
STARLINK-72548
1 72548U 23052A   25001.00000000  .00000000  00000-0  00000-0 0  9996
2 72548  53.0000 354.1077 0001000  53.2014 358.5983 15.06000000000013
STARLINK-72549
1 72549U 25014A   25001.00000000  .00000000  00000-0  00000-0 0  9997
2 72549  43.0000  66.0841 0001000  94.5620  61.3502 15.06000000000018
STARLINK-72550
1 72550U 24035A   25001.00000000  .00000000  00000-0  00000-0 0  9991
2 72550  70.0000  11.6859 0001000 186.4711 123.3527 15.06000000000013
STARLINK-72551
1 72551U 19017A   25001.00000000  .00000000  00000-0  00000-0 0  9996
2 72551  97.6000  17.8340 0001000 142.6404 190.6350 15.06000000000016
STARLINK-72552
1 72552U 24033A   25001.00000000  .00000000  00000-0  00000-0 0  9991
2 72552  43.0000  47.5464 0001000 108.2291 291.6995 15.06000000000018
STARLINK-72553
1 72553U 25087A   25001.00000000  .00000000  00000-0  00000-0 0  9992
2 72553  97.6000 266.9034 0001000 328.4096  70.3150 15.06000000000018
STARLINK-72554
1 72554U 25012A   25001.00000000  .00000000  00000-0  00000-0 0  9991
2 72554  53.2000 315.2899 0001000  24.5809 137.5924 15.06000000000015
STARLINK-72555
1 72555U 21020A   25001.00000000  .00000000  00000-0  00000-0 0  9997
2 72555  43.0000 216.1569 0001000 335.1929 151.7104 15.06000000000018
STARLINK-72556
1 72556U 25052A   25001.00000000  .00000000  00000-0  00000-0 0  9997
2 72556  70.0000  87.1480 0001000  27.3606 306.6663 15.06000000000010
STARLINK-72557
1 72557U 21002A   25001.00000000  .00000000  00000-0  00000-0 0  9999
2 72557  53.2000 217.8331 0001000 137.6578 278.5500 15.06000000000011
STARLINK-72558
1 72558U 23089A   25001.00000000  .00000000  00000-0  00000-0 0  9997
2 72558  53.0000 201.0111 0001000 323.2960  27.6297 15.06000000000015
STARLINK-72559
1 72559U 19045A   25001.00000000  .00000000  00000-0  00000-0 0  9995
2 72559  43.0000  80.4316 0001000 132.4270 161.3175 15.06000000000016
STARLINK-72560
1 72560U 24027A   25001.00000000  .00000000  00000-0  00000-0 0  9993
2 72560  53.0000 132.3100 0001000 218.1062 282.4009 15.06000000000019
STARLINK-72561
1 72561U 25040A   25001.00000000  .00000000  00000-0  00000-0 0  9990
2 72561  53.0000 201.0458 0001000 111.4556 192.7037 15.06000000000017
STARLINK-72562
1 72562U 21054A   25001.00000000  .00000000  00000-0  00000-0 0  9992
2 72562  97.6000  74.1320 0001000 122.4234 256.1168 15.06000000000014
STARLINK-72563
1 72563U 19079A   25001.00000000  .00000000  00000-0  00000-0 0  9997
2 72563  43.0000 167.7929 0001000 162.1998 300.9754 15.06000000000011
STARLINK-72564
1 72564U 24078A   25001.00000000  .00000000  00000-0  00000-0 0  9993
2 72564  53.0000  16.7541 0001000 141.2900   9.9217 15.06000000000017
STARLINK-72565
1 72565U 20008A   25001.00000000  .00000000  00000-0  00000-0 0  9993
2 72565  53.2000 226.2496 0001000 297.1050 352.6061 15.06000000000019
STARLINK-72566
1 72566U 24071A   25001.00000000  .00000000  00000-0  00000-0 0  9998
2 72566  53.0000 155.3129 0001000 153.6238 132.4603 15.06000000000013
STARLINK-72567
1 72567U 22050A   25001.00000000  .00000000  00000-0  00000-0 0  9994
2 72567  97.6000  81.8972 0001000 204.0704  94.8402 15.06000000000014
STARLINK-72568
1 72568U 20084A   25001.00000000  .00000000  00000-0  00000-0 0  9990
2 72568  43.0000 187.0653 0001000 131.8283 138.6223 15.06000000000012
STARLINK-72569
1 72569U 22058A   25001.00000000  .00000000  00000-0  00000-0 0  9994
2 72569  43.0000  19.3197 0001000 234.2905 203.4868 15.06000000000018
STARLINK-72570
1 72570U 21057A   25001.00000000  .00000000  00000-0  00000-0 0  9994
2 72570  97.6000 274.2612 0001000  28.5716 250.5166 15.06000000000017
STARLINK-72571
1 72571U 21062A   25001.00000000  .00000000  00000-0  00000-0 0  9991
2 72571  53.0000 202.3347 0001000 129.2553 294.6487 15.06000000000014
STARLINK-72572
1 72572U 21047A   25001.00000000  .00000000  00000-0  00000-0 0  9995
2 72572  97.6000 329.9744 0001000  45.1253   7.3479 15.06000000000019
STARLINK-72573
1 72573U 19015A   25001.00000000  .00000000  00000-0  00000-0 0  9998
2 72573  43.0000 240.9271 0001000 161.5625 350.7746 15.06000000000010
STARLINK-72574
1 72574U 23021A   25001.00000000  .00000000  00000-0  00000-0 0  9991
2 72574  53.0000 351.3138 0001000  26.8867  73.4605 15.06000000000015
STARLINK-72575
1 72575U 22082A   25001.00000000  .00000000  00000-0  00000-0 0  9998
2 72575  97.6000 352.2402 0001000 151.4321 141.2938 15.06000000000017
STARLINK-72576
1 72576U 22038A   25001.00000000  .00000000  00000-0  00000-0 0  9990
2 72576  43.0000  37.0276 0001000 273.2842 298.2517 15.06000000000017
STARLINK-72577
1 72577U 23035A   25001.00000000  .00000000  00000-0  00000-0 0  9999
2 72577  97.6000 184.7563 0001000 310.8715  97.2509 15.06000000000017
STARLINK-72578
1 72578U 25044A   25001.00000000  .00000000  00000-0  00000-0 0  9992
2 72578  70.0000  39.3029 0001000  42.3262 156.4865 15.06000000000012
STARLINK-72579
1 72579U 23068A   25001.00000000  .00000000  00000-0  00000-0 0  9997
2 72579  43.0000 224.0529 0001000 311.1290  76.0198 15.06000000000015
STARLINK-72580
1 72580U 25094A   25001.00000000  .00000000  00000-0  00000-0 0  9990
2 72580  97.6000 174.9230 0001000 267.5397 292.9036 15.06000000000016
STARLINK-72581
1 72581U 19070A   25001.00000000  .00000000  00000-0  00000-0 0  9998
2 72581  53.2000 285.7839 0001000 196.5570 219.9552 15.06000000000017
STARLINK-72582
1 72582U 21031A   25001.00000000  .00000000  00000-0  00000-0 0  9999
2 72582  53.2000 268.4689 0001000 348.1373 161.3808 15.06000000000019
STARLINK-72583
1 72583U 25086A   25001.00000000  .00000000  00000-0  00000-0 0  9994
2 72583  53.0000  85.0669 0001000 139.9672 151.6412 15.06000000000010
STARLINK-72584
1 72584U 25093A   25001.00000000  .00000000  00000-0  00000-0 0  9993
2 72584  43.0000 141.5453 0001000 288.2182 196.7276 15.06000000000011
STARLINK-72585
1 72585U 22084A   25001.00000000  .00000000  00000-0  00000-0 0  9991
2 72585  70.0000 221.6131 0001000  77.2894 265.1443 15.06000000000018
STARLINK-72586
1 72586U 22056A   25001.00000000  .00000000  00000-0  00000-0 0  9991
2 72586  43.0000 238.5694 0001000  58.0638 264.4154 15.06000000000014
STARLINK-72587
1 72587U 20064A   25001.00000000  .00000000  00000-0  00000-0 0  9999
2 72587  53.2000 271.5387 0001000 317.9772 275.9029 15.06000000000018
STARLINK-72588
1 72588U 21085A   25001.00000000  .00000000  00000-0  00000-0 0  9994
2 72588  43.0000 199.6635 0001000 353.3205 268.8379 15.06000000000016
STARLINK-72589
1 72589U 22097A   25001.00000000  .00000000  00000-0  00000-0 0  9999
2 72589  53.2000  26.2598 0001000 237.9495 131.8718 15.06000000000017
STARLINK-72590
1 72590U 22081A   25001.00000000  .00000000  00000-0  00000-0 0  9994
2 72590  53.2000   9.1322 0001000 126.3092 239.2392 15.06000000000019
STARLINK-72591
1 72591U 19055A   25001.00000000  .00000000  00000-0  00000-0 0  9992
2 72591  70.0000 157.3442 0001000  11.8659 235.5279 15.06000000000016
STARLINK-72592
1 72592U 24077A   25001.00000000  .00000000  00000-0  00000-0 0  9993
2 72592  43.0000 108.0589 0001000 177.4194 109.8172 15.06000000000010
STARLINK-72593
1 72593U 19069A   25001.00000000  .00000000  00000-0  00000-0 0  9999
2 72593  53.0000 130.3910 0001000  73.9032  64.6061 15.06000000000014
STARLINK-72594
1 72594U 23096A   25001.00000000  .00000000  00000-0  00000-0 0  9995
2 72594  53.2000  11.7385 0001000 349.7986 286.7301 15.06000000000011
STARLINK-72595
1 72595U 22017A   25001.00000000  .00000000  00000-0  00000-0 0  9998
2 72595  53.2000 356.0509 0001000  11.5949  65.1286 15.06000000000019
STARLINK-72596
1 72596U 23014A   25001.00000000  .00000000  00000-0  00000-0 0  9997
2 72596  53.2000  51.0922 0001000 145.0379  34.8680 15.06000000000012
STARLINK-72597
1 72597U 22041A   25001.00000000  .00000000  00000-0  00000-0 0  9997
2 72597  43.0000 125.4765 0001000 306.9227 346.0078 15.06000000000010
STARLINK-72598
1 72598U 25035A   25001.00000000  .00000000  00000-0  00000-0 0  9994
2 72598  97.6000 269.7541 0001000  43.4043 217.8541 15.06000000000019
STARLINK-72599
1 72599U 19064A   25001.00000000  .00000000  00000-0  00000-0 0  9990
2 72599  43.0000 201.7455 0001000  37.4625 144.2207 15.06000000000016
STARLINK-72600
1 72600U 23001A   25001.00000000  .00000000  00000-0  00000-0 0  9999
2 72600  43.0000 175.3728 0001000 258.2557  41.2356 15.06000000000016
STARLINK-72601
1 72601U 19049A   25001.00000000  .00000000  00000-0  00000-0 0  9997
2 72601  97.6000  84.5685 0001000  57.0967 174.3654 15.06000000000014
STARLINK-72602
1 72602U 20091A   25001.00000000  .00000000  00000-0  00000-0 0  9997
2 72602  43.0000  88.6024 0001000 182.2503  60.8076 15.06000000000016
STARLINK-72603
1 72603U 20067A   25001.00000000  .00000000  00000-0  00000-0 0  9991
2 72603  43.0000 194.2022 0001000  28.1213  37.5202 15.06000000000017
STARLINK-72604
1 72604U 25075A   25001.00000000  .00000000  00000-0  00000-0 0  9996
2 72604  97.6000 195.2799 0001000 103.4908 135.1763 15.06000000000010
STARLINK-72605
1 72605U 23034A   25001.00000000  .00000000  00000-0  00000-0 0  9990
2 72605  97.6000  31.9599 0001000 336.8054 259.7103 15.06000000000010
STARLINK-72606
1 72606U 21015A   25001.00000000  .00000000  00000-0  00000-0 0  9998
2 72606  43.0000 284.7715 0001000 110.6686 288.9736 15.06000000000019
STARLINK-72607
1 72607U 22046A   25001.00000000  .00000000  00000-0  00000-0 0  9994
2 72607  43.0000 314.0902 0001000 237.4370 356.4114 15.06000000000014
STARLINK-72608
1 72608U 19041A   25001.00000000  .00000000  00000-0  00000-0 0  9996
2 72608  70.0000 240.3282 0001000  29.7998 181.5443 15.06000000000017
STARLINK-72609
1 72609U 24006A   25001.00000000  .00000000  00000-0  00000-0 0  9994
2 72609  43.0000 206.3850 0001000  53.3438 159.2934 15.06000000000010
STARLINK-72610
1 72610U 24062A   25001.00000000  .00000000  00000-0  00000-0 0  9998
2 72610  53.2000 357.2600 0001000 278.8529 284.1015 15.06000000000017
STARLINK-72611
1 72611U 25061A   25001.00000000  .00000000  00000-0  00000-0 0  9999
2 72611  53.2000 124.1291 0001000 318.2336 245.5569 15.06000000000015
STARLINK-72612
1 72612U 24023A   25001.00000000  .00000000  00000-0  00000-0 0  9997
2 72612  43.0000 346.3618 0001000 132.5980 329.9297 15.06000000000011
STARLINK-72613
1 72613U 22019A   25001.00000000  .00000000  00000-0  00000-0 0  9991
2 72613  97.6000  91.7685 0001000 257.0083 189.9902 15.06000000000016
STARLINK-72614
1 72614U 24080A   25001.00000000  .00000000  00000-0  00000-0 0  9992
2 72614  53.2000 144.9663 0001000 238.1142  88.0628 15.06000000000012
STARLINK-72615
1 72615U 19018A   25001.00000000  .00000000  00000-0  00000-0 0  9998
2 72615  53.0000 218.7216 0001000 133.9194  26.4948 15.06000000000015
STARLINK-72616
1 72616U 22010A   25001.00000000  .00000000  00000-0  00000-0 0  9995
2 72616  70.0000  18.1551 0001000 112.3971 124.2735 15.06000000000014
STARLINK-72617
1 72617U 19005A   25001.00000000  .00000000  00000-0  00000-0 0  9996
2 72617  43.0000 224.1641 0001000  63.2692 251.9833 15.06000000000015
STARLINK-72618
1 72618U 24062A   25001.00000000  .00000000  00000-0  00000-0 0  9996
2 72618  53.2000  62.9060 0001000  38.9858 274.1601 15.06000000000015
STARLINK-72619
1 72619U 21062A   25001.00000000  .00000000  00000-0  00000-0 0  9994
2 72619  43.0000 334.9971 0001000 267.0556 159.7343 15.06000000000017
STARLINK-72620
1 72620U 20041A   25001.00000000  .00000000  00000-0  00000-0 0  9992
2 72620  70.0000  76.8268 0001000 311.3805 126.4148 15.06000000000014
STARLINK-72621
1 72621U 23090A   25001.00000000  .00000000  00000-0  00000-0 0  9990
2 72621  53.2000 105.4168 0001000  68.6201  71.0952 15.06000000000016
STARLINK-72622
1 72622U 19009A   25001.00000000  .00000000  00000-0  00000-0 0  9996
2 72622  43.0000 237.3373 0001000  57.7583 300.6104 15.06000000000019
STARLINK-72623
1 72623U 22058A   25001.00000000  .00000000  00000-0  00000-0 0  9995
2 72623  70.0000 234.5657 0001000 244.9645 243.2922 15.06000000000013
STARLINK-72624
1 72624U 21026A   25001.00000000  .00000000  00000-0  00000-0 0  9990
2 72624  70.0000  55.0546 0001000 116.0129 324.3722 15.06000000000012
STARLINK-72625
1 72625U 20057A   25001.00000000  .00000000  00000-0  00000-0 0  9994
2 72625  53.0000 134.1807 0001000 254.3071   7.3811 15.06000000000012
STARLINK-72626
1 72626U 21099A   25001.00000000  .00000000  00000-0  00000-0 0  9992
2 72626  43.0000 173.8834 0001000 135.2156 349.1379 15.06000000000019
STARLINK-72627
1 72627U 21087A   25001.00000000  .00000000  00000-0  00000-0 0  9990
2 72627  70.0000 355.8154 0001000 140.2603  48.1900 15.06000000000016
STARLINK-72628
1 72628U 21082A   25001.00000000  .00000000  00000-0  00000-0 0  9996
2 72628  97.6000  47.1214 0001000 258.1021 216.0107 15.06000000000018
STARLINK-72629
1 72629U 21035A   25001.00000000  .00000000  00000-0  00000-0 0  9995
2 72629  53.2000  76.3533 0001000  81.5940  74.2266 15.06000000000013
STARLINK-72630
1 72630U 25032A   25001.00000000  .00000000  00000-0  00000-0 0  9998
2 72630  97.6000 225.3747 0001000 130.2772  88.2211 15.06000000000010
STARLINK-72631
1 72631U 24048A   25001.00000000  .00000000  00000-0  00000-0 0  9995
2 72631  43.0000 329.4442 0001000 125.9329  12.0526 15.06000000000017
STARLINK-72632
1 72632U 20019A   25001.00000000  .00000000  00000-0  00000-0 0  9990
2 72632  70.0000 287.9221 0001000 347.9205  41.0432 15.06000000000018
STARLINK-72633
1 72633U 20086A   25001.00000000  .00000000  00000-0  00000-0 0  9995
2 72633  70.0000  55.3562 0001000 255.9101 329.5177 15.06000000000017
STARLINK-72634
1 72634U 19055A   25001.00000000  .00000000  00000-0  00000-0 0  9990
2 72634  53.2000 173.9273 0001000 206.0293  67.6148 15.06000000000014
STARLINK-72635
1 72635U 19068A   25001.00000000  .00000000  00000-0  00000-0 0  9995
2 72635  53.2000  87.8279 0001000 208.8361  71.1466 15.06000000000013
STARLINK-72636
1 72636U 24076A   25001.00000000  .00000000  00000-0  00000-0 0  9991
2 72636  43.0000  12.2686 0001000  56.4986  10.2135 15.06000000000012
STARLINK-72637
1 72637U 24052A   25001.00000000  .00000000  00000-0  00000-0 0  9996
2 72637  70.0000   7.3849 0001000 272.8460  92.6997 15.06000000000010
STARLINK-72638
1 72638U 21091A   25001.00000000  .00000000  00000-0  00000-0 0  9997
2 72638  53.0000 218.0307 0001000  78.4732  45.9234 15.06000000000019
STARLINK-72639
1 72639U 25053A   25001.00000000  .00000000  00000-0  00000-0 0  9990
2 72639  53.2000 354.1204 0001000 336.3755 271.9071 15.06000000000011
STARLINK-72640
1 72640U 22007A   25001.00000000  .00000000  00000-0  00000-0 0  9998
2 72640  97.6000 186.3602 0001000 173.9817 155.1547 15.06000000000017
STARLINK-72641
1 72641U 25031A   25001.00000000  .00000000  00000-0  00000-0 0  9999
2 72641  43.0000 280.9753 0001000  86.2489  34.7431 15.06000000000016
STARLINK-72642
1 72642U 19070A   25001.00000000  .00000000  00000-0  00000-0 0  9996
2 72642  53.0000 211.3421 0001000 142.6907 204.0414 15.06000000000013
STARLINK-72643
1 72643U 23036A   25001.00000000  .00000000  00000-0  00000-0 0  9994
2 72643  53.2000 258.4397 0001000 130.8677 216.4297 15.06000000000019
STARLINK-72644
1 72644U 22084A   25001.00000000  .00000000  00000-0  00000-0 0  9997
2 72644  70.0000  92.6344 0001000 307.8346 272.9737 15.06000000000012
STARLINK-72645
1 72645U 19062A   25001.00000000  .00000000  00000-0  00000-0 0  9990
2 72645  53.2000 267.2863 0001000 239.4981  73.8195 15.06000000000013
STARLINK-72646
1 72646U 22088A   25001.00000000  .00000000  00000-0  00000-0 0  9993
2 72646  70.0000  25.5069 0001000 355.9903 181.2882 15.06000000000019
STARLINK-72647
1 72647U 19006A   25001.00000000  .00000000  00000-0  00000-0 0  9990
2 72647  70.0000 337.3378 0001000 271.3517 244.4787 15.06000000000015
STARLINK-72648
1 72648U 19057A   25001.00000000  .00000000  00000-0  00000-0 0  9997
2 72648  53.0000 138.3186 0001000  65.5963 111.2278 15.06000000000017
STARLINK-72649
1 72649U 22045A   25001.00000000  .00000000  00000-0  00000-0 0  9999
2 72649  70.0000 339.6291 0001000 193.0439 158.1969 15.06000000000012
STARLINK-72650
1 72650U 23036A   25001.00000000  .00000000  00000-0  00000-0 0  9992
2 72650  70.0000  77.7866 0001000 354.1446  63.9637 15.06000000000015
STARLINK-72651
1 72651U 22050A   25001.00000000  .00000000  00000-0  00000-0 0  9998
2 72651  53.0000 241.0376 0001000 297.7300 143.3127 15.06000000000017
STARLINK-72652
1 72652U 22013A   25001.00000000  .00000000  00000-0  00000-0 0  9998
2 72652  70.0000  74.7731 0001000 272.6804  74.4604 15.06000000000018
STARLINK-72653
1 72653U 24072A   25001.00000000  .00000000  00000-0  00000-0 0  9996
2 72653  70.0000 184.7676 0001000 294.0134  28.5972 15.06000000000011
STARLINK-72654
1 72654U 21020A   25001.00000000  .00000000  00000-0  00000-0 0  9997
2 72654  53.2000 205.9183 0001000 292.2241 231.3258 15.06000000000014
STARLINK-72655
1 72655U 21038A   25001.00000000  .00000000  00000-0  00000-0 0  9997
2 72655  53.2000 204.3350 0001000 115.5964 119.5005 15.06000000000010
STARLINK-72656
1 72656U 19070A   25001.00000000  .00000000  00000-0  00000-0 0  9991
2 72656  53.0000 181.3828 0001000  98.6619  86.7732 15.06000000000013
STARLINK-72657
1 72657U 22077A   25001.00000000  .00000000  00000-0  00000-0 0  9993
2 72657  70.0000 285.6467 0001000 127.3906  86.4571 15.06000000000017
STARLINK-72658
1 72658U 19089A   25001.00000000  .00000000  00000-0  00000-0 0  9993
2 72658  53.2000 314.8658 0001000 258.0566 159.9698 15.06000000000018
STARLINK-72659
1 72659U 20084A   25001.00000000  .00000000  00000-0  00000-0 0  9991
2 72659  43.0000 260.3159 0001000 267.0677  93.1248 15.06000000000010
STARLINK-72660
1 72660U 23067A   25001.00000000  .00000000  00000-0  00000-0 0  9997
2 72660  53.0000 350.0267 0001000 171.0063 192.7996 15.06000000000019
STARLINK-72661
1 72661U 23062A   25001.00000000  .00000000  00000-0  00000-0 0  9993
2 72661  43.0000  44.8731 0001000 128.2817 305.2305 15.06000000000019
STARLINK-72662
1 72662U 20073A   25001.00000000  .00000000  00000-0  00000-0 0  9993
2 72662  97.6000 172.8187 0001000 356.8460 104.0732 15.06000000000014
STARLINK-72663
1 72663U 25047A   25001.00000000  .00000000  00000-0  00000-0 0  9990
2 72663  70.0000 182.1633 0001000 248.7212 140.0064 15.06000000000012
STARLINK-72664
1 72664U 19041A   25001.00000000  .00000000  00000-0  00000-0 0  9998
2 72664  53.0000 202.5172 0001000 226.2964  49.0736 15.06000000000018
STARLINK-72665
1 72665U 20020A   25001.00000000  .00000000  00000-0  00000-0 0  9998
2 72665  70.0000  51.1949 0001000 165.0187 220.0056 15.06000000000011
STARLINK-72666
1 72666U 21084A   25001.00000000  .00000000  00000-0  00000-0 0  9990
2 72666  53.0000 173.9423 0001000 138.2230 165.6406 15.06000000000017
STARLINK-72667
1 72667U 22098A   25001.00000000  .00000000  00000-0  00000-0 0  9997
2 72667  43.0000 304.6847 0001000 231.7894  98.7591 15.06000000000016
STARLINK-72668
1 72668U 22035A   25001.00000000  .00000000  00000-0  00000-0 0  9999
2 72668  53.0000 210.5867 0001000 278.2781  59.0200 15.06000000000013
STARLINK-72669
1 72669U 21029A   25001.00000000  .00000000  00000-0  00000-0 0  9992
2 72669  97.6000 284.1235 0001000  16.7159 289.5237 15.06000000000018
STARLINK-72670
1 72670U 21006A   25001.00000000  .00000000  00000-0  00000-0 0  9999
2 72670  43.0000 331.5214 0001000   2.2502 171.5629 15.06000000000016
STARLINK-72671
1 72671U 23080A   25001.00000000  .00000000  00000-0  00000-0 0  9994
2 72671  70.0000 166.8597 0001000  50.4519  34.7444 15.06000000000018
STARLINK-72672
1 72672U 24069A   25001.00000000  .00000000  00000-0  00000-0 0  9993
2 72672  53.0000 222.1334 0001000 348.7397  13.2860 15.06000000000016
STARLINK-72673
1 72673U 20066A   25001.00000000  .00000000  00000-0  00000-0 0  9997
2 72673  97.6000 130.0436 0001000 263.4874  51.1403 15.06000000000018
STARLINK-72674
1 72674U 20013A   25001.00000000  .00000000  00000-0  00000-0 0  9990
2 72674  53.2000 292.6500 0001000 215.6998 303.4635 15.06000000000010
STARLINK-72675
1 72675U 22079A   25001.00000000  .00000000  00000-0  00000-0 0  9995
2 72675  53.2000 318.2221 0001000  12.7561 313.1788 15.06000000000015
STARLINK-72676
1 72676U 22021A   25001.00000000  .00000000  00000-0  00000-0 0  9993
2 72676  53.2000 180.2702 0001000 331.2413 329.3985 15.06000000000010
STARLINK-72677
1 72677U 25014A   25001.00000000  .00000000  00000-0  00000-0 0  9999
2 72677  53.0000 280.5252 0001000 349.3516  32.1745 15.06000000000010
STARLINK-72678
1 72678U 19099A   25001.00000000  .00000000  00000-0  00000-0 0  9996
2 72678  97.6000  63.1534 0001000 197.0490 335.6985 15.06000000000019
STARLINK-72679
1 72679U 25074A   25001.00000000  .00000000  00000-0  00000-0 0  9997
2 72679  97.6000 358.9169 0001000 235.5933  85.3554 15.06000000000010
STARLINK-72680
1 72680U 21015A   25001.00000000  .00000000  00000-0  00000-0 0  9990
2 72680  43.0000 356.0188 0001000  79.0027   9.5324 15.06000000000015
STARLINK-72681
1 72681U 19053A   25001.00000000  .00000000  00000-0  00000-0 0  9990
2 72681  53.2000 308.5879 0001000 266.4219  85.3744 15.06000000000011
STARLINK-72682
1 72682U 22052A   25001.00000000  .00000000  00000-0  00000-0 0  9994
2 72682  53.0000 285.0577 0001000 237.5489 358.2235 15.06000000000019
STARLINK-72683
1 72683U 21003A   25001.00000000  .00000000  00000-0  00000-0 0  9990
2 72683  53.2000 310.2385 0001000 290.1205 150.0059 15.06000000000013
STARLINK-72684
1 72684U 19070A   25001.00000000  .00000000  00000-0  00000-0 0  9992
2 72684  70.0000 173.6207 0001000 135.8960 148.6607 15.06000000000010
STARLINK-72685
1 72685U 20093A   25001.00000000  .00000000  00000-0  00000-0 0  9990
2 72685  97.6000 329.0873 0001000 315.0815 306.5638 15.06000000000012
STARLINK-72686
1 72686U 19062A   25001.00000000  .00000000  00000-0  00000-0 0  9995
2 72686  97.6000 288.2033 0001000 115.6275 301.4269 15.06000000000015
STARLINK-72687
1 72687U 23043A   25001.00000000  .00000000  00000-0  00000-0 0  9990
2 72687  53.0000 215.9076 0001000 353.9519  93.8438 15.06000000000014
STARLINK-72688
1 72688U 19089A   25001.00000000  .00000000  00000-0  00000-0 0  9996
2 72688  70.0000 111.6025 0001000 222.8936 307.8512 15.06000000000018
STARLINK-72689
1 72689U 25061A   25001.00000000  .00000000  00000-0  00000-0 0  9994
2 72689  43.0000 179.9056 0001000 319.5571 181.1420 15.06000000000010
STARLINK-72690
1 72690U 24037A   25001.00000000  .00000000  00000-0  00000-0 0  9998
2 72690  43.0000 153.7335 0001000 278.7253 121.6568 15.06000000000017
STARLINK-72691
1 72691U 22066A   25001.00000000  .00000000  00000-0  00000-0 0  9999
2 72691  53.2000 144.3093 0001000 116.9999  22.3157 15.06000000000019
STARLINK-72692
1 72692U 21047A   25001.00000000  .00000000  00000-0  00000-0 0  9998
2 72692  70.0000 104.4494 0001000 232.7218 232.6950 15.06000000000017
STARLINK-72693
1 72693U 25013A   25001.00000000  .00000000  00000-0  00000-0 0  9996
2 72693  70.0000 316.3876 0001000 322.9587   3.2414 15.06000000000014
STARLINK-72694
1 72694U 21022A   25001.00000000  .00000000  00000-0  00000-0 0  9993
2 72694  70.0000 206.8929 0001000  68.5830 222.4789 15.06000000000011
STARLINK-72695
1 72695U 21047A   25001.00000000  .00000000  00000-0  00000-0 0  9991
2 72695  97.6000 172.9336 0001000 134.6908 148.7219 15.06000000000011
STARLINK-72696
1 72696U 24064A   25001.00000000  .00000000  00000-0  00000-0 0  9994
2 72696  97.6000 317.1500 0001000 217.5293  15.8425 15.06000000000019
STARLINK-72697
1 72697U 19033A   25001.00000000  .00000000  00000-0  00000-0 0  9995
2 72697  53.2000 218.3313 0001000 320.5905 139.8221 15.06000000000018
STARLINK-72698
1 72698U 23038A   25001.00000000  .00000000  00000-0  00000-0 0  9996
2 72698  53.0000 112.3269 0001000  82.7861 348.2670 15.06000000000012
STARLINK-72699
1 72699U 24072A   25001.00000000  .00000000  00000-0  00000-0 0  9996
2 72699  53.0000  44.5199 0001000 141.7671 249.9556 15.06000000000016
STARLINK-72700
1 72700U 19098A   25001.00000000  .00000000  00000-0  00000-0 0  9991
2 72700  97.6000 114.3182 0001000 229.8089  90.9567 15.06000000000018
STARLINK-72701
1 72701U 19027A   25001.00000000  .00000000  00000-0  00000-0 0  9994
2 72701  97.6000 300.2973 0001000  66.3618 258.7552 15.06000000000013
STARLINK-72702
1 72702U 25029A   25001.00000000  .00000000  00000-0  00000-0 0  9994
2 72702  43.0000 106.4449 0001000 249.7613  97.6076 15.06000000000016
STARLINK-72703
1 72703U 20012A   25001.00000000  .00000000  00000-0  00000-0 0  9992
2 72703  53.2000   5.9455 0001000 195.1504 302.2493 15.06000000000011
STARLINK-72704
1 72704U 22001A   25001.00000000  .00000000  00000-0  00000-0 0  9993
2 72704  53.2000 308.0693 0001000 272.0533 333.9215 15.06000000000013
STARLINK-72705
1 72705U 25058A   25001.00000000  .00000000  00000-0  00000-0 0  9999
2 72705  43.0000 263.0353 0001000 357.6741 358.2692 15.06000000000014
STARLINK-72706
1 72706U 24073A   25001.00000000  .00000000  00000-0  00000-0 0  9996
2 72706  43.0000  48.7229 0001000 219.3560 309.3492 15.06000000000013
STARLINK-72707
1 72707U 23066A   25001.00000000  .00000000  00000-0  00000-0 0  9998
2 72707  53.0000 315.8999 0001000 209.1287 246.0461 15.06000000000013
STARLINK-72708
1 72708U 19059A   25001.00000000  .00000000  00000-0  00000-0 0  9996
2 72708  53.2000 129.5384 0001000 290.4484  43.1584 15.06000000000018
STARLINK-72709
1 72709U 22008A   25001.00000000  .00000000  00000-0  00000-0 0  9995
2 72709  70.0000 147.9175 0001000  48.5799 112.7866 15.06000000000015
STARLINK-72710
1 72710U 20021A   25001.00000000  .00000000  00000-0  00000-0 0  9990
2 72710  97.6000 255.7394 0001000 200.7796 335.5297 15.06000000000015
STARLINK-72711
1 72711U 20003A   25001.00000000  .00000000  00000-0  00000-0 0  9991
2 72711  53.2000  90.6640 0001000  90.3696 353.3212 15.06000000000011
STARLINK-72712
1 72712U 19041A   25001.00000000  .00000000  00000-0  00000-0 0  9992
2 72712  43.0000  45.0436 0001000 126.8609 254.7607 15.06000000000017
STARLINK-72713
1 72713U 25025A   25001.00000000  .00000000  00000-0  00000-0 0  9992
2 72713  53.2000  45.1278 0001000 104.9493 148.3771 15.06000000000014
STARLINK-72714
1 72714U 21018A   25001.00000000  .00000000  00000-0  00000-0 0  9991
2 72714  53.0000 280.7375 0001000 201.1975 228.9605 15.06000000000014
STARLINK-72715
1 72715U 22042A   25001.00000000  .00000000  00000-0  00000-0 0  9990
2 72715  70.0000 186.5708 0001000 303.0313 175.1670 15.06000000000010
STARLINK-72716
1 72716U 24064A   25001.00000000  .00000000  00000-0  00000-0 0  9997
2 72716  53.0000 336.6872 0001000 212.8398  69.0118 15.06000000000010
STARLINK-72717
1 72717U 24080A   25001.00000000  .00000000  00000-0  00000-0 0  9996
2 72717  53.2000 168.2814 0001000  76.3701 133.0577 15.06000000000010
STARLINK-72718
1 72718U 21020A   25001.00000000  .00000000  00000-0  00000-0 0  9998
2 72718  53.0000 297.6580 0001000 131.6422  94.1410 15.06000000000014
STARLINK-72719
1 72719U 23011A   25001.00000000  .00000000  00000-0  00000-0 0  9991
2 72719  53.2000  57.0576 0001000  81.4801 191.2000 15.06000000000017
STARLINK-72720
1 72720U 20063A   25001.00000000  .00000000  00000-0  00000-0 0  9997
2 72720  70.0000 179.5289 0001000 291.6556   7.2110 15.06000000000017
STARLINK-72721
1 72721U 20061A   25001.00000000  .00000000  00000-0  00000-0 0  9996
2 72721  97.6000  14.6168 0001000  92.5469  30.3662 15.06000000000018
STARLINK-72722
1 72722U 22060A   25001.00000000  .00000000  00000-0  00000-0 0  9998
2 72722  97.6000  58.2497 0001000 303.0759 299.3448 15.06000000000019
STARLINK-72723
1 72723U 25008A   25001.00000000  .00000000  00000-0  00000-0 0  9994
2 72723  53.0000 341.1066 0001000  75.6749 195.4088 15.06000000000019
STARLINK-72724
1 72724U 25006A   25001.00000000  .00000000  00000-0  00000-0 0  9993
2 72724  97.6000 196.6904 0001000   9.0874 204.9365 15.06000000000012
STARLINK-72725
1 72725U 20059A   25001.00000000  .00000000  00000-0  00000-0 0  9997
2 72725  53.2000 271.3543 0001000 307.5432 133.9479 15.06000000000014
STARLINK-72726
1 72726U 19075A   25001.00000000  .00000000  00000-0  00000-0 0  9994
2 72726  97.6000 283.7490 0001000 274.0184 194.7256 15.06000000000015
STARLINK-72727
1 72727U 24084A   25001.00000000  .00000000  00000-0  00000-0 0  9991
2 72727  70.0000 272.1766 0001000 243.0124 321.0378 15.06000000000019
STARLINK-72728
1 72728U 20066A   25001.00000000  .00000000  00000-0  00000-0 0  9998
2 72728  70.0000  61.3505 0001000 209.5090  61.3629 15.06000000000011
STARLINK-72729
1 72729U 20021A   25001.00000000  .00000000  00000-0  00000-0 0  9990
2 72729  70.0000 175.4067 0001000 332.6131 280.0208 15.06000000000019
STARLINK-72730
1 72730U 20095A   25001.00000000  .00000000  00000-0  00000-0 0  9993
2 72730  43.0000 105.8999 0001000 154.5958 185.4493 15.06000000000014
STARLINK-72731
1 72731U 23025A   25001.00000000  .00000000  00000-0  00000-0 0  9990
2 72731  53.2000 142.4904 0001000  54.8172 133.8595 15.06000000000011
STARLINK-72732
1 72732U 24079A   25001.00000000  .00000000  00000-0  00000-0 0  9991
2 72732  43.0000 285.4012 0001000 186.0844 288.2409 15.06000000000010
STARLINK-72733
1 72733U 21050A   25001.00000000  .00000000  00000-0  00000-0 0  9998
2 72733  53.2000 224.6293 0001000 278.7976  56.6981 15.06000000000017
STARLINK-72734
1 72734U 24008A   25001.00000000  .00000000  00000-0  00000-0 0  9995
2 72734  53.0000 218.8683 0001000  75.0764 194.6168 15.06000000000017
STARLINK-72735
1 72735U 21028A   25001.00000000  .00000000  00000-0  00000-0 0  9995
2 72735  53.0000 189.7090 0001000  43.1048 357.5281 15.06000000000013
STARLINK-72736
1 72736U 20031A   25001.00000000  .00000000  00000-0  00000-0 0  9999
2 72736  53.2000 182.6530 0001000 105.6606 173.3454 15.06000000000017
STARLINK-72737
1 72737U 20057A   25001.00000000  .00000000  00000-0  00000-0 0  9998
2 72737  97.6000 153.9745 0001000 191.4327 316.1779 15.06000000000019
STARLINK-72738
1 72738U 23080A   25001.00000000  .00000000  00000-0  00000-0 0  9998
2 72738  70.0000  91.1158 0001000 171.7241 224.9247 15.06000000000018
STARLINK-72739
1 72739U 19031A   25001.00000000  .00000000  00000-0  00000-0 0  9990
2 72739  53.0000  46.5842 0001000 214.0352  55.1955 15.06000000000018
STARLINK-72740
1 72740U 24054A   25001.00000000  .00000000  00000-0  00000-0 0  9993
2 72740  53.2000 342.7166 0001000  90.8598  48.5437 15.06000000000015
STARLINK-72741
1 72741U 24067A   25001.00000000  .00000000  00000-0  00000-0 0  9998
2 72741  43.0000 344.1286 0001000  58.0069   6.9497 15.06000000000015
STARLINK-72742
1 72742U 25022A   25001.00000000  .00000000  00000-0  00000-0 0  9991
2 72742  53.0000  88.9806 0001000  70.7959 202.8079 15.06000000000010
STARLINK-72743
1 72743U 19092A   25001.00000000  .00000000  00000-0  00000-0 0  9992
2 72743  53.0000 217.2390 0001000 250.2283 339.3498 15.06000000000012
STARLINK-72744
1 72744U 24010A   25001.00000000  .00000000  00000-0  00000-0 0  9999
2 72744  53.2000 259.3666 0001000 106.5920 158.9131 15.06000000000018
STARLINK-72745
1 72745U 20063A   25001.00000000  .00000000  00000-0  00000-0 0  9994
2 72745  43.0000  89.6633 0001000 197.0374 334.3924 15.06000000000012
STARLINK-72746
1 72746U 20047A   25001.00000000  .00000000  00000-0  00000-0 0  9997
2 72746  53.0000 212.3598 0001000 173.0122 284.3599 15.06000000000016
STARLINK-72747
1 72747U 19026A   25001.00000000  .00000000  00000-0  00000-0 0  9993
2 72747  53.0000 207.9448 0001000 302.6965  60.9542 15.06000000000012
STARLINK-72748
1 72748U 24044A   25001.00000000  .00000000  00000-0  00000-0 0  9990
2 72748  97.6000  43.0256 0001000 189.9328  28.6051 15.06000000000018
STARLINK-72749
1 72749U 19069A   25001.00000000  .00000000  00000-0  00000-0 0  9992
2 72749  53.0000 285.7478 0001000 182.8523  57.5928 15.06000000000019
STARLINK-72750
1 72750U 20006A   25001.00000000  .00000000  00000-0  00000-0 0  9997
2 72750  43.0000 193.0913 0001000 141.4630   9.4680 15.06000000000016
STARLINK-72751
1 72751U 24052A   25001.00000000  .00000000  00000-0  00000-0 0  9993
2 72751  97.6000  71.0390 0001000 317.9353  38.3380 15.06000000000016
STARLINK-72752
1 72752U 19058A   25001.00000000  .00000000  00000-0  00000-0 0  9994
2 72752  70.0000  62.7396 0001000 211.9500  91.4717 15.06000000000016
STARLINK-72753
1 72753U 23073A   25001.00000000  .00000000  00000-0  00000-0 0  9997
2 72753  70.0000  46.4047 0001000 165.5183 245.1006 15.06000000000019
STARLINK-72754
1 72754U 21060A   25001.00000000  .00000000  00000-0  00000-0 0  9992
2 72754  43.0000 234.4843 0001000 322.7661  14.5102 15.06000000000016
STARLINK-72755
1 72755U 21083A   25001.00000000  .00000000  00000-0  00000-0 0  9998
2 72755  53.2000 210.3816 0001000  89.9230 206.3000 15.06000000000015
STARLINK-72756
1 72756U 21037A   25001.00000000  .00000000  00000-0  00000-0 0  9998
2 72756  53.0000  62.7548 0001000 261.9452  56.4694 15.06000000000016
STARLINK-72757
1 72757U 22092A   25001.00000000  .00000000  00000-0  00000-0 0  9991
2 72757  70.0000 337.7663 0001000  24.0606  31.0344 15.06000000000019
STARLINK-72758
1 72758U 20030A   25001.00000000  .00000000  00000-0  00000-0 0  9992
2 72758  97.6000  72.9733 0001000 234.9525 297.4995 15.06000000000013
STARLINK-72759
1 72759U 24014A   25001.00000000  .00000000  00000-0  00000-0 0  9999
2 72759  70.0000 298.7861 0001000 269.9665 269.7378 15.06000000000019
STARLINK-72760
1 72760U 24029A   25001.00000000  .00000000  00000-0  00000-0 0  9997
2 72760  97.6000  73.1711 0001000  39.2755  18.8270 15.06000000000017
STARLINK-72761
1 72761U 22041A   25001.00000000  .00000000  00000-0  00000-0 0  9990
2 72761  53.2000  61.0883 0001000 284.3151  55.1989 15.06000000000016
STARLINK-72762
1 72762U 20075A   25001.00000000  .00000000  00000-0  00000-0 0  9996
2 72762  97.6000 229.1793 0001000 130.8770 152.6889 15.06000000000010
STARLINK-72763
1 72763U 21019A   25001.00000000  .00000000  00000-0  00000-0 0  9996
2 72763  97.6000 204.2268 0001000  38.8356 287.4242 15.06000000000019
STARLINK-72764
1 72764U 20014A   25001.00000000  .00000000  00000-0  00000-0 0  9991
2 72764  97.6000 188.5967 0001000  79.4237 297.7835 15.06000000000011
STARLINK-72765
1 72765U 21043A   25001.00000000  .00000000  00000-0  00000-0 0  9995
2 72765  43.0000 352.6169 0001000  25.8421 229.0492 15.06000000000012
STARLINK-72766
1 72766U 21035A   25001.00000000  .00000000  00000-0  00000-0 0  9997
2 72766  97.6000 317.6369 0001000 276.6101 324.2095 15.06000000000019
STARLINK-72767
1 72767U 24093A   25001.00000000  .00000000  00000-0  00000-0 0  9995
2 72767  97.6000 201.2976 0001000 340.6773 262.0267 15.06000000000019
STARLINK-72768
1 72768U 25033A   25001.00000000  .00000000  00000-0  00000-0 0  9991
2 72768  43.0000 334.3934 0001000  72.2534 290.7074 15.06000000000014
STARLINK-72769
1 72769U 24063A   25001.00000000  .00000000  00000-0  00000-0 0  9994
2 72769  53.0000  98.5752 0001000 179.3130 140.3867 15.06000000000014
STARLINK-72770
1 72770U 23003A   25001.00000000  .00000000  00000-0  00000-0 0  9999
2 72770  53.2000   6.6867 0001000  46.3246 355.2250 15.06000000000019
STARLINK-72771
1 72771U 23006A   25001.00000000  .00000000  00000-0  00000-0 0  9993
2 72771  43.0000 252.2473 0001000 138.1946 141.7920 15.06000000000018
STARLINK-72772
1 72772U 20023A   25001.00000000  .00000000  00000-0  00000-0 0  9990
2 72772  43.0000  30.3637 0001000 271.7604 288.1400 15.06000000000010
STARLINK-72773
1 72773U 19069A   25001.00000000  .00000000  00000-0  00000-0 0  9999
2 72773  53.0000 223.7238 0001000 138.1289 188.7950 15.06000000000017
STARLINK-72774
1 72774U 25082A   25001.00000000  .00000000  00000-0  00000-0 0  9992
2 72774  53.2000 303.8329 0001000 168.4285 336.6815 15.06000000000017
STARLINK-72775
1 72775U 22042A   25001.00000000  .00000000  00000-0  00000-0 0  9996
2 72775  53.2000 235.4564 0001000   5.1954  99.5387 15.06000000000018
STARLINK-72776
1 72776U 20043A   25001.00000000  .00000000  00000-0  00000-0 0  9996
2 72776  53.2000  73.1944 0001000 177.0269 179.9463 15.06000000000014
STARLINK-72777
1 72777U 20001A   25001.00000000  .00000000  00000-0  00000-0 0  9991
2 72777  53.0000  22.6664 0001000 268.5177 132.0963 15.06000000000010
STARLINK-72778
1 72778U 21004A   25001.00000000  .00000000  00000-0  00000-0 0  9996
2 72778  70.0000 201.2497 0001000  93.1619 324.2580 15.06000000000012
STARLINK-72779
1 72779U 21059A   25001.00000000  .00000000  00000-0  00000-0 0  9997
2 72779  70.0000 296.4546 0001000 171.9043 348.7278 15.06000000000015
STARLINK-72780
1 72780U 21038A   25001.00000000  .00000000  00000-0  00000-0 0  9996
2 72780  70.0000 335.0975 0001000 140.0768  40.2008 15.06000000000019
STARLINK-72781
1 72781U 24043A   25001.00000000  .00000000  00000-0  00000-0 0  9996
2 72781  53.0000 123.8693 0001000 291.5360 155.9773 15.06000000000014
STARLINK-72782
1 72782U 25016A   25001.00000000  .00000000  00000-0  00000-0 0  9998
2 72782  53.2000   3.8506 0001000  58.4828 173.0976 15.06000000000012
STARLINK-72783
1 72783U 20007A   25001.00000000  .00000000  00000-0  00000-0 0  9994
2 72783  97.6000 137.9093 0001000 141.5733 150.0064 15.06000000000017
STARLINK-72784
1 72784U 24031A   25001.00000000  .00000000  00000-0  00000-0 0  9996
2 72784  70.0000 259.3118 0001000 238.4955 196.7787 15.06000000000011
STARLINK-72785
1 72785U 23085A   25001.00000000  .00000000  00000-0  00000-0 0  9995
2 72785  53.2000 228.8120 0001000  78.0948 346.9792 15.06000000000014
STARLINK-72786
1 72786U 24082A   25001.00000000  .00000000  00000-0  00000-0 0  9994
2 72786  53.0000 256.6394 0001000 135.0170 328.5746 15.06000000000011
STARLINK-72787
1 72787U 23030A   25001.00000000  .00000000  00000-0  00000-0 0  9997
2 72787  53.2000 252.2554 0001000  51.1968  44.7685 15.06000000000016
STARLINK-72788
1 72788U 23009A   25001.00000000  .00000000  00000-0  00000-0 0  9994
2 72788  53.0000 324.3996 0001000 229.0306 288.3199 15.06000000000014
STARLINK-72789
1 72789U 20032A   25001.00000000  .00000000  00000-0  00000-0 0  9998
2 72789  43.0000 116.8989 0001000 222.3560  91.2327 15.06000000000012
STARLINK-72790
1 72790U 25073A   25001.00000000  .00000000  00000-0  00000-0 0  9990
2 72790  70.0000 233.4704 0001000  35.4901 345.8721 15.06000000000013
STARLINK-72791
1 72791U 23076A   25001.00000000  .00000000  00000-0  00000-0 0  9992
2 72791  43.0000 217.1731 0001000 232.5914 312.7271 15.06000000000010
STARLINK-72792
1 72792U 20045A   25001.00000000  .00000000  00000-0  00000-0 0  9996
2 72792  70.0000   4.4701 0001000  13.9701 280.4401 15.06000000000016
STARLINK-72793
1 72793U 21082A   25001.00000000  .00000000  00000-0  00000-0 0  9999
2 72793  43.0000 125.3605 0001000  20.1959  84.3906 15.06000000000019
STARLINK-72794
1 72794U 23055A   25001.00000000  .00000000  00000-0  00000-0 0  9992
2 72794  53.0000  82.6841 0001000 324.4119 254.3610 15.06000000000017
STARLINK-72795
1 72795U 22058A   25001.00000000  .00000000  00000-0  00000-0 0  9995
2 72795  53.0000 158.7752 0001000 294.8346 135.5440 15.06000000000017
STARLINK-72796
1 72796U 19063A   25001.00000000  .00000000  00000-0  00000-0 0  9998
2 72796  53.0000 304.1103 0001000 344.3974 161.1845 15.06000000000017
STARLINK-72797
1 72797U 25089A   25001.00000000  .00000000  00000-0  00000-0 0  9994
2 72797  53.0000 120.2205 0001000 134.9284  96.0752 15.06000000000018
STARLINK-72798
1 72798U 22066A   25001.00000000  .00000000  00000-0  00000-0 0  9997
2 72798  70.0000 310.4999 0001000  58.3758 177.5985 15.06000000000019
STARLINK-72799
1 72799U 19076A   25001.00000000  .00000000  00000-0  00000-0 0  9995
2 72799  70.0000 155.1938 0001000  29.5828  40.6278 15.06000000000010
STARLINK-72800
1 72800U 21052A   25001.00000000  .00000000  00000-0  00000-0 0  9995
2 72800  53.0000 250.2325 0001000 107.3486 165.7575 15.06000000000015
STARLINK-72801
1 72801U 25015A   25001.00000000  .00000000  00000-0  00000-0 0  9999
2 72801  97.6000 148.4776 0001000  55.1565 146.5199 15.06000000000015
STARLINK-72802
1 72802U 19052A   25001.00000000  .00000000  00000-0  00000-0 0  9994
2 72802  53.0000 292.0120 0001000 152.7447 310.4722 15.06000000000018
STARLINK-72803
1 72803U 21092A   25001.00000000  .00000000  00000-0  00000-0 0  9992
2 72803  53.2000 282.1376 0001000 342.9314  80.2157 15.06000000000014
STARLINK-72804
1 72804U 24092A   25001.00000000  .00000000  00000-0  00000-0 0  9996
2 72804  97.6000 159.9741 0001000  22.8314  43.4212 15.06000000000011
STARLINK-72805
1 72805U 20019A   25001.00000000  .00000000  00000-0  00000-0 0  9992
2 72805  53.0000 212.6763 0001000 170.6338 194.0634 15.06000000000018
STARLINK-72806
1 72806U 24078A   25001.00000000  .00000000  00000-0  00000-0 0  9992
2 72806  97.6000 327.3676 0001000 328.9202 126.0113 15.06000000000015
STARLINK-72807
1 72807U 21012A   25001.00000000  .00000000  00000-0  00000-0 0  9998
2 72807  70.0000  55.3891 0001000 260.1596  53.9802 15.06000000000014
STARLINK-72808
1 72808U 24044A   25001.00000000  .00000000  00000-0  00000-0 0  9997
2 72808  53.2000   4.5398 0001000 292.1567 219.3154 15.06000000000017
STARLINK-72809
1 72809U 25082A   25001.00000000  .00000000  00000-0  00000-0 0  9991
2 72809  43.0000  70.9210 0001000  32.6551 209.2896 15.06000000000016
STARLINK-72810
1 72810U 24017A   25001.00000000  .00000000  00000-0  00000-0 0  9990
2 72810  53.0000   3.2795 0001000 102.0895 261.9193 15.06000000000014
STARLINK-72811
1 72811U 21074A   25001.00000000  .00000000  00000-0  00000-0 0  9991
2 72811  43.0000 258.9093 0001000 225.5627  31.5240 15.06000000000012
STARLINK-72812
1 72812U 21011A   25001.00000000  .00000000  00000-0  00000-0 0  9993
2 72812  70.0000 320.5612 0001000  42.1480  21.8832 15.06000000000015
STARLINK-72813
1 72813U 24009A   25001.00000000  .00000000  00000-0  00000-0 0  9994
2 72813  53.2000 164.5783 0001000 223.7700  48.3671 15.06000000000011
STARLINK-72814
1 72814U 24022A   25001.00000000  .00000000  00000-0  00000-0 0  9990
2 72814  43.0000 350.0166 0001000 148.0640  40.1774 15.06000000000012
STARLINK-72815
1 72815U 19081A   25001.00000000  .00000000  00000-0  00000-0 0  9990
2 72815  53.2000 162.3174 0001000   1.4682 303.0064 15.06000000000010
STARLINK-72816
1 72816U 24047A   25001.00000000  .00000000  00000-0  00000-0 0  9999
2 72816  43.0000 212.3878 0001000 318.8804  56.5527 15.06000000000010
STARLINK-72817
1 72817U 22029A   25001.00000000  .00000000  00000-0  00000-0 0  9998
2 72817  53.2000 286.5093 0001000 269.4675 178.7663 15.06000000000011
STARLINK-72818
1 72818U 19029A   25001.00000000  .00000000  00000-0  00000-0 0  9995
2 72818  43.0000 158.5618 0001000  52.5518  79.1721 15.06000000000016
STARLINK-72819
1 72819U 23089A   25001.00000000  .00000000  00000-0  00000-0 0  9997
2 72819  70.0000 359.4908 0001000 186.9921 298.2864 15.06000000000013
STARLINK-72820
1 72820U 22049A   25001.00000000  .00000000  00000-0  00000-0 0  9994
2 72820  97.6000 210.9538 0001000 259.4909  65.4145 15.06000000000018
STARLINK-72821
1 72821U 23060A   25001.00000000  .00000000  00000-0  00000-0 0  9999
2 72821  70.0000 278.6934 0001000 317.7667 333.1011 15.06000000000011
STARLINK-72822
1 72822U 22093A   25001.00000000  .00000000  00000-0  00000-0 0  9995
2 72822  70.0000 322.2478 0001000  53.0840 332.9619 15.06000000000015
STARLINK-72823
1 72823U 21038A   25001.00000000  .00000000  00000-0  00000-0 0  9994
2 72823  53.0000 254.1265 0001000 218.4286  16.8230 15.06000000000012
STARLINK-72824
1 72824U 20075A   25001.00000000  .00000000  00000-0  00000-0 0  9995
2 72824  70.0000 168.6509 0001000  37.1813 282.1009 15.06000000000016
STARLINK-72825
1 72825U 23003A   25001.00000000  .00000000  00000-0  00000-0 0  9990
2 72825  70.0000 112.5446 0001000 267.0991 218.4328 15.06000000000012
STARLINK-72826
1 72826U 24028A   25001.00000000  .00000000  00000-0  00000-0 0  9999
2 72826  53.0000  16.8748 0001000 266.0821 138.3851 15.06000000000017
STARLINK-72827
1 72827U 21068A   25001.00000000  .00000000  00000-0  00000-0 0  9991
2 72827  53.0000  10.0805 0001000  67.5636 314.7701 15.06000000000010
STARLINK-72828
1 72828U 21020A   25001.00000000  .00000000  00000-0  00000-0 0  9990
2 72828  97.6000 352.7077 0001000  35.0468 114.9292 15.06000000000010
STARLINK-72829
1 72829U 22045A   25001.00000000  .00000000  00000-0  00000-0 0  9999
2 72829  43.0000 179.5365 0001000  10.1079  74.8945 15.06000000000012
STARLINK-72830
1 72830U 20008A   25001.00000000  .00000000  00000-0  00000-0 0  9998
2 72830  97.6000 220.5312 0001000 197.8324 112.8387 15.06000000000017
STARLINK-72831
1 72831U 25039A   25001.00000000  .00000000  00000-0  00000-0 0  9998
2 72831  53.2000 210.7135 0001000   4.3086  40.3331 15.06000000000011
STARLINK-72832
1 72832U 23015A   25001.00000000  .00000000  00000-0  00000-0 0  9991
2 72832  43.0000 179.7264 0001000  49.9419 337.0311 15.06000000000015
STARLINK-72833
1 72833U 24003A   25001.00000000  .00000000  00000-0  00000-0 0  9990
2 72833  97.6000  37.3469 0001000 158.0310 150.3930 15.06000000000012
STARLINK-72834
1 72834U 23031A   25001.00000000  .00000000  00000-0  00000-0 0  9991
2 72834  70.0000 160.6715 0001000  95.6420 108.9523 15.06000000000017
STARLINK-72835
1 72835U 22072A   25001.00000000  .00000000  00000-0  00000-0 0  9996
2 72835  70.0000  65.8122 0001000  29.4683  30.2377 15.06000000000016
STARLINK-72836
1 72836U 21009A   25001.00000000  .00000000  00000-0  00000-0 0  9996
2 72836  53.2000 177.6861 0001000 279.7576  14.5667 15.06000000000010
STARLINK-72837
1 72837U 21081A   25001.00000000  .00000000  00000-0  00000-0 0  9997
2 72837  53.0000 309.1708 0001000 216.7052  62.8040 15.06000000000012
STARLINK-72838
1 72838U 21050A   25001.00000000  .00000000  00000-0  00000-0 0  9994
2 72838  53.0000 282.2220 0001000  57.1514  37.4744 15.06000000000012
STARLINK-72839
1 72839U 25048A   25001.00000000  .00000000  00000-0  00000-0 0  9996
2 72839  70.0000  78.1183 0001000 327.4536 276.7420 15.06000000000018
STARLINK-72840
1 72840U 25090A   25001.00000000  .00000000  00000-0  00000-0 0  9995
2 72840  53.2000 293.7797 0001000  85.7316 122.4824 15.06000000000014
STARLINK-72841
1 72841U 22015A   25001.00000000  .00000000  00000-0  00000-0 0  9990
2 72841  53.0000 323.0435 0001000 232.1890 241.1824 15.06000000000013
STARLINK-72842
1 72842U 20095A   25001.00000000  .00000000  00000-0  00000-0 0  9997
2 72842  53.0000 345.9348 0001000 193.5075 125.6781 15.06000000000013
STARLINK-72843
1 72843U 19058A   25001.00000000  .00000000  00000-0  00000-0 0  9995
2 72843  70.0000 178.6803 0001000 234.5164 184.6754 15.06000000000010
STARLINK-72844
1 72844U 19046A   25001.00000000  .00000000  00000-0  00000-0 0  9993
2 72844  53.2000  81.7109 0001000 125.9729 143.5637 15.06000000000011
STARLINK-72845
1 72845U 23051A   25001.00000000  .00000000  00000-0  00000-0 0  9995
2 72845  53.0000 108.3791 0001000 218.9138 342.1447 15.06000000000016
STARLINK-72846
1 72846U 22014A   25001.00000000  .00000000  00000-0  00000-0 0  9994
2 72846  53.2000 137.1993 0001000 287.7424 298.3290 15.06000000000013
STARLINK-72847
1 72847U 20058A   25001.00000000  .00000000  00000-0  00000-0 0  9991
2 72847  53.2000 199.0691 0001000 354.0008 296.1156 15.06000000000019
STARLINK-72848
1 72848U 20025A   25001.00000000  .00000000  00000-0  00000-0 0  9996
2 72848  43.0000  92.4071 0001000 249.4820 292.8341 15.06000000000013
STARLINK-72849
1 72849U 20053A   25001.00000000  .00000000  00000-0  00000-0 0  9998
2 72849  97.6000 240.0729 0001000 149.8841   8.9254 15.06000000000015
STARLINK-72850
1 72850U 19020A   25001.00000000  .00000000  00000-0  00000-0 0  9992
2 72850  97.6000  41.6103 0001000 117.7482 301.0423 15.06000000000018
STARLINK-72851
1 72851U 25096A   25001.00000000  .00000000  00000-0  00000-0 0  9993
2 72851  70.0000 141.3902 0001000  15.3289 262.9507 15.06000000000015
STARLINK-72852
1 72852U 25009A   25001.00000000  .00000000  00000-0  00000-0 0  9998
2 72852  53.0000  51.7134 0001000  11.9458  57.7569 15.06000000000016
STARLINK-72853
1 72853U 20062A   25001.00000000  .00000000  00000-0  00000-0 0  9993
2 72853  43.0000   2.2095 0001000 281.7040  43.5440 15.06000000000018
STARLINK-72854
1 72854U 20014A   25001.00000000  .00000000  00000-0  00000-0 0  9991
2 72854  70.0000 164.8410 0001000 254.5472 144.0232 15.06000000000018
STARLINK-72855
1 72855U 21090A   25001.00000000  .00000000  00000-0  00000-0 0  9997
2 72855  53.2000 298.4826 0001000 291.5236  32.5749 15.06000000000010
STARLINK-72856
1 72856U 23036A   25001.00000000  .00000000  00000-0  00000-0 0  9990
2 72856  70.0000  53.4345 0001000 134.4834 114.5474 15.06000000000018
STARLINK-72857
1 72857U 20035A   25001.00000000  .00000000  00000-0  00000-0 0  9997
2 72857  70.0000 261.6853 0001000 209.2375 153.6037 15.06000000000016
STARLINK-72858
1 72858U 25011A   25001.00000000  .00000000  00000-0  00000-0 0  9997
2 72858  70.0000 102.1110 0001000 179.1731 283.4435 15.06000000000017
STARLINK-72859
1 72859U 22080A   25001.00000000  .00000000  00000-0  00000-0 0  9991
2 72859  53.2000 341.0888 0001000  17.7451 217.6152 15.06000000000018
STARLINK-72860
1 72860U 20067A   25001.00000000  .00000000  00000-0  00000-0 0  9996
2 72860  70.0000 310.6690 0001000  99.3041  34.0215 15.06000000000012
STARLINK-72861
1 72861U 24062A   25001.00000000  .00000000  00000-0  00000-0 0  9996
2 72861  53.2000  49.3474 0001000 223.4774 256.3112 15.06000000000010
STARLINK-72862
1 72862U 21054A   25001.00000000  .00000000  00000-0  00000-0 0  9995
2 72862  53.2000 153.4164 0001000 160.7429 221.9516 15.06000000000010
STARLINK-72863
1 72863U 22079A   25001.00000000  .00000000  00000-0  00000-0 0  9994
2 72863  53.0000  39.1859 0001000 103.5275 218.0165 15.06000000000011
STARLINK-72864
1 72864U 23032A   25001.00000000  .00000000  00000-0  00000-0 0  9995
2 72864  53.2000 197.8173 0001000   7.6629 122.7139 15.06000000000014
STARLINK-72865
1 72865U 22021A   25001.00000000  .00000000  00000-0  00000-0 0  9993
2 72865  70.0000 250.8502 0001000 272.6975 295.3241 15.06000000000017
STARLINK-72866
1 72866U 21080A   25001.00000000  .00000000  00000-0  00000-0 0  9998
2 72866  53.0000 225.3248 0001000 252.6087  61.6818 15.06000000000019
STARLINK-72867
1 72867U 25095A   25001.00000000  .00000000  00000-0  00000-0 0  9999
2 72867  43.0000 115.6233 0001000 288.2156 190.5452 15.06000000000012
STARLINK-72868
1 72868U 21031A   25001.00000000  .00000000  00000-0  00000-0 0  9996
2 72868  53.2000 117.3124 0001000 154.0773 355.9228 15.06000000000017
STARLINK-72869
1 72869U 25055A   25001.00000000  .00000000  00000-0  00000-0 0  9997
2 72869  70.0000  10.9925 0001000 138.4959  44.5221 15.06000000000018
STARLINK-72870
1 72870U 20001A   25001.00000000  .00000000  00000-0  00000-0 0  9995
2 72870  43.0000  27.4410 0001000  90.9851 322.8204 15.06000000000018
STARLINK-72871
1 72871U 23039A   25001.00000000  .00000000  00000-0  00000-0 0  9990
2 72871  53.0000 196.6962 0001000 261.2322  27.6148 15.06000000000014
STARLINK-72872
1 72872U 20029A   25001.00000000  .00000000  00000-0  00000-0 0  9997
2 72872  53.0000 123.2889 0001000 318.4122 149.0627 15.06000000000013
STARLINK-72873
1 72873U 23056A   25001.00000000  .00000000  00000-0  00000-0 0  9991
2 72873  53.0000  69.8588 0001000 190.6723 221.3225 15.06000000000010
STARLINK-72874
1 72874U 22094A   25001.00000000  .00000000  00000-0  00000-0 0  9993
2 72874  53.2000 125.6439 0001000  51.9487  96.6787 15.06000000000011
STARLINK-72875
1 72875U 23034A   25001.00000000  .00000000  00000-0  00000-0 0  9999
2 72875  53.0000 318.6027 0001000  30.2939 104.6315 15.06000000000016
STARLINK-72876
1 72876U 23051A   25001.00000000  .00000000  00000-0  00000-0 0  9999
2 72876  43.0000  83.4369 0001000  51.2051 135.4669 15.06000000000014
STARLINK-72877
1 72877U 23073A   25001.00000000  .00000000  00000-0  00000-0 0  9994
2 72877  43.0000 289.7987 0001000 356.5855  46.4486 15.06000000000013
STARLINK-72878
1 72878U 24073A   25001.00000000  .00000000  00000-0  00000-0 0  9996
2 72878  43.0000 301.1686 0001000  73.6645 189.4149 15.06000000000017
STARLINK-72879
1 72879U 25070A   25001.00000000  .00000000  00000-0  00000-0 0  9995
2 72879  53.2000 345.1178 0001000 223.7141   6.6868 15.06000000000012
STARLINK-72880
1 72880U 19098A   25001.00000000  .00000000  00000-0  00000-0 0  9990
2 72880  43.0000  84.7514 0001000 329.7128   7.9622 15.06000000000015
STARLINK-72881
1 72881U 23067A   25001.00000000  .00000000  00000-0  00000-0 0  9992
2 72881  53.2000 157.1992 0001000 339.9384 237.1144 15.06000000000017
STARLINK-72882
1 72882U 19069A   25001.00000000  .00000000  00000-0  00000-0 0  9990
2 72882  53.0000 337.9013 0001000  32.5872 256.6750 15.06000000000015
STARLINK-72883
1 72883U 24054A   25001.00000000  .00000000  00000-0  00000-0 0  9991
2 72883  70.0000  40.0493 0001000 304.9936 236.9896 15.06000000000018
STARLINK-72884
1 72884U 24073A   25001.00000000  .00000000  00000-0  00000-0 0  9993
2 72884  97.6000  46.1563 0001000   6.8882 254.2606 15.06000000000019
STARLINK-72885
1 72885U 22044A   25001.00000000  .00000000  00000-0  00000-0 0  9990
2 72885  53.0000 146.7766 0001000 171.1247 126.2092 15.06000000000016
STARLINK-72886
1 72886U 19062A   25001.00000000  .00000000  00000-0  00000-0 0  9997
2 72886  53.0000 111.7248 0001000 335.5307 107.4989 15.06000000000013
STARLINK-72887
1 72887U 21002A   25001.00000000  .00000000  00000-0  00000-0 0  9995
2 72887  53.0000  72.4672 0001000  32.1582 171.3833 15.06000000000011
STARLINK-72888
1 72888U 25026A   25001.00000000  .00000000  00000-0  00000-0 0  9996
2 72888  97.6000  48.7214 0001000 188.1687  22.9897 15.06000000000013
STARLINK-72889
1 72889U 20074A   25001.00000000  .00000000  00000-0  00000-0 0  9995
2 72889  70.0000 199.3326 0001000  20.2749 183.3374 15.06000000000013
STARLINK-72890
1 72890U 20032A   25001.00000000  .00000000  00000-0  00000-0 0  9991
2 72890  53.0000 204.1267 0001000 166.1103 128.2042 15.06000000000019
STARLINK-72891
1 72891U 19001A   25001.00000000  .00000000  00000-0  00000-0 0  9996
2 72891  53.0000 353.8324 0001000  65.6651 194.0832 15.06000000000015
STARLINK-72892
1 72892U 21047A   25001.00000000  .00000000  00000-0  00000-0 0  9990
2 72892  53.2000 268.1657 0001000 257.7526 319.9080 15.06000000000013
STARLINK-72893
1 72893U 22027A   25001.00000000  .00000000  00000-0  00000-0 0  9990
2 72893  43.0000  15.8938 0001000 253.1893   8.4655 15.06000000000015
STARLINK-72894
1 72894U 21077A   25001.00000000  .00000000  00000-0  00000-0 0  9995
2 72894  53.0000 136.0460 0001000  82.0699 265.4680 15.06000000000019
STARLINK-72895
1 72895U 21005A   25001.00000000  .00000000  00000-0  00000-0 0  9997
2 72895  97.6000 175.9433 0001000 352.6648 219.5016 15.06000000000019
STARLINK-72896
1 72896U 20057A   25001.00000000  .00000000  00000-0  00000-0 0  9994
2 72896  53.0000  99.8007 0001000 357.5007 234.9657 15.06000000000012
STARLINK-72897
1 72897U 23094A   25001.00000000  .00000000  00000-0  00000-0 0  9999
2 72897  53.0000 148.9691 0001000 190.7659 276.3596 15.06000000000010
STARLINK-72898
1 72898U 20070A   25001.00000000  .00000000  00000-0  00000-0 0  9991
2 72898  97.6000 103.1611 0001000 145.1430 140.9468 15.06000000000015
STARLINK-72899
1 72899U 22037A   25001.00000000  .00000000  00000-0  00000-0 0  9997
2 72899  53.2000 183.0610 0001000 108.6202  15.3012 15.06000000000011
STARLINK-72900
1 72900U 25086A   25001.00000000  .00000000  00000-0  00000-0 0  9997
2 72900  70.0000  33.5199 0001000 178.7134 239.7372 15.06000000000015
STARLINK-72901
1 72901U 20029A   25001.00000000  .00000000  00000-0  00000-0 0  9990
2 72901  70.0000 297.0080 0001000 227.4039  74.8255 15.06000000000016
STARLINK-72902
1 72902U 22021A   25001.00000000  .00000000  00000-0  00000-0 0  9995
2 72902  97.6000 289.3239 0001000 160.9470 141.2864 15.06000000000017
STARLINK-72903
1 72903U 25003A   25001.00000000  .00000000  00000-0  00000-0 0  9999
2 72903  70.0000 221.8728 0001000 308.8398 103.2499 15.06000000000011
STARLINK-72904
1 72904U 21066A   25001.00000000  .00000000  00000-0  00000-0 0  9995
2 72904  97.6000 168.6096 0001000 217.4793 205.5295 15.06000000000017
STARLINK-72905
1 72905U 23063A   25001.00000000  .00000000  00000-0  00000-0 0  9995
2 72905  53.0000 256.7444 0001000 356.7821  84.8313 15.06000000000018
STARLINK-72906
1 72906U 19087A   25001.00000000  .00000000  00000-0  00000-0 0  9997
2 72906  97.6000 161.4888 0001000  45.5717 106.1939 15.06000000000016
STARLINK-72907
1 72907U 22049A   25001.00000000  .00000000  00000-0  00000-0 0  9990
2 72907  53.0000 215.6056 0001000 234.7986 132.6641 15.06000000000016
STARLINK-72908
1 72908U 19021A   25001.00000000  .00000000  00000-0  00000-0 0  9997
2 72908  53.0000 171.1081 0001000 295.4575 126.0964 15.06000000000014
STARLINK-72909
1 72909U 25079A   25001.00000000  .00000000  00000-0  00000-0 0  9998
2 72909  70.0000 227.7880 0001000 208.6797 257.3420 15.06000000000016
STARLINK-72910
1 72910U 25004A   25001.00000000  .00000000  00000-0  00000-0 0  9998
2 72910  53.2000 238.0872 0001000  38.1936 111.6726 15.06000000000019
STARLINK-72911
1 72911U 22053A   25001.00000000  .00000000  00000-0  00000-0 0  9990
2 72911  53.0000 297.6713 0001000  73.7083 284.1109 15.06000000000012
STARLINK-72912
1 72912U 25087A   25001.00000000  .00000000  00000-0  00000-0 0  9991
2 72912  70.0000  70.9239 0001000 253.2592 126.2437 15.06000000000017
STARLINK-72913
1 72913U 20037A   25001.00000000  .00000000  00000-0  00000-0 0  9992
2 72913  97.6000 335.6451 0001000  84.9848 117.1003 15.06000000000011
STARLINK-72914
1 72914U 23098A   25001.00000000  .00000000  00000-0  00000-0 0  9993
2 72914  70.0000 173.7059 0001000  30.6154 355.1998 15.06000000000017
STARLINK-72915
1 72915U 21076A   25001.00000000  .00000000  00000-0  00000-0 0  9998
2 72915  53.2000  35.4539 0001000 202.1349 265.2069 15.06000000000010
STARLINK-72916
1 72916U 21061A   25001.00000000  .00000000  00000-0  00000-0 0  9993
2 72916  97.6000  68.0812 0001000 207.4063 247.2368 15.06000000000012
STARLINK-72917
1 72917U 23067A   25001.00000000  .00000000  00000-0  00000-0 0  9992
2 72917  53.0000 250.2230 0001000 100.0285 230.7495 15.06000000000010
STARLINK-72918
1 72918U 25069A   25001.00000000  .00000000  00000-0  00000-0 0  9997
2 72918  53.2000 128.8363 0001000 312.2983  66.9221 15.06000000000018
STARLINK-72919
1 72919U 24032A   25001.00000000  .00000000  00000-0  00000-0 0  9997
2 72919  53.2000 238.9423 0001000 218.0245 226.6376 15.06000000000019
STARLINK-72920
1 72920U 21007A   25001.00000000  .00000000  00000-0  00000-0 0  9998
2 72920  97.6000 326.7196 0001000 340.7558 176.2401 15.06000000000015
STARLINK-72921
1 72921U 22082A   25001.00000000  .00000000  00000-0  00000-0 0  9993
2 72921  97.6000 182.1586 0001000 313.4340 107.5529 15.06000000000017
STARLINK-72922
1 72922U 24040A   25001.00000000  .00000000  00000-0  00000-0 0  9990
2 72922  53.2000 193.7157 0001000  53.2704 198.6198 15.06000000000014
STARLINK-72923
1 72923U 24081A   25001.00000000  .00000000  00000-0  00000-0 0  9996
2 72923  70.0000 271.8555 0001000 281.5637 350.7972 15.06000000000014
STARLINK-72924
1 72924U 24050A   25001.00000000  .00000000  00000-0  00000-0 0  9993
2 72924  43.0000 227.0642 0001000 355.5653 296.7089 15.06000000000013
STARLINK-72925
1 72925U 21028A   25001.00000000  .00000000  00000-0  00000-0 0  9996
2 72925  53.2000 127.9143 0001000 305.4223  92.9569 15.06000000000017
STARLINK-72926
1 72926U 24045A   25001.00000000  .00000000  00000-0  00000-0 0  9999
2 72926  43.0000 276.5126 0001000 181.8112 330.1921 15.06000000000019
STARLINK-72927
1 72927U 24093A   25001.00000000  .00000000  00000-0  00000-0 0  9993
2 72927  70.0000 213.4946 0001000 348.7165 168.6420 15.06000000000010
STARLINK-72928
1 72928U 24086A   25001.00000000  .00000000  00000-0  00000-0 0  9996
2 72928  97.6000 172.5711 0001000  35.2624 192.3176 15.06000000000011
STARLINK-72929
1 72929U 24073A   25001.00000000  .00000000  00000-0  00000-0 0  9993
2 72929  43.0000 327.2046 0001000  94.7644  96.6491 15.06000000000015
STARLINK-72930
1 72930U 22070A   25001.00000000  .00000000  00000-0  00000-0 0  9990
2 72930  70.0000 118.4360 0001000 250.3230 159.5965 15.06000000000012
STARLINK-72931
1 72931U 20010A   25001.00000000  .00000000  00000-0  00000-0 0  9993
2 72931  43.0000 240.8888 0001000 339.2029 156.8349 15.06000000000017
STARLINK-72932
1 72932U 20001A   25001.00000000  .00000000  00000-0  00000-0 0  9994
2 72932  70.0000 210.8188 0001000 342.3851 142.1629 15.06000000000015
STARLINK-72933
1 72933U 21003A   25001.00000000  .00000000  00000-0  00000-0 0  9998
2 72933  53.2000  76.9633 0001000 338.7288 167.7534 15.06000000000016
STARLINK-72934
1 72934U 23040A   25001.00000000  .00000000  00000-0  00000-0 0  9992
2 72934  53.0000  16.1757 0001000 291.8417 254.8852 15.06000000000012
STARLINK-72935
1 72935U 20012A   25001.00000000  .00000000  00000-0  00000-0 0  9999
2 72935  53.2000 300.5533 0001000  87.8181  58.2045 15.06000000000018
STARLINK-72936
1 72936U 19060A   25001.00000000  .00000000  00000-0  00000-0 0  9991
2 72936  53.2000  18.4042 0001000 311.3073 180.6888 15.06000000000019
STARLINK-72937
1 72937U 19009A   25001.00000000  .00000000  00000-0  00000-0 0  9995
2 72937  53.0000 305.0572 0001000 171.8142  63.2156 15.06000000000011
STARLINK-72938
1 72938U 24057A   25001.00000000  .00000000  00000-0  00000-0 0  9995
2 72938  70.0000 346.9526 0001000  24.9649  40.6672 15.06000000000016
STARLINK-72939
1 72939U 20047A   25001.00000000  .00000000  00000-0  00000-0 0  9991
2 72939  70.0000  75.6492 0001000 290.3294 222.8737 15.06000000000016
STARLINK-72940
1 72940U 20007A   25001.00000000  .00000000  00000-0  00000-0 0  9999
2 72940  43.0000 180.8108 0001000 154.2109  78.8714 15.06000000000018
STARLINK-72941
1 72941U 20090A   25001.00000000  .00000000  00000-0  00000-0 0  9992
2 72941  53.0000 207.1953 0001000 285.9217 334.4932 15.06000000000016
STARLINK-72942
1 72942U 24036A   25001.00000000  .00000000  00000-0  00000-0 0  9997
2 72942  43.0000 138.8789 0001000 329.7864  42.3619 15.06000000000015
STARLINK-72943
1 72943U 24047A   25001.00000000  .00000000  00000-0  00000-0 0  9990
2 72943  43.0000 118.1982 0001000 247.9968 141.5611 15.06000000000012
STARLINK-72944
1 72944U 22092A   25001.00000000  .00000000  00000-0  00000-0 0  9999
2 72944  53.0000 214.3201 0001000 280.0241 278.7425 15.06000000000015
STARLINK-72945
1 72945U 24071A   25001.00000000  .00000000  00000-0  00000-0 0  9999
2 72945  53.2000  51.2663 0001000 143.2225  74.1126 15.06000000000016
STARLINK-72946
1 72946U 25028A   25001.00000000  .00000000  00000-0  00000-0 0  9993
2 72946  43.0000 356.2330 0001000 122.7773 296.3344 15.06000000000013
STARLINK-72947
1 72947U 24043A   25001.00000000  .00000000  00000-0  00000-0 0  9990
2 72947  70.0000 139.0917 0001000 183.0856 321.4657 15.06000000000011
STARLINK-72948
1 72948U 19046A   25001.00000000  .00000000  00000-0  00000-0 0  9998
2 72948  53.0000 201.8357 0001000 135.5633  13.7191 15.06000000000018
STARLINK-72949
1 72949U 19071A   25001.00000000  .00000000  00000-0  00000-0 0  9997
2 72949  43.0000 143.1693 0001000 354.9622 348.4248 15.06000000000015
STARLINK-72950
1 72950U 23080A   25001.00000000  .00000000  00000-0  00000-0 0  9994
2 72950  97.6000 124.0952 0001000 356.0206 250.2095 15.06000000000019
STARLINK-72951
1 72951U 24046A   25001.00000000  .00000000  00000-0  00000-0 0  9998
2 72951  53.0000 175.9046 0001000 322.9411 342.6921 15.06000000000019
STARLINK-72952
1 72952U 23018A   25001.00000000  .00000000  00000-0  00000-0 0  9997
2 72952  97.6000 330.6519 0001000 341.3651 267.5015 15.06000000000019
STARLINK-72953
1 72953U 25038A   25001.00000000  .00000000  00000-0  00000-0 0  9992
2 72953  70.0000 122.1253 0001000  37.4359 150.1802 15.06000000000013
STARLINK-72954
1 72954U 25041A   25001.00000000  .00000000  00000-0  00000-0 0  9997
2 72954  43.0000 301.5849 0001000 152.0691  24.0635 15.06000000000014
STARLINK-72955
1 72955U 21085A   25001.00000000  .00000000  00000-0  00000-0 0  9992
2 72955  53.2000  61.9724 0001000 249.3216  35.8830 15.06000000000017
STARLINK-72956
1 72956U 21072A   25001.00000000  .00000000  00000-0  00000-0 0  9999
2 72956  53.2000 238.2995 0001000 296.9842  44.0006 15.06000000000017
STARLINK-72957
1 72957U 19025A   25001.00000000  .00000000  00000-0  00000-0 0  9995
2 72957  43.0000  21.0193 0001000 303.2766   6.2013 15.06000000000018
STARLINK-72958
1 72958U 24046A   25001.00000000  .00000000  00000-0  00000-0 0  9995
2 72958  53.0000 273.7310 0001000  92.0326 346.7065 15.06000000000011
STARLINK-72959
1 72959U 20041A   25001.00000000  .00000000  00000-0  00000-0 0  9997
2 72959  43.0000  62.7056 0001000 188.2156  28.2483 15.06000000000019
STARLINK-72960
1 72960U 25015A   25001.00000000  .00000000  00000-0  00000-0 0  9995
2 72960  53.2000  66.1874 0001000 252.0478 138.8192 15.06000000000012
STARLINK-72961
1 72961U 21095A   25001.00000000  .00000000  00000-0  00000-0 0  9990
2 72961  43.0000 320.0740 0001000 152.0336 105.2837 15.06000000000010
STARLINK-72962
1 72962U 21054A   25001.00000000  .00000000  00000-0  00000-0 0  9996
2 72962  97.6000 280.9744 0001000 304.7821 286.3467 15.06000000000019
STARLINK-72963
1 72963U 23065A   25001.00000000  .00000000  00000-0  00000-0 0  9991
2 72963  53.2000 130.0212 0001000  88.3864  42.7133 15.06000000000019
STARLINK-72964
1 72964U 21014A   25001.00000000  .00000000  00000-0  00000-0 0  9994
2 72964  70.0000  66.3065 0001000 183.1797 200.2026 15.06000000000015
STARLINK-72965
1 72965U 20041A   25001.00000000  .00000000  00000-0  00000-0 0  9994
2 72965  53.2000 274.0246 0001000 195.8770 261.7438 15.06000000000018
STARLINK-72966
1 72966U 23028A   25001.00000000  .00000000  00000-0  00000-0 0  9993
2 72966  43.0000 354.1383 0001000 277.9888 147.7350 15.06000000000016
STARLINK-72967
1 72967U 22057A   25001.00000000  .00000000  00000-0  00000-0 0  9995
2 72967  97.6000 212.2706 0001000 147.7490 229.7241 15.06000000000018
STARLINK-72968
1 72968U 19007A   25001.00000000  .00000000  00000-0  00000-0 0  9997
2 72968  70.0000  46.8103 0001000  73.5364 125.1209 15.06000000000015
STARLINK-72969
1 72969U 23069A   25001.00000000  .00000000  00000-0  00000-0 0  9991
2 72969  70.0000 229.9971 0001000 240.7458 239.8102 15.06000000000010
STARLINK-72970
1 72970U 21008A   25001.00000000  .00000000  00000-0  00000-0 0  9994
2 72970  43.0000 103.4563 0001000  90.5392 314.9012 15.06000000000018
STARLINK-72971
1 72971U 24059A   25001.00000000  .00000000  00000-0  00000-0 0  9994
2 72971  53.2000 191.8549 0001000 351.2561 140.0934 15.06000000000013
STARLINK-72972
1 72972U 22005A   25001.00000000  .00000000  00000-0  00000-0 0  9994
2 72972  53.2000 163.3639 0001000 146.5612  54.6660 15.06000000000016
STARLINK-72973
1 72973U 20082A   25001.00000000  .00000000  00000-0  00000-0 0  9998
2 72973  53.2000 352.8443 0001000  14.1809  93.6316 15.06000000000014
STARLINK-72974
1 72974U 23014A   25001.00000000  .00000000  00000-0  00000-0 0  9997
2 72974  53.2000  43.3823 0001000 335.6672 103.1377 15.06000000000012
STARLINK-72975
1 72975U 24045A   25001.00000000  .00000000  00000-0  00000-0 0  9993
2 72975  70.0000 132.2195 0001000 258.7930  13.8105 15.06000000000018
STARLINK-72976
1 72976U 19089A   25001.00000000  .00000000  00000-0  00000-0 0  9996
2 72976  97.6000 327.6055 0001000 136.7629 331.6994 15.06000000000016
STARLINK-72977
1 72977U 24022A   25001.00000000  .00000000  00000-0  00000-0 0  9990
2 72977  53.0000  80.2361 0001000  32.1193 112.2925 15.06000000000017
STARLINK-72978
1 72978U 23080A   25001.00000000  .00000000  00000-0  00000-0 0  9994
2 72978  53.2000 314.1250 0001000 215.8375  16.3298 15.06000000000015
STARLINK-72979
1 72979U 19064A   25001.00000000  .00000000  00000-0  00000-0 0  9992
2 72979  53.0000 334.3963 0001000 177.3439 228.8014 15.06000000000018
STARLINK-72980
1 72980U 19011A   25001.00000000  .00000000  00000-0  00000-0 0  9996
2 72980  97.6000  37.6099 0001000 118.7388  52.4432 15.06000000000014
STARLINK-72981
1 72981U 23055A   25001.00000000  .00000000  00000-0  00000-0 0  9990
2 72981  70.0000 318.3887 0001000 109.7497 345.2507 15.06000000000011
STARLINK-72982
1 72982U 21032A   25001.00000000  .00000000  00000-0  00000-0 0  9994
2 72982  53.0000 153.3773 0001000 256.2879 282.6717 15.06000000000013
STARLINK-72983
1 72983U 25047A   25001.00000000  .00000000  00000-0  00000-0 0  9995
2 72983  53.2000 131.0612 0001000 170.0903  72.8289 15.06000000000015
STARLINK-72984
1 72984U 21085A   25001.00000000  .00000000  00000-0  00000-0 0  9994
2 72984  53.0000  34.0978 0001000 220.6118 261.9690 15.06000000000018
STARLINK-72985
1 72985U 23006A   25001.00000000  .00000000  00000-0  00000-0 0  9990
2 72985  53.0000 315.9776 0001000  54.7818  34.9716 15.06000000000016
STARLINK-72986
1 72986U 20048A   25001.00000000  .00000000  00000-0  00000-0 0  9994
2 72986  70.0000  79.9346 0001000  57.8958 262.0166 15.06000000000018
STARLINK-72987
1 72987U 25046A   25001.00000000  .00000000  00000-0  00000-0 0  9998
2 72987  97.6000  54.2660 0001000  82.3997  52.6909 15.06000000000013
STARLINK-72988
1 72988U 25069A   25001.00000000  .00000000  00000-0  00000-0 0  9994
2 72988  43.0000 156.4188 0001000 350.7430 316.8089 15.06000000000017
STARLINK-72989
1 72989U 21096A   25001.00000000  .00000000  00000-0  00000-0 0  9991
2 72989  43.0000   2.4447 0001000  73.0798 150.6177 15.06000000000010
STARLINK-72990
1 72990U 24086A   25001.00000000  .00000000  00000-0  00000-0 0  9995
2 72990  53.0000 273.5277 0001000 154.6121 252.6575 15.06000000000016
STARLINK-72991
1 72991U 21027A   25001.00000000  .00000000  00000-0  00000-0 0  9998
2 72991  53.2000  24.5186 0001000  61.6666 261.9226 15.06000000000019
STARLINK-72992
1 72992U 19068A   25001.00000000  .00000000  00000-0  00000-0 0  9991
2 72992  53.0000  99.2872 0001000 100.4644 257.4706 15.06000000000010
STARLINK-72993
1 72993U 25011A   25001.00000000  .00000000  00000-0  00000-0 0  9997
2 72993  53.0000 291.4692 0001000 210.5759  53.3214 15.06000000000014
STARLINK-72994
1 72994U 23074A   25001.00000000  .00000000  00000-0  00000-0 0  9995
2 72994  53.0000 101.6063 0001000 138.1193  64.0099 15.06000000000016
STARLINK-72995
1 72995U 21018A   25001.00000000  .00000000  00000-0  00000-0 0  9992
2 72995  53.0000 217.3763 0001000 121.2040 209.1092 15.06000000000018
STARLINK-72996
1 72996U 20026A   25001.00000000  .00000000  00000-0  00000-0 0  9991
2 72996  53.0000 328.3979 0001000 269.2970 339.8734 15.06000000000010
STARLINK-72997
1 72997U 25072A   25001.00000000  .00000000  00000-0  00000-0 0  9998
2 72997  97.6000 136.3911 0001000  79.9692 295.1034 15.06000000000012
STARLINK-72998
1 72998U 25071A   25001.00000000  .00000000  00000-0  00000-0 0  9998
2 72998  43.0000  40.2527 0001000 139.4027 195.8952 15.06000000000013
STARLINK-72999
1 72999U 21033A   25001.00000000  .00000000  00000-0  00000-0 0  9993
2 72999  97.6000 233.6889 0001000 286.0185  17.0622 15.06000000000011
STARLINK-73000
1 73000U 25071A   25001.00000000  .00000000  00000-0  00000-0 0  9993
2 73000  97.6000  89.3683 0001000 295.2581  83.8865 15.06000000000015
STARLINK-73001
1 73001U 23096A   25001.00000000  .00000000  00000-0  00000-0 0  9999
2 73001  70.0000 119.0412 0001000  76.7471 326.1524 15.06000000000017
STARLINK-73002
1 73002U 24066A   25001.00000000  .00000000  00000-0  00000-0 0  9998
2 73002  53.2000  48.5585 0001000 217.9673 163.0515 15.06000000000019
STARLINK-73003
1 73003U 24035A   25001.00000000  .00000000  00000-0  00000-0 0  9995
2 73003  53.0000  36.8113 0001000 195.1188  67.5651 15.06000000000012
STARLINK-73004
1 73004U 19038A   25001.00000000  .00000000  00000-0  00000-0 0  9993
2 73004  97.6000  13.3458 0001000 218.0106 206.8676 15.06000000000019
STARLINK-73005
1 73005U 20062A   25001.00000000  .00000000  00000-0  00000-0 0  9993
2 73005  70.0000 218.5173 0001000   2.1653 248.0570 15.06000000000018
STARLINK-73006
1 73006U 22058A   25001.00000000  .00000000  00000-0  00000-0 0  9991
2 73006  53.2000  13.8043 0001000 292.6552  70.4111 15.06000000000016
STARLINK-73007
1 73007U 24083A   25001.00000000  .00000000  00000-0  00000-0 0  9992
2 73007  43.0000   6.8075 0001000 230.1428 104.7873 15.06000000000016
STARLINK-73008
1 73008U 19063A   25001.00000000  .00000000  00000-0  00000-0 0  9995
2 73008  53.0000 275.4985 0001000  65.7146 102.3037 15.06000000000017
STARLINK-73009
1 73009U 19011A   25001.00000000  .00000000  00000-0  00000-0 0  9999
2 73009  43.0000 241.6398 0001000   6.2638  49.0231 15.06000000000019
STARLINK-73010
1 73010U 19081A   25001.00000000  .00000000  00000-0  00000-0 0  9998
2 73010  53.0000 293.8003 0001000 302.4441 341.1933 15.06000000000012
STARLINK-73011
1 73011U 20080A   25001.00000000  .00000000  00000-0  00000-0 0  9990
2 73011  53.2000 237.0664 0001000  79.3328 142.0949 15.06000000000017
STARLINK-73012
1 73012U 20003A   25001.00000000  .00000000  00000-0  00000-0 0  9996
2 73012  97.6000 252.8247 0001000 237.0391 126.1039 15.06000000000018
STARLINK-73013
1 73013U 22041A   25001.00000000  .00000000  00000-0  00000-0 0  9991
2 73013  70.0000 196.3278 0001000 165.3297 347.6532 15.06000000000016
STARLINK-73014
1 73014U 19040A   25001.00000000  .00000000  00000-0  00000-0 0  9997
2 73014  53.0000 342.7865 0001000 319.2371 178.5993 15.06000000000012
STARLINK-73015
1 73015U 19048A   25001.00000000  .00000000  00000-0  00000-0 0  9996
2 73015  53.0000   0.5908 0001000 286.2760  72.6282 15.06000000000010
STARLINK-73016
1 73016U 22027A   25001.00000000  .00000000  00000-0  00000-0 0  9998
2 73016  70.0000 341.7026 0001000  73.5099 332.8888 15.06000000000016
STARLINK-73017
1 73017U 23081A   25001.00000000  .00000000  00000-0  00000-0 0  9990
2 73017  97.6000 101.1071 0001000 262.2308 309.0627 15.06000000000017
STARLINK-73018
1 73018U 23020A   25001.00000000  .00000000  00000-0  00000-0 0  9994
2 73018  70.0000 340.7913 0001000  77.1713 180.7442 15.06000000000011
STARLINK-73019
1 73019U 25013A   25001.00000000  .00000000  00000-0  00000-0 0  9999
2 73019  97.6000 115.9982 0001000 351.5895 213.7165 15.06000000000014
STARLINK-73020
1 73020U 25043A   25001.00000000  .00000000  00000-0  00000-0 0  9994
2 73020  53.2000 237.2042 0001000 101.7541  43.6658 15.06000000000019
STARLINK-73021
1 73021U 22022A   25001.00000000  .00000000  00000-0  00000-0 0  9999
2 73021  70.0000 338.0731 0001000 355.0006 222.8355 15.06000000000017
STARLINK-73022
1 73022U 25077A   25001.00000000  .00000000  00000-0  00000-0 0  9993
2 73022  53.2000  26.9870 0001000  97.7230 126.0028 15.06000000000019
STARLINK-73023
1 73023U 19043A   25001.00000000  .00000000  00000-0  00000-0 0  9990
2 73023  70.0000 255.6848 0001000 302.8884 345.9524 15.06000000000011
STARLINK-73024
1 73024U 25030A   25001.00000000  .00000000  00000-0  00000-0 0  9994
2 73024  53.0000 129.7730 0001000 331.9335 307.0503 15.06000000000014
STARLINK-73025
1 73025U 22032A   25001.00000000  .00000000  00000-0  00000-0 0  9994
2 73025  70.0000  50.0838 0001000 313.5075 335.1246 15.06000000000012
STARLINK-73026
1 73026U 20092A   25001.00000000  .00000000  00000-0  00000-0 0  9999
2 73026  97.6000  98.3781 0001000 151.3134 250.0961 15.06000000000013
STARLINK-73027
1 73027U 19038A   25001.00000000  .00000000  00000-0  00000-0 0  9998
2 73027  97.6000 316.3983 0001000 231.4760  41.3354 15.06000000000013
STARLINK-73028
1 73028U 23093A   25001.00000000  .00000000  00000-0  00000-0 0  9995
2 73028  53.2000 171.4256 0001000 301.3826  22.0283 15.06000000000012
STARLINK-73029
1 73029U 25062A   25001.00000000  .00000000  00000-0  00000-0 0  9994
2 73029  70.0000  92.4040 0001000  73.3282 137.2078 15.06000000000016
STARLINK-73030
1 73030U 19054A   25001.00000000  .00000000  00000-0  00000-0 0  9990
2 73030  53.2000 309.2847 0001000  51.7807 260.7185 15.06000000000019
STARLINK-73031
1 73031U 22036A   25001.00000000  .00000000  00000-0  00000-0 0  9995
2 73031  70.0000 230.8821 0001000 276.3545 347.8770 15.06000000000019
STARLINK-73032
1 73032U 21090A   25001.00000000  .00000000  00000-0  00000-0 0  9995
2 73032  53.2000 217.6928 0001000 293.0705 244.5487 15.06000000000016
STARLINK-73033
1 73033U 20089A   25001.00000000  .00000000  00000-0  00000-0 0  9993
2 73033  53.0000 216.5182 0001000  18.2143  62.0522 15.06000000000011
STARLINK-73034
1 73034U 21015A   25001.00000000  .00000000  00000-0  00000-0 0  9994
2 73034  53.2000 240.2375 0001000 350.9008 255.6879 15.06000000000013
STARLINK-73035
1 73035U 22082A   25001.00000000  .00000000  00000-0  00000-0 0  9990
2 73035  53.0000 352.5092 0001000 338.9186 227.1482 15.06000000000012
STARLINK-73036
1 73036U 21010A   25001.00000000  .00000000  00000-0  00000-0 0  9991
2 73036  97.6000 105.1448 0001000  14.8449 100.8514 15.06000000000019
STARLINK-73037
1 73037U 25021A   25001.00000000  .00000000  00000-0  00000-0 0  9998
2 73037  97.6000 346.7528 0001000 175.0856 141.5820 15.06000000000016
STARLINK-73038
1 73038U 24020A   25001.00000000  .00000000  00000-0  00000-0 0  9997
2 73038  97.6000  54.0368 0001000 271.9766 128.0682 15.06000000000010
STARLINK-73039
1 73039U 24092A   25001.00000000  .00000000  00000-0  00000-0 0  9997
2 73039  70.0000 310.1065 0001000 146.2036 295.9734 15.06000000000012
STARLINK-73040
1 73040U 20075A   25001.00000000  .00000000  00000-0  00000-0 0  9996
2 73040  53.2000 249.5951 0001000 296.4534 231.2470 15.06000000000017
STARLINK-73041
1 73041U 23072A   25001.00000000  .00000000  00000-0  00000-0 0  9997
2 73041  97.6000 164.9857 0001000 283.9038 323.7910 15.06000000000011
STARLINK-73042
1 73042U 19093A   25001.00000000  .00000000  00000-0  00000-0 0  9996
2 73042  43.0000  76.5585 0001000 199.3598  48.6935 15.06000000000014
STARLINK-73043
1 73043U 22039A   25001.00000000  .00000000  00000-0  00000-0 0  9991
2 73043  53.0000 344.5611 0001000 338.9373 174.6366 15.06000000000014
STARLINK-73044
1 73044U 19048A   25001.00000000  .00000000  00000-0  00000-0 0  9998
2 73044  97.6000  13.7505 0001000 281.5672 203.6582 15.06000000000014
STARLINK-73045
1 73045U 23019A   25001.00000000  .00000000  00000-0  00000-0 0  9992
2 73045  43.0000 359.1872 0001000  48.5122 284.4621 15.06000000000016
STARLINK-73046
1 73046U 20069A   25001.00000000  .00000000  00000-0  00000-0 0  9995
2 73046  70.0000  23.7142 0001000 109.2172 329.3827 15.06000000000018
STARLINK-73047
1 73047U 24005A   25001.00000000  .00000000  00000-0  00000-0 0  9990
2 73047  53.0000  99.4000 0001000 132.2908  93.3324 15.06000000000016
STARLINK-73048
1 73048U 22064A   25001.00000000  .00000000  00000-0  00000-0 0  9994
2 73048  70.0000 108.0531 0001000  28.8968 264.3610 15.06000000000016
STARLINK-73049
1 73049U 25014A   25001.00000000  .00000000  00000-0  00000-0 0  9993
2 73049  97.6000 243.8174 0001000 283.4246  51.2737 15.06000000000014
STARLINK-73050
1 73050U 24056A   25001.00000000  .00000000  00000-0  00000-0 0  9990
2 73050  53.0000 265.9220 0001000 129.0064  17.5582 15.06000000000015
STARLINK-73051
1 73051U 25011A   25001.00000000  .00000000  00000-0  00000-0 0  9993
2 73051  43.0000  12.0668 0001000  73.4971 111.0843 15.06000000000011
STARLINK-73052
1 73052U 23031A   25001.00000000  .00000000  00000-0  00000-0 0  9994
2 73052  53.0000  10.8844 0001000  59.4177 339.8717 15.06000000000017
STARLINK-73053
1 73053U 21079A   25001.00000000  .00000000  00000-0  00000-0 0  9995
2 73053  53.2000 172.0885 0001000 104.8608  63.5515 15.06000000000017
STARLINK-73054
1 73054U 22055A   25001.00000000  .00000000  00000-0  00000-0 0  9991
2 73054  43.0000 163.4145 0001000 183.9520 173.7669 15.06000000000013
STARLINK-73055
1 73055U 23038A   25001.00000000  .00000000  00000-0  00000-0 0  9994
2 73055  97.6000 285.2880 0001000  50.2121 187.5729 15.06000000000011
STARLINK-73056
1 73056U 20048A   25001.00000000  .00000000  00000-0  00000-0 0  9993
2 73056  53.0000  58.5265 0001000 107.1952 170.3212 15.06000000000017
STARLINK-73057
1 73057U 25073A   25001.00000000  .00000000  00000-0  00000-0 0  9997
2 73057  53.2000  51.4423 0001000 256.4772 236.2763 15.06000000000019
STARLINK-73058
1 73058U 22005A   25001.00000000  .00000000  00000-0  00000-0 0  9990
2 73058  70.0000 340.8172 0001000 333.0097 196.1462 15.06000000000015
STARLINK-73059
1 73059U 21035A   25001.00000000  .00000000  00000-0  00000-0 0  9993
2 73059  53.0000 197.0789 0001000  50.1549 285.1098 15.06000000000016
STARLINK-73060
1 73060U 24045A   25001.00000000  .00000000  00000-0  00000-0 0  9999
2 73060  97.6000 151.6411 0001000  37.0769 253.5381 15.06000000000012
STARLINK-73061
1 73061U 23058A   25001.00000000  .00000000  00000-0  00000-0 0  9993
2 73061  53.2000  67.8463 0001000 334.1211 188.4423 15.06000000000012
STARLINK-73062
1 73062U 21032A   25001.00000000  .00000000  00000-0  00000-0 0  9994
2 73062  53.2000 187.1008 0001000  15.7549 307.2398 15.06000000000012
STARLINK-73063
1 73063U 23001A   25001.00000000  .00000000  00000-0  00000-0 0  9993
2 73063  53.2000 121.6525 0001000 266.1071 155.0746 15.06000000000018
STARLINK-73064
1 73064U 24070A   25001.00000000  .00000000  00000-0  00000-0 0  9991
2 73064  53.0000   6.6768 0001000 109.5200   9.0232 15.06000000000010
STARLINK-73065
1 73065U 22063A   25001.00000000  .00000000  00000-0  00000-0 0  9992
2 73065  43.0000 337.0242 0001000 232.1080 285.3344 15.06000000000010
STARLINK-73066
1 73066U 22079A   25001.00000000  .00000000  00000-0  00000-0 0  9990
2 73066  53.2000 357.1028 0001000 182.6224 354.1719 15.06000000000019
STARLINK-73067
1 73067U 20020A   25001.00000000  .00000000  00000-0  00000-0 0  9995
2 73067  97.6000  28.8007 0001000 252.0356 345.1863 15.06000000000019
STARLINK-73068
1 73068U 20098A   25001.00000000  .00000000  00000-0  00000-0 0  9991
2 73068  53.2000 166.2658 0001000  27.9533 115.7213 15.06000000000013
STARLINK-73069
1 73069U 19030A   25001.00000000  .00000000  00000-0  00000-0 0  9996
2 73069  97.6000  51.8012 0001000 143.7881 153.1499 15.06000000000014
STARLINK-73070
1 73070U 21035A   25001.00000000  .00000000  00000-0  00000-0 0  9996
2 73070  43.0000 312.3067 0001000 225.5002 210.7467 15.06000000000015
STARLINK-73071
1 73071U 24039A   25001.00000000  .00000000  00000-0  00000-0 0  9994
2 73071  97.6000   1.7560 0001000  63.1149 284.8359 15.06000000000018
STARLINK-73072
1 73072U 25076A   25001.00000000  .00000000  00000-0  00000-0 0  9997
2 73072  70.0000 284.4762 0001000 286.3330 255.4867 15.06000000000017
STARLINK-73073
1 73073U 19033A   25001.00000000  .00000000  00000-0  00000-0 0  9994
2 73073  53.2000  63.8870 0001000 275.7044 100.6851 15.06000000000018
STARLINK-73074
1 73074U 25031A   25001.00000000  .00000000  00000-0  00000-0 0  9990
2 73074  70.0000 257.2532 0001000  25.8552  17.8167 15.06000000000017
STARLINK-73075
1 73075U 19063A   25001.00000000  .00000000  00000-0  00000-0 0  9999
2 73075  97.6000  31.9541 0001000 285.3293  72.9102 15.06000000000016
STARLINK-73076
1 73076U 23091A   25001.00000000  .00000000  00000-0  00000-0 0  9996
2 73076  53.2000 157.7322 0001000  92.7397 267.9515 15.06000000000018
STARLINK-73077
1 73077U 23044A   25001.00000000  .00000000  00000-0  00000-0 0  9995
2 73077  53.2000 135.1001 0001000 267.6160 289.3263 15.06000000000012
STARLINK-73078
1 73078U 25062A   25001.00000000  .00000000  00000-0  00000-0 0  9998
2 73078  53.0000 320.4311 0001000 317.6934 186.5567 15.06000000000014
STARLINK-73079
1 73079U 24011A   25001.00000000  .00000000  00000-0  00000-0 0  9992
2 73079  43.0000 115.7175 0001000 234.8962 274.5788 15.06000000000011
STARLINK-73080
1 73080U 19091A   25001.00000000  .00000000  00000-0  00000-0 0  9996
2 73080  53.2000 337.9860 0001000   1.1150 119.5928 15.06000000000013
STARLINK-73081
1 73081U 24072A   25001.00000000  .00000000  00000-0  00000-0 0  9992
2 73081  53.0000 325.0744 0001000 120.9676 162.9180 15.06000000000016
STARLINK-73082
1 73082U 25009A   25001.00000000  .00000000  00000-0  00000-0 0  9994
2 73082  53.0000 251.9986 0001000 179.1441 289.3921 15.06000000000015
STARLINK-73083
1 73083U 25028A   25001.00000000  .00000000  00000-0  00000-0 0  9996
2 73083  70.0000 255.3714 0001000 284.4726  94.4227 15.06000000000012
STARLINK-73084
1 73084U 21046A   25001.00000000  .00000000  00000-0  00000-0 0  9993
2 73084  97.6000 339.5253 0001000 350.1723 135.6148 15.06000000000019
STARLINK-73085
1 73085U 24037A   25001.00000000  .00000000  00000-0  00000-0 0  9997
2 73085  43.0000 130.4552 0001000 261.8109 256.4279 15.06000000000018
STARLINK-73086
1 73086U 23023A   25001.00000000  .00000000  00000-0  00000-0 0  9992
2 73086  97.6000 264.1992 0001000 311.5860 242.6407 15.06000000000014
STARLINK-73087
1 73087U 19003A   25001.00000000  .00000000  00000-0  00000-0 0  9996
2 73087  53.0000 195.1062 0001000 286.7483  98.3912 15.06000000000013
STARLINK-73088
1 73088U 21015A   25001.00000000  .00000000  00000-0  00000-0 0  9993
2 73088  53.0000 248.9394 0001000 137.2285 246.9874 15.06000000000017
STARLINK-73089
1 73089U 22025A   25001.00000000  .00000000  00000-0  00000-0 0  9996
2 73089  97.6000 171.4529 0001000 106.7919 135.8562 15.06000000000017
STARLINK-73090
1 73090U 25100A   25001.00000000  .00000000  00000-0  00000-0 0  9995
2 73090  70.0000 313.5468 0001000 141.5866 303.9609 15.06000000000013
STARLINK-73091
1 73091U 19003A   25001.00000000  .00000000  00000-0  00000-0 0  9991
2 73091  43.0000 263.5339 0001000  50.0538 190.0393 15.06000000000010
STARLINK-73092
1 73092U 19093A   25001.00000000  .00000000  00000-0  00000-0 0  9991
2 73092  53.2000 271.6634 0001000 328.6107   1.1202 15.06000000000019
STARLINK-73093
1 73093U 23067A   25001.00000000  .00000000  00000-0  00000-0 0  9998
2 73093  97.6000   5.4161 0001000  25.0247 306.5184 15.06000000000014
STARLINK-73094
1 73094U 23098A   25001.00000000  .00000000  00000-0  00000-0 0  9993
2 73094  53.0000   8.0637 0001000 184.8374 187.3459 15.06000000000013
STARLINK-73095
1 73095U 24089A   25001.00000000  .00000000  00000-0  00000-0 0  9995
2 73095  43.0000 271.6002 0001000 118.4464 245.7771 15.06000000000016
STARLINK-73096
1 73096U 20062A   25001.00000000  .00000000  00000-0  00000-0 0  9993
2 73096  97.6000 212.0838 0001000  30.8299 317.0591 15.06000000000014
STARLINK-73097
1 73097U 19086A   25001.00000000  .00000000  00000-0  00000-0 0  9998
2 73097  53.0000 218.5455 0001000 284.9835   3.0816 15.06000000000017
STARLINK-73098
1 73098U 25015A   25001.00000000  .00000000  00000-0  00000-0 0  9998
2 73098  97.6000 137.7490 0001000 318.3893 116.9964 15.06000000000017
STARLINK-73099
1 73099U 19090A   25001.00000000  .00000000  00000-0  00000-0 0  9995
2 73099  53.0000 207.0745 0001000 357.9455  34.4722 15.06000000000017
STARLINK-73100
1 73100U 24035A   25001.00000000  .00000000  00000-0  00000-0 0  9993
2 73100  70.0000  46.9046 0001000 129.5280  11.7005 15.06000000000014
STARLINK-73101
1 73101U 20032A   25001.00000000  .00000000  00000-0  00000-0 0  9997
2 73101  43.0000 158.8139 0001000  10.2675 302.2289 15.06000000000017
STARLINK-73102
1 73102U 22079A   25001.00000000  .00000000  00000-0  00000-0 0  9991
2 73102  43.0000 328.6561 0001000 233.3158 171.3278 15.06000000000011
STARLINK-73103
1 73103U 21091A   25001.00000000  .00000000  00000-0  00000-0 0  9995
2 73103  70.0000  64.4151 0001000 151.7290 156.6188 15.06000000000018
STARLINK-73104
1 73104U 20045A   25001.00000000  .00000000  00000-0  00000-0 0  9994
2 73104  97.6000 235.1887 0001000 252.3711 108.6054 15.06000000000012
STARLINK-73105
1 73105U 19048A   25001.00000000  .00000000  00000-0  00000-0 0  9996
2 73105  70.0000 193.0241 0001000  83.3674 213.1305 15.06000000000015
STARLINK-73106
1 73106U 19068A   25001.00000000  .00000000  00000-0  00000-0 0  9999
2 73106  53.2000   9.9610 0001000  11.3778 329.2515 15.06000000000012
STARLINK-73107
1 73107U 20061A   25001.00000000  .00000000  00000-0  00000-0 0  9995
2 73107  53.0000 327.6609 0001000 264.0483 214.2681 15.06000000000016
STARLINK-73108
1 73108U 21084A   25001.00000000  .00000000  00000-0  00000-0 0  9992
2 73108  53.0000 145.2710 0001000 189.2624 102.0490 15.06000000000011
STARLINK-73109
1 73109U 23015A   25001.00000000  .00000000  00000-0  00000-0 0  9999
2 73109  70.0000 320.9333 0001000 284.8594 170.6980 15.06000000000017
STARLINK-73110
1 73110U 25008A   25001.00000000  .00000000  00000-0  00000-0 0  9995
2 73110  97.6000 274.1235 0001000  87.7125 265.9984 15.06000000000017
STARLINK-73111
1 73111U 22075A   25001.00000000  .00000000  00000-0  00000-0 0  9997
2 73111  70.0000 325.9262 0001000  67.2591 256.1403 15.06000000000016
STARLINK-73112
1 73112U 23081A   25001.00000000  .00000000  00000-0  00000-0 0  9996
2 73112  70.0000  77.1958 0001000 222.6131  40.4696 15.06000000000010
STARLINK-73113
1 73113U 20073A   25001.00000000  .00000000  00000-0  00000-0 0  9995
2 73113  53.2000 292.9858 0001000 354.7464 155.8597 15.06000000000017
STARLINK-73114
1 73114U 19082A   25001.00000000  .00000000  00000-0  00000-0 0  9994
2 73114  70.0000 121.4618 0001000 230.6592 329.3955 15.06000000000015
STARLINK-73115
1 73115U 19008A   25001.00000000  .00000000  00000-0  00000-0 0  9993
2 73115  53.0000 260.0983 0001000 145.2017  95.6331 15.06000000000016
STARLINK-73116
1 73116U 24046A   25001.00000000  .00000000  00000-0  00000-0 0  9992
2 73116  70.0000 257.7988 0001000 235.2150  99.2238 15.06000000000018
STARLINK-73117
1 73117U 25096A   25001.00000000  .00000000  00000-0  00000-0 0  9999
2 73117  97.6000 209.6814 0001000  25.9716 320.0418 15.06000000000015
STARLINK-73118
1 73118U 20065A   25001.00000000  .00000000  00000-0  00000-0 0  9991
2 73118  53.0000  92.7736 0001000  52.6699 108.9198 15.06000000000011
STARLINK-73119
1 73119U 25046A   25001.00000000  .00000000  00000-0  00000-0 0  9996
2 73119  53.2000  53.8053 0001000 351.3554 199.1508 15.06000000000010
STARLINK-73120
1 73120U 24090A   25001.00000000  .00000000  00000-0  00000-0 0  9996
2 73120  53.2000 137.0747 0001000  30.5045 329.7265 15.06000000000019
STARLINK-73121
1 73121U 21024A   25001.00000000  .00000000  00000-0  00000-0 0  9991
2 73121  43.0000 328.8845 0001000 326.6386 209.2384 15.06000000000017
STARLINK-73122
1 73122U 23012A   25001.00000000  .00000000  00000-0  00000-0 0  9991
2 73122  70.0000 162.2818 0001000 230.3772 328.9147 15.06000000000014
STARLINK-73123
1 73123U 22009A   25001.00000000  .00000000  00000-0  00000-0 0  9997
2 73123  70.0000 297.8625 0001000   6.6059  42.9619 15.06000000000015
STARLINK-73124
1 73124U 24002A   25001.00000000  .00000000  00000-0  00000-0 0  9993
2 73124  43.0000 250.5707 0001000  60.6318 146.9255 15.06000000000012
STARLINK-73125
1 73125U 24049A   25001.00000000  .00000000  00000-0  00000-0 0  9995
2 73125  43.0000 224.6209 0001000  88.3297  76.6325 15.06000000000012
STARLINK-73126
1 73126U 21030A   25001.00000000  .00000000  00000-0  00000-0 0  9993
2 73126  53.0000 316.7744 0001000  80.9311 198.0121 15.06000000000019
STARLINK-73127
1 73127U 19067A   25001.00000000  .00000000  00000-0  00000-0 0  9991
2 73127  53.0000  59.9383 0001000  48.2917 294.6487 15.06000000000012
STARLINK-73128
1 73128U 21099A   25001.00000000  .00000000  00000-0  00000-0 0  9990
2 73128  53.2000  46.7154 0001000 103.4769 115.8540 15.06000000000018
STARLINK-73129
1 73129U 19096A   25001.00000000  .00000000  00000-0  00000-0 0  9995
2 73129  53.0000   1.2279 0001000  11.3067 147.7829 15.06000000000013
STARLINK-73130
1 73130U 25094A   25001.00000000  .00000000  00000-0  00000-0 0  9992
2 73130  53.2000  17.9259 0001000 304.9375 108.6669 15.06000000000010
STARLINK-73131
1 73131U 25097A   25001.00000000  .00000000  00000-0  00000-0 0  9996
2 73131  53.0000 229.0557 0001000 359.6800 293.0902 15.06000000000015
STARLINK-73132
1 73132U 20030A   25001.00000000  .00000000  00000-0  00000-0 0  9999
2 73132  53.0000 174.3057 0001000 356.6952 258.6300 15.06000000000017
STARLINK-73133
1 73133U 20071A   25001.00000000  .00000000  00000-0  00000-0 0  9995
2 73133  53.2000 257.4863 0001000  19.7399  35.1733 15.06000000000018
STARLINK-73134
1 73134U 24018A   25001.00000000  .00000000  00000-0  00000-0 0  9991
2 73134  53.2000 196.4343 0001000 215.2896 205.3641 15.06000000000018
STARLINK-73135
1 73135U 21051A   25001.00000000  .00000000  00000-0  00000-0 0  9996
2 73135  70.0000 352.7183 0001000 132.3442 262.6127 15.06000000000016
STARLINK-73136
1 73136U 24092A   25001.00000000  .00000000  00000-0  00000-0 0  9995
2 73136  43.0000  90.8712 0001000 243.6376  10.7385 15.06000000000015
STARLINK-73137
1 73137U 20035A   25001.00000000  .00000000  00000-0  00000-0 0  9999
2 73137  53.0000  21.3932 0001000 310.4285 285.4035 15.06000000000015
STARLINK-73138
1 73138U 21030A   25001.00000000  .00000000  00000-0  00000-0 0  9996
2 73138  53.0000  22.4936 0001000 332.3010 228.1506 15.06000000000018
STARLINK-73139
1 73139U 21096A   25001.00000000  .00000000  00000-0  00000-0 0  9999
2 73139  70.0000  84.5318 0001000 210.2161  90.1812 15.06000000000019
STARLINK-73140
1 73140U 22060A   25001.00000000  .00000000  00000-0  00000-0 0  9993
2 73140  97.6000  99.5429 0001000 249.9675 205.1522 15.06000000000010
STARLINK-73141
1 73141U 22027A   25001.00000000  .00000000  00000-0  00000-0 0  9997
2 73141  97.6000 172.7880 0001000 196.3562 240.7133 15.06000000000019
STARLINK-73142
1 73142U 19100A   25001.00000000  .00000000  00000-0  00000-0 0  9996
2 73142  53.0000 141.8409 0001000 231.8983  83.8560 15.06000000000012
STARLINK-73143
1 73143U 21002A   25001.00000000  .00000000  00000-0  00000-0 0  9991
2 73143  43.0000 134.7490 0001000 317.8986 161.6637 15.06000000000011
STARLINK-73144
1 73144U 25017A   25001.00000000  .00000000  00000-0  00000-0 0  9992
2 73144  97.6000 181.0177 0001000 157.8829  63.9080 15.06000000000018
STARLINK-73145
1 73145U 25087A   25001.00000000  .00000000  00000-0  00000-0 0  9990
2 73145  43.0000 301.2220 0001000 152.1360 236.3301 15.06000000000019
STARLINK-73146
1 73146U 20082A   25001.00000000  .00000000  00000-0  00000-0 0  9991
2 73146  53.2000  67.3114 0001000 298.2263  80.6256 15.06000000000018
STARLINK-73147
1 73147U 19084A   25001.00000000  .00000000  00000-0  00000-0 0  9992
2 73147  53.2000  93.1781 0001000 304.4001 121.5973 15.06000000000017
STARLINK-73148
1 73148U 20055A   25001.00000000  .00000000  00000-0  00000-0 0  9993
2 73148  43.0000 171.8300 0001000  35.4131 237.7511 15.06000000000019
STARLINK-73149
1 73149U 25063A   25001.00000000  .00000000  00000-0  00000-0 0  9998
2 73149  53.0000 146.0228 0001000 220.9357 108.2027 15.06000000000019
STARLINK-73150
1 73150U 24098A   25001.00000000  .00000000  00000-0  00000-0 0  9997
2 73150  53.0000 288.5105 0001000 107.5275 260.7009 15.06000000000010
STARLINK-73151
1 73151U 19011A   25001.00000000  .00000000  00000-0  00000-0 0  9997
2 73151  97.6000  72.7863 0001000 114.4654  54.3373 15.06000000000018
STARLINK-73152
1 73152U 24099A   25001.00000000  .00000000  00000-0  00000-0 0  9990
2 73152  97.6000  38.7894 0001000 263.3125 232.1783 15.06000000000013
STARLINK-73153
1 73153U 25030A   25001.00000000  .00000000  00000-0  00000-0 0  9997
2 73153  70.0000 188.7713 0001000 244.2817 100.2223 15.06000000000015
STARLINK-73154
1 73154U 24072A   25001.00000000  .00000000  00000-0  00000-0 0  9993
2 73154  70.0000 168.3529 0001000 157.7378 101.2460 15.06000000000019
STARLINK-73155
1 73155U 22015A   25001.00000000  .00000000  00000-0  00000-0 0  9999
2 73155  53.2000 246.3326 0001000 229.9168 239.0716 15.06000000000018
STARLINK-73156
1 73156U 22089A   25001.00000000  .00000000  00000-0  00000-0 0  9991
2 73156  70.0000 155.2852 0001000  37.5874 104.5397 15.06000000000016
STARLINK-73157
1 73157U 25029A   25001.00000000  .00000000  00000-0  00000-0 0  9999
2 73157  53.2000 168.3931 0001000 243.9075 245.2762 15.06000000000018
STARLINK-73158
1 73158U 22093A   25001.00000000  .00000000  00000-0  00000-0 0  9998
2 73158  53.2000  33.8362 0001000 274.0175 274.4337 15.06000000000011
STARLINK-73159
1 73159U 23063A   25001.00000000  .00000000  00000-0  00000-0 0  9997
2 73159  53.0000  72.5428 0001000 199.6161 328.8253 15.06000000000011
STARLINK-73160
1 73160U 24070A   25001.00000000  .00000000  00000-0  00000-0 0  9998
2 73160  53.0000 306.8101 0001000 117.0701 264.9315 15.06000000000017
STARLINK-73161
1 73161U 21072A   25001.00000000  .00000000  00000-0  00000-0 0  9998
2 73161  53.2000 302.7501 0001000  77.2628 187.7038 15.06000000000018
STARLINK-73162
1 73162U 20028A   25001.00000000  .00000000  00000-0  00000-0 0  9999
2 73162  70.0000 162.7746 0001000 147.7279 155.1893 15.06000000000014
STARLINK-73163
1 73163U 25058A   25001.00000000  .00000000  00000-0  00000-0 0  9998
2 73163  53.0000 209.8554 0001000  72.3748  16.6684 15.06000000000019
STARLINK-73164
1 73164U 20057A   25001.00000000  .00000000  00000-0  00000-0 0  9993
2 73164  53.0000 153.6537 0001000 252.1672  62.7247 15.06000000000018
STARLINK-73165
1 73165U 25064A   25001.00000000  .00000000  00000-0  00000-0 0  9997
2 73165  97.6000  70.1615 0001000 189.5524 112.3499 15.06000000000013
STARLINK-73166
1 73166U 19083A   25001.00000000  .00000000  00000-0  00000-0 0  9992
2 73166  97.6000 208.5221 0001000 318.5675  41.6666 15.06000000000015
STARLINK-73167
1 73167U 25044A   25001.00000000  .00000000  00000-0  00000-0 0  9997
2 73167  43.0000 195.1068 0001000 355.9653 349.1792 15.06000000000018
STARLINK-73168
1 73168U 22098A   25001.00000000  .00000000  00000-0  00000-0 0  9994
2 73168  97.6000  81.2969 0001000  87.2009 116.4107 15.06000000000014
STARLINK-73169
1 73169U 22007A   25001.00000000  .00000000  00000-0  00000-0 0  9995
2 73169  70.0000  92.7652 0001000  24.9385 215.4836 15.06000000000010
STARLINK-73170
1 73170U 25016A   25001.00000000  .00000000  00000-0  00000-0 0  9990
2 73170  53.0000  44.8644 0001000 266.2233 273.2271 15.06000000000010
STARLINK-73171
1 73171U 20058A   25001.00000000  .00000000  00000-0  00000-0 0  9992
2 73171  97.6000 330.3818 0001000 139.7488 328.0963 15.06000000000014
STARLINK-73172
1 73172U 20062A   25001.00000000  .00000000  00000-0  00000-0 0  9998
2 73172  97.6000 359.0247 0001000 124.8043 100.4314 15.06000000000013
STARLINK-73173
1 73173U 24037A   25001.00000000  .00000000  00000-0  00000-0 0  9995
2 73173  53.2000 209.1029 0001000 275.1747 170.2235 15.06000000000013
STARLINK-73174
1 73174U 22068A   25001.00000000  .00000000  00000-0  00000-0 0  9998
2 73174  70.0000 301.2955 0001000 334.6183 166.4990 15.06000000000013
STARLINK-73175
1 73175U 19082A   25001.00000000  .00000000  00000-0  00000-0 0  9991
2 73175  53.0000 357.5588 0001000 196.9085 166.2795 15.06000000000012
STARLINK-73176
1 73176U 21066A   25001.00000000  .00000000  00000-0  00000-0 0  9997
2 73176  97.6000 275.8547 0001000 331.8350 286.9695 15.06000000000018
STARLINK-73177
1 73177U 20070A   25001.00000000  .00000000  00000-0  00000-0 0  9992
2 73177  70.0000 266.0307 0001000  25.7625 173.3595 15.06000000000012
STARLINK-73178
1 73178U 23088A   25001.00000000  .00000000  00000-0  00000-0 0  9995
2 73178  53.0000 190.7445 0001000 107.6494  76.5737 15.06000000000016
STARLINK-73179
1 73179U 22069A   25001.00000000  .00000000  00000-0  00000-0 0  9994
2 73179  43.0000 184.8125 0001000 288.6809 192.2743 15.06000000000018
STARLINK-73180
1 73180U 24088A   25001.00000000  .00000000  00000-0  00000-0 0  9999
2 73180  53.0000  26.7758 0001000  46.3374 181.3039 15.06000000000010
STARLINK-73181
1 73181U 22080A   25001.00000000  .00000000  00000-0  00000-0 0  9990
2 73181  97.6000 204.4118 0001000  39.3573 146.4384 15.06000000000018
STARLINK-73182
1 73182U 25099A   25001.00000000  .00000000  00000-0  00000-0 0  9994
2 73182  97.6000 133.6528 0001000 259.7014 116.5625 15.06000000000011
STARLINK-73183
1 73183U 22088A   25001.00000000  .00000000  00000-0  00000-0 0  9990
2 73183  43.0000 132.7137 0001000  70.0264 135.3667 15.06000000000019
STARLINK-73184
1 73184U 25035A   25001.00000000  .00000000  00000-0  00000-0 0  9996
2 73184  53.0000 163.0809 0001000 262.8048 288.3832 15.06000000000018
STARLINK-73185
1 73185U 24034A   25001.00000000  .00000000  00000-0  00000-0 0  9995
2 73185  70.0000  19.3785 0001000 143.0955 170.3762 15.06000000000013
STARLINK-73186
1 73186U 21029A   25001.00000000  .00000000  00000-0  00000-0 0  9997
2 73186  97.6000 107.8333 0001000 349.5491 259.2525 15.06000000000013
STARLINK-73187
1 73187U 20086A   25001.00000000  .00000000  00000-0  00000-0 0  9990
2 73187  53.0000 247.9380 0001000 108.9451 208.2984 15.06000000000014
STARLINK-73188
1 73188U 25033A   25001.00000000  .00000000  00000-0  00000-0 0  9998
2 73188  53.0000 109.1526 0001000 358.4329 300.9615 15.06000000000013
STARLINK-73189
1 73189U 25040A   25001.00000000  .00000000  00000-0  00000-0 0  9997
2 73189  97.6000 312.5066 0001000 347.7812  11.4925 15.06000000000013
STARLINK-73190
1 73190U 21037A   25001.00000000  .00000000  00000-0  00000-0 0  9991
2 73190  43.0000   7.2087 0001000 172.3564 130.2510 15.06000000000017
STARLINK-73191
1 73191U 24062A   25001.00000000  .00000000  00000-0  00000-0 0  9993
2 73191  43.0000 229.4379 0001000 234.7993 200.2188 15.06000000000018
STARLINK-73192
1 73192U 25097A   25001.00000000  .00000000  00000-0  00000-0 0  9993
2 73192  70.0000 108.2614 0001000 245.5804 149.5403 15.06000000000011
STARLINK-73193
1 73193U 22086A   25001.00000000  .00000000  00000-0  00000-0 0  9999
2 73193  53.0000 122.2236 0001000 322.8736 163.6358 15.06000000000018
STARLINK-73194
1 73194U 20073A   25001.00000000  .00000000  00000-0  00000-0 0  9994
2 73194  97.6000 298.4954 0001000 246.5050 151.3842 15.06000000000019
STARLINK-73195
1 73195U 20020A   25001.00000000  .00000000  00000-0  00000-0 0  9997
2 73195  97.6000 171.3171 0001000 196.5901 192.0738 15.06000000000015
STARLINK-73196
1 73196U 21088A   25001.00000000  .00000000  00000-0  00000-0 0  9993
2 73196  53.2000 290.4596 0001000 213.7721  70.6092 15.06000000000014
STARLINK-73197
1 73197U 23029A   25001.00000000  .00000000  00000-0  00000-0 0  9991
2 73197  97.6000   3.7781 0001000 192.7680 323.2507 15.06000000000016
STARLINK-73198
1 73198U 21005A   25001.00000000  .00000000  00000-0  00000-0 0  9994
2 73198  43.0000 288.8891 0001000 102.8665 267.3881 15.06000000000018
STARLINK-73199
1 73199U 25057A   25001.00000000  .00000000  00000-0  00000-0 0  9996
2 73199  53.0000 234.4181 0001000  71.2395 123.6478 15.06000000000014
STARLINK-73200
1 73200U 21012A   25001.00000000  .00000000  00000-0  00000-0 0  9996
2 73200  97.6000 180.3595 0001000 298.4863   7.1119 15.06000000000010
STARLINK-73201
1 73201U 25069A   25001.00000000  .00000000  00000-0  00000-0 0  9993
2 73201  43.0000 262.1369 0001000 173.3304 125.8265 15.06000000000015
STARLINK-73202
1 73202U 22038A   25001.00000000  .00000000  00000-0  00000-0 0  9997
2 73202  43.0000 220.6958 0001000  17.2066 103.5818 15.06000000000017
STARLINK-73203
1 73203U 23087A   25001.00000000  .00000000  00000-0  00000-0 0  9993
2 73203  43.0000  45.7868 0001000 238.2902 225.3729 15.06000000000012
STARLINK-73204
1 73204U 25079A   25001.00000000  .00000000  00000-0  00000-0 0  9997
2 73204  70.0000 104.2444 0001000 119.1251 261.8990 15.06000000000013
STARLINK-73205
1 73205U 22027A   25001.00000000  .00000000  00000-0  00000-0 0  9998
2 73205  70.0000 325.6737 0001000 310.7626  17.0767 15.06000000000016
STARLINK-73206
1 73206U 21065A   25001.00000000  .00000000  00000-0  00000-0 0  9990
2 73206  70.0000 327.9287 0001000  90.0376 186.0054 15.06000000000018
STARLINK-73207
1 73207U 22050A   25001.00000000  .00000000  00000-0  00000-0 0  9996
2 73207  53.2000  69.5764 0001000  40.0937 254.0862 15.06000000000012
STARLINK-73208
1 73208U 20005A   25001.00000000  .00000000  00000-0  00000-0 0  9995
2 73208  53.0000 326.3753 0001000 330.3459 302.0341 15.06000000000013
STARLINK-73209
1 73209U 19092A   25001.00000000  .00000000  00000-0  00000-0 0  9990
2 73209  43.0000 354.4055 0001000 131.5523 321.2008 15.06000000000016
STARLINK-73210
1 73210U 23064A   25001.00000000  .00000000  00000-0  00000-0 0  9996
2 73210  53.2000 309.5516 0001000 278.7445 278.5993 15.06000000000018
STARLINK-73211
1 73211U 20002A   25001.00000000  .00000000  00000-0  00000-0 0  9996
2 73211  43.0000  16.3107 0001000 282.9139 215.0137 15.06000000000018
STARLINK-73212
1 73212U 20043A   25001.00000000  .00000000  00000-0  00000-0 0  9992
2 73212  53.2000 171.2319 0001000 263.8648 213.5025 15.06000000000010
STARLINK-73213
1 73213U 20056A   25001.00000000  .00000000  00000-0  00000-0 0  9997
2 73213  53.0000 314.9198 0001000  15.6756  68.1933 15.06000000000015
STARLINK-73214
1 73214U 20077A   25001.00000000  .00000000  00000-0  00000-0 0  9991
2 73214  70.0000 100.3181 0001000 325.4647 189.7505 15.06000000000010
STARLINK-73215
1 73215U 23003A   25001.00000000  .00000000  00000-0  00000-0 0  9994
2 73215  53.0000 333.4546 0001000 270.9244  67.9073 15.06000000000010
STARLINK-73216
1 73216U 24054A   25001.00000000  .00000000  00000-0  00000-0 0  9992
2 73216  97.6000 327.0298 0001000 175.9340 179.6311 15.06000000000015
STARLINK-73217
1 73217U 21034A   25001.00000000  .00000000  00000-0  00000-0 0  9998
2 73217  43.0000  82.0842 0001000 191.5121 124.8715 15.06000000000015
STARLINK-73218
1 73218U 19061A   25001.00000000  .00000000  00000-0  00000-0 0  9996
2 73218  53.2000 251.2334 0001000 252.0303 185.3050 15.06000000000014
STARLINK-73219
1 73219U 20001A   25001.00000000  .00000000  00000-0  00000-0 0  9993
2 73219  70.0000 188.8613 0001000 142.4047 236.5308 15.06000000000019
STARLINK-73220
1 73220U 24004A   25001.00000000  .00000000  00000-0  00000-0 0  9992
2 73220  53.0000 326.8577 0001000 330.1965 270.5149 15.06000000000011
STARLINK-73221
1 73221U 19069A   25001.00000000  .00000000  00000-0  00000-0 0  9998
2 73221  43.0000 250.6746 0001000 131.6754 227.4169 15.06000000000016
STARLINK-73222
1 73222U 20059A   25001.00000000  .00000000  00000-0  00000-0 0  9990
2 73222  53.2000 109.5632 0001000   4.7305 137.9326 15.06000000000018
STARLINK-73223
1 73223U 22004A   25001.00000000  .00000000  00000-0  00000-0 0  9993
2 73223  97.6000 104.4798 0001000  49.9461 307.4794 15.06000000000015
STARLINK-73224
1 73224U 21014A   25001.00000000  .00000000  00000-0  00000-0 0  9994
2 73224  43.0000 305.0780 0001000  47.1704  90.2280 15.06000000000018
STARLINK-73225
1 73225U 25052A   25001.00000000  .00000000  00000-0  00000-0 0  9991
2 73225  53.0000 193.7155 0001000 180.3884  27.5017 15.06000000000018
STARLINK-73226
1 73226U 21058A   25001.00000000  .00000000  00000-0  00000-0 0  9994
2 73226  53.2000  38.1976 0001000   4.4078  83.2059 15.06000000000010
STARLINK-73227
1 73227U 21002A   25001.00000000  .00000000  00000-0  00000-0 0  9994
2 73227  53.2000 253.0667 0001000 200.1756 272.4116 15.06000000000010
STARLINK-73228
1 73228U 25058A   25001.00000000  .00000000  00000-0  00000-0 0  9990
2 73228  53.2000  48.6045 0001000 251.8164  83.0938 15.06000000000013
STARLINK-73229
1 73229U 22012A   25001.00000000  .00000000  00000-0  00000-0 0  9998
2 73229  97.6000 292.8293 0001000 335.6338 285.7935 15.06000000000016
STARLINK-73230
1 73230U 20095A   25001.00000000  .00000000  00000-0  00000-0 0  9999
2 73230  53.0000 194.8120 0001000 249.5164 204.3209 15.06000000000015
STARLINK-73231
1 73231U 23093A   25001.00000000  .00000000  00000-0  00000-0 0  9991
2 73231  70.0000  55.5313 0001000 305.8580 219.7083 15.06000000000010
STARLINK-73232
1 73232U 21050A   25001.00000000  .00000000  00000-0  00000-0 0  9993
2 73232  70.0000 102.2912 0001000 281.2177 141.7007 15.06000000000015
STARLINK-73233
1 73233U 22018A   25001.00000000  .00000000  00000-0  00000-0 0  9999
2 73233  43.0000  21.0553 0001000 263.1652 306.4333 15.06000000000014
STARLINK-73234
1 73234U 22036A   25001.00000000  .00000000  00000-0  00000-0 0  9990
2 73234  43.0000  14.0561 0001000 259.4074 198.1283 15.06000000000012
STARLINK-73235
1 73235U 22087A   25001.00000000  .00000000  00000-0  00000-0 0  9997
2 73235  97.6000 133.0659 0001000  48.7562  22.6527 15.06000000000011
STARLINK-73236
1 73236U 20012A   25001.00000000  .00000000  00000-0  00000-0 0  9994
2 73236  97.6000 154.9356 0001000 189.5225 257.2358 15.06000000000016
STARLINK-73237
1 73237U 21049A   25001.00000000  .00000000  00000-0  00000-0 0  9996
2 73237  70.0000  44.1306 0001000 138.3036 338.2613 15.06000000000013
STARLINK-73238
1 73238U 19082A   25001.00000000  .00000000  00000-0  00000-0 0  9991
2 73238  53.0000 204.1210 0001000 156.7432  94.0522 15.06000000000017
STARLINK-73239
1 73239U 23015A   25001.00000000  .00000000  00000-0  00000-0 0  9993
2 73239  53.0000 353.2145 0001000 305.5426  39.2485 15.06000000000017
STARLINK-73240
1 73240U 25069A   25001.00000000  .00000000  00000-0  00000-0 0  9996
2 73240  53.0000 150.7522 0001000 274.8919  25.8436 15.06000000000010
STARLINK-73241
1 73241U 24009A   25001.00000000  .00000000  00000-0  00000-0 0  9990
2 73241  53.0000 246.5946 0001000  37.1656 300.8973 15.06000000000015
STARLINK-73242
1 73242U 23051A   25001.00000000  .00000000  00000-0  00000-0 0  9997
2 73242  43.0000  87.7023 0001000  99.6953 246.2347 15.06000000000017
STARLINK-73243
1 73243U 19067A   25001.00000000  .00000000  00000-0  00000-0 0  9990
2 73243  43.0000  35.2156 0001000 122.2373  48.3015 15.06000000000015
STARLINK-73244
1 73244U 24024A   25001.00000000  .00000000  00000-0  00000-0 0  9990
2 73244  53.0000 347.5791 0001000 285.6134 137.9000 15.06000000000019
STARLINK-73245
1 73245U 23021A   25001.00000000  .00000000  00000-0  00000-0 0  9997
2 73245  53.2000 167.3183 0001000 222.0735  21.0120 15.06000000000013
STARLINK-73246
1 73246U 25058A   25001.00000000  .00000000  00000-0  00000-0 0  9990
2 73246  70.0000  43.7332 0001000 351.3417  95.8822 15.06000000000015
STARLINK-73247
1 73247U 24067A   25001.00000000  .00000000  00000-0  00000-0 0  9990
2 73247  97.6000 297.3814 0001000 216.7314  28.5658 15.06000000000013
STARLINK-73248
1 73248U 23096A   25001.00000000  .00000000  00000-0  00000-0 0  9992
2 73248  53.2000 146.2869 0001000  55.8613 306.4158 15.06000000000011
STARLINK-73249
1 73249U 19082A   25001.00000000  .00000000  00000-0  00000-0 0  9993
2 73249  53.0000 302.0113 0001000 225.6744 214.7014 15.06000000000018
STARLINK-73250
1 73250U 19011A   25001.00000000  .00000000  00000-0  00000-0 0  9997
2 73250  43.0000 330.6787 0001000 295.4694 137.8352 15.06000000000012
STARLINK-73251
1 73251U 19005A   25001.00000000  .00000000  00000-0  00000-0 0  9991
2 73251  97.6000 223.3630 0001000 234.0883 277.8647 15.06000000000014
STARLINK-73252
1 73252U 24097A   25001.00000000  .00000000  00000-0  00000-0 0  9999
2 73252  43.0000 228.4771 0001000 258.8701 199.5613 15.06000000000018
STARLINK-73253
1 73253U 25001A   25001.00000000  .00000000  00000-0  00000-0 0  9996
2 73253  43.0000 245.8660 0001000 356.1865  26.0339 15.06000000000011
STARLINK-73254
1 73254U 21091A   25001.00000000  .00000000  00000-0  00000-0 0  9992
2 73254  43.0000 182.6771 0001000  82.7595 276.9172 15.06000000000016
STARLINK-73255
1 73255U 19066A   25001.00000000  .00000000  00000-0  00000-0 0  9992
2 73255  53.2000 186.5256 0001000 235.8861 314.2295 15.06000000000010
STARLINK-73256
1 73256U 20020A   25001.00000000  .00000000  00000-0  00000-0 0  9995
2 73256  43.0000 316.2061 0001000  63.6544  24.4771 15.06000000000018
STARLINK-73257
1 73257U 22012A   25001.00000000  .00000000  00000-0  00000-0 0  9999
2 73257  43.0000 200.6876 0001000 292.8782 249.1005 15.06000000000015
STARLINK-73258
1 73258U 23093A   25001.00000000  .00000000  00000-0  00000-0 0  9990
2 73258  70.0000 225.1511 0001000 308.8075 101.9606 15.06000000000019
STARLINK-73259
1 73259U 25064A   25001.00000000  .00000000  00000-0  00000-0 0  9991
2 73259  70.0000  36.1798 0001000 101.8327 143.6742 15.06000000000012
STARLINK-73260
1 73260U 22047A   25001.00000000  .00000000  00000-0  00000-0 0  9991
2 73260  97.6000 233.6945 0001000 349.0308 224.1695 15.06000000000014
STARLINK-73261
1 73261U 23091A   25001.00000000  .00000000  00000-0  00000-0 0  9992
2 73261  43.0000  39.4179 0001000 298.7667 210.0365 15.06000000000017
STARLINK-73262
1 73262U 20076A   25001.00000000  .00000000  00000-0  00000-0 0  9993
2 73262  70.0000 168.1799 0001000 107.3395  71.0921 15.06000000000012
STARLINK-73263
1 73263U 20067A   25001.00000000  .00000000  00000-0  00000-0 0  9994
2 73263  53.0000 166.6300 0001000 141.3001   8.7707 15.06000000000016
STARLINK-73264
1 73264U 24013A   25001.00000000  .00000000  00000-0  00000-0 0  9990
2 73264  97.6000 342.1164 0001000 147.8841  88.3881 15.06000000000010
STARLINK-73265
1 73265U 22018A   25001.00000000  .00000000  00000-0  00000-0 0  9994
2 73265  97.6000 248.4747 0001000 209.3337 160.8053 15.06000000000017
STARLINK-73266
1 73266U 19088A   25001.00000000  .00000000  00000-0  00000-0 0  9998
2 73266  53.0000  54.9629 0001000 131.9536 114.0776 15.06000000000017
STARLINK-73267
1 73267U 24070A   25001.00000000  .00000000  00000-0  00000-0 0  9996
2 73267  70.0000  30.2158 0001000 317.1920  82.9932 15.06000000000013
STARLINK-73268
1 73268U 20031A   25001.00000000  .00000000  00000-0  00000-0 0  9990
2 73268  53.2000 134.7837 0001000 288.7227 296.4956 15.06000000000012
STARLINK-73269
1 73269U 21043A   25001.00000000  .00000000  00000-0  00000-0 0  9995
2 73269  43.0000 162.3199 0001000 148.1355  16.4780 15.06000000000014
STARLINK-73270
1 73270U 23037A   25001.00000000  .00000000  00000-0  00000-0 0  9992
2 73270  53.0000  47.6704 0001000 212.1256  60.6634 15.06000000000015
STARLINK-73271
1 73271U 24080A   25001.00000000  .00000000  00000-0  00000-0 0  9992
2 73271  43.0000   5.3351 0001000   2.6211 278.8125 15.06000000000015
STARLINK-73272
1 73272U 20033A   25001.00000000  .00000000  00000-0  00000-0 0  9997
2 73272  43.0000  38.1438 0001000  62.4927 194.9678 15.06000000000015
STARLINK-73273
1 73273U 19051A   25001.00000000  .00000000  00000-0  00000-0 0  9996
2 73273  53.2000  98.3641 0001000  97.9233 221.5694 15.06000000000011
STARLINK-73274
1 73274U 24038A   25001.00000000  .00000000  00000-0  00000-0 0  9998
2 73274  53.0000 292.8934 0001000 137.6657  60.2538 15.06000000000013
STARLINK-73275
1 73275U 20069A   25001.00000000  .00000000  00000-0  00000-0 0  9999
2 73275  70.0000   5.3822 0001000 240.8572 305.1621 15.06000000000013
STARLINK-73276
1 73276U 24034A   25001.00000000  .00000000  00000-0  00000-0 0  9996
2 73276  43.0000 297.9251 0001000  15.2641  87.4917 15.06000000000018
STARLINK-73277
1 73277U 24075A   25001.00000000  .00000000  00000-0  00000-0 0  9992
2 73277  53.0000 348.0451 0001000  33.7511 306.6646 15.06000000000016
STARLINK-73278
1 73278U 24053A   25001.00000000  .00000000  00000-0  00000-0 0  9999
2 73278  43.0000 172.9188 0001000  16.7828 199.3852 15.06000000000015
STARLINK-73279
1 73279U 24034A   25001.00000000  .00000000  00000-0  00000-0 0  9999
2 73279  53.2000  68.1587 0001000  12.5768 214.4138 15.06000000000011
STARLINK-73280
1 73280U 19030A   25001.00000000  .00000000  00000-0  00000-0 0  9991
2 73280  53.2000 233.0039 0001000 275.2355  58.1776 15.06000000000019
STARLINK-73281
1 73281U 22057A   25001.00000000  .00000000  00000-0  00000-0 0  9995
2 73281  53.0000 202.6725 0001000  56.3098  96.4214 15.06000000000016
STARLINK-73282
1 73282U 19091A   25001.00000000  .00000000  00000-0  00000-0 0  9990
2 73282  43.0000  62.4466 0001000 317.0491 327.3848 15.06000000000013
STARLINK-73283
1 73283U 22052A   25001.00000000  .00000000  00000-0  00000-0 0  9992
2 73283  97.6000 291.3227 0001000 246.1655 115.2468 15.06000000000013
STARLINK-73284
1 73284U 20053A   25001.00000000  .00000000  00000-0  00000-0 0  9992
2 73284  70.0000 166.5662 0001000 142.7659 194.7671 15.06000000000018
STARLINK-73285
1 73285U 19078A   25001.00000000  .00000000  00000-0  00000-0 0  9998
2 73285  97.6000 109.6270 0001000 148.1544  69.9195 15.06000000000014
STARLINK-73286
1 73286U 20019A   25001.00000000  .00000000  00000-0  00000-0 0  9996
2 73286  70.0000 197.6806 0001000 314.5460 279.5006 15.06000000000018
STARLINK-73287
1 73287U 20056A   25001.00000000  .00000000  00000-0  00000-0 0  9998
2 73287  97.6000 221.4751 0001000  36.3522  14.8592 15.06000000000017
STARLINK-73288
1 73288U 22056A   25001.00000000  .00000000  00000-0  00000-0 0  9991
2 73288  53.0000 317.4437 0001000 277.8071 218.9555 15.06000000000018
STARLINK-73289
1 73289U 20072A   25001.00000000  .00000000  00000-0  00000-0 0  9998
2 73289  70.0000 344.7206 0001000 327.0531 108.7795 15.06000000000016
STARLINK-73290
1 73290U 25008A   25001.00000000  .00000000  00000-0  00000-0 0  9994
2 73290  97.6000 307.2796 0001000  54.6039 122.0845 15.06000000000012
STARLINK-73291
1 73291U 21019A   25001.00000000  .00000000  00000-0  00000-0 0  9993
2 73291  43.0000 153.5785 0001000 266.0235 208.0601 15.06000000000010
STARLINK-73292
1 73292U 23054A   25001.00000000  .00000000  00000-0  00000-0 0  9995
2 73292  53.2000  86.6438 0001000 206.1693 359.2314 15.06000000000018
STARLINK-73293
1 73293U 23099A   25001.00000000  .00000000  00000-0  00000-0 0  9995
2 73293  43.0000 240.8379 0001000  70.1536  43.5801 15.06000000000013
STARLINK-73294
1 73294U 25094A   25001.00000000  .00000000  00000-0  00000-0 0  9993
2 73294  43.0000 302.2945 0001000 164.8719 170.2389 15.06000000000019
STARLINK-73295
1 73295U 25082A   25001.00000000  .00000000  00000-0  00000-0 0  9991
2 73295  53.2000 162.0307 0001000  36.6902  35.1512 15.06000000000014
STARLINK-73296
1 73296U 25012A   25001.00000000  .00000000  00000-0  00000-0 0  9995
2 73296  53.0000 119.3355 0001000 133.2595  67.6182 15.06000000000016
STARLINK-73297
1 73297U 21098A   25001.00000000  .00000000  00000-0  00000-0 0  9996
2 73297  97.6000  92.7904 0001000 189.6503 211.2921 15.06000000000017
STARLINK-73298
1 73298U 25082A   25001.00000000  .00000000  00000-0  00000-0 0  9994
2 73298  70.0000 322.5990 0001000  26.9302 243.1593 15.06000000000011
STARLINK-73299
1 73299U 21022A   25001.00000000  .00000000  00000-0  00000-0 0  9995
2 73299  70.0000 258.4830 0001000   5.1782  82.7574 15.06000000000019
STARLINK-73300
1 73300U 19094A   25001.00000000  .00000000  00000-0  00000-0 0  9994
2 73300  53.2000 164.5444 0001000 341.6244 349.1975 15.06000000000019
STARLINK-73301
1 73301U 19040A   25001.00000000  .00000000  00000-0  00000-0 0  9996
2 73301  97.6000 266.5776 0001000 215.4629  85.4959 15.06000000000010
STARLINK-73302
1 73302U 21091A   25001.00000000  .00000000  00000-0  00000-0 0  9996
2 73302  53.0000 173.8711 0001000  33.7559 310.6685 15.06000000000018
STARLINK-73303
1 73303U 24021A   25001.00000000  .00000000  00000-0  00000-0 0  9993
2 73303  43.0000 174.0688 0001000 158.0076  71.9587 15.06000000000017
STARLINK-73304
1 73304U 24071A   25001.00000000  .00000000  00000-0  00000-0 0  9999
2 73304  53.0000  55.0352 0001000  68.0716 216.1325 15.06000000000019
STARLINK-73305
1 73305U 22026A   25001.00000000  .00000000  00000-0  00000-0 0  9998
2 73305  43.0000 211.4299 0001000 297.9212 301.4617 15.06000000000013
STARLINK-73306
1 73306U 23005A   25001.00000000  .00000000  00000-0  00000-0 0  9997
2 73306  53.2000 283.6508 0001000   3.5837 280.1842 15.06000000000018
STARLINK-73307
1 73307U 22012A   25001.00000000  .00000000  00000-0  00000-0 0  9995
2 73307  97.6000 330.4090 0001000 345.6648 292.1985 15.06000000000019
STARLINK-73308
1 73308U 19039A   25001.00000000  .00000000  00000-0  00000-0 0  9991
2 73308  70.0000  92.2793 0001000 318.8743  86.1069 15.06000000000010
STARLINK-73309
1 73309U 19053A   25001.00000000  .00000000  00000-0  00000-0 0  9998
2 73309  53.2000 324.3133 0001000 134.1448 262.4081 15.06000000000015
STARLINK-73310
1 73310U 24068A   25001.00000000  .00000000  00000-0  00000-0 0  9992
2 73310  43.0000  43.8069 0001000 203.4129 176.1892 15.06000000000012
STARLINK-73311
1 73311U 20076A   25001.00000000  .00000000  00000-0  00000-0 0  9998
2 73311  43.0000 220.1591 0001000 184.2623 170.4632 15.06000000000017
STARLINK-73312
1 73312U 25036A   25001.00000000  .00000000  00000-0  00000-0 0  9990
2 73312  53.0000 293.5086 0001000 348.4558  63.9099 15.06000000000016
STARLINK-73313
1 73313U 23034A   25001.00000000  .00000000  00000-0  00000-0 0  9997
2 73313  43.0000 110.7075 0001000 132.7718  23.3193 15.06000000000011
STARLINK-73314
1 73314U 23001A   25001.00000000  .00000000  00000-0  00000-0 0  9992
2 73314  53.2000  94.6839 0001000 293.2020 235.0480 15.06000000000013
STARLINK-73315
1 73315U 20073A   25001.00000000  .00000000  00000-0  00000-0 0  9999
2 73315  53.2000 255.0488 0001000 264.6252 149.9431 15.06000000000015
STARLINK-73316
1 73316U 24092A   25001.00000000  .00000000  00000-0  00000-0 0  9995
2 73316  70.0000 161.3023 0001000 134.0103 297.4270 15.06000000000012
STARLINK-73317
1 73317U 21019A   25001.00000000  .00000000  00000-0  00000-0 0  9992
2 73317  53.2000 120.0452 0001000 342.0279  96.2986 15.06000000000018
STARLINK-73318
1 73318U 25003A   25001.00000000  .00000000  00000-0  00000-0 0  9990
2 73318  97.6000   9.8100 0001000 342.6767  64.0396 15.06000000000011
STARLINK-73319
1 73319U 21066A   25001.00000000  .00000000  00000-0  00000-0 0  9996
2 73319  43.0000 238.8944 0001000 258.3212 161.8188 15.06000000000010
STARLINK-73320
1 73320U 24097A   25001.00000000  .00000000  00000-0  00000-0 0  9995
2 73320  53.0000 274.9629 0001000  94.7995  95.1984 15.06000000000017
STARLINK-73321
1 73321U 21080A   25001.00000000  .00000000  00000-0  00000-0 0  9995
2 73321  97.6000   6.8936 0001000 200.3558  27.4964 15.06000000000011
STARLINK-73322
1 73322U 24089A   25001.00000000  .00000000  00000-0  00000-0 0  9998
2 73322  70.0000  56.0327 0001000   2.9139  83.8583 15.06000000000012
STARLINK-73323
1 73323U 23047A   25001.00000000  .00000000  00000-0  00000-0 0  9992
2 73323  70.0000 172.6043 0001000 181.9175 234.8721 15.06000000000013
STARLINK-73324
1 73324U 20074A   25001.00000000  .00000000  00000-0  00000-0 0  9990
2 73324  97.6000 268.9853 0001000 157.1942 300.8999 15.06000000000015
STARLINK-73325
1 73325U 25064A   25001.00000000  .00000000  00000-0  00000-0 0  9995
2 73325  53.0000 160.8257 0001000 258.6814 274.1073 15.06000000000011
STARLINK-73326
1 73326U 20028A   25001.00000000  .00000000  00000-0  00000-0 0  9991
2 73326  70.0000 292.0034 0001000 287.7063 265.5213 15.06000000000011
STARLINK-73327
1 73327U 22010A   25001.00000000  .00000000  00000-0  00000-0 0  9995
2 73327  53.2000 347.8597 0001000 220.1850  96.2334 15.06000000000016
STARLINK-73328
1 73328U 23053A   25001.00000000  .00000000  00000-0  00000-0 0  9994
2 73328  53.2000  62.7003 0001000 358.9477 125.8044 15.06000000000014
STARLINK-73329
1 73329U 20001A   25001.00000000  .00000000  00000-0  00000-0 0  9995
2 73329  53.0000  91.7883 0001000 281.9698 308.4898 15.06000000000017
STARLINK-73330
1 73330U 22014A   25001.00000000  .00000000  00000-0  00000-0 0  9993
2 73330  53.2000  60.9913 0001000 359.5413  55.7169 15.06000000000013
STARLINK-73331
1 73331U 22084A   25001.00000000  .00000000  00000-0  00000-0 0  9991
2 73331  53.0000   3.5052 0001000 152.7352   9.8093 15.06000000000010
STARLINK-73332
1 73332U 22093A   25001.00000000  .00000000  00000-0  00000-0 0  9992
2 73332  43.0000 147.5436 0001000 190.6631 193.5587 15.06000000000015
STARLINK-73333
1 73333U 23001A   25001.00000000  .00000000  00000-0  00000-0 0  9993
2 73333  97.6000 165.6757 0001000 184.8117 250.4858 15.06000000000016
STARLINK-73334
1 73334U 21061A   25001.00000000  .00000000  00000-0  00000-0 0  9998
2 73334  53.0000  17.2650 0001000  62.4128 268.8108 15.06000000000011
STARLINK-73335
1 73335U 23010A   25001.00000000  .00000000  00000-0  00000-0 0  9995
2 73335  97.6000 146.3570 0001000 310.8503  54.9961 15.06000000000019
STARLINK-73336
1 73336U 19026A   25001.00000000  .00000000  00000-0  00000-0 0  9998
2 73336  53.2000 317.7386 0001000 254.5285  97.3733 15.06000000000016
STARLINK-73337
1 73337U 23076A   25001.00000000  .00000000  00000-0  00000-0 0  9999
2 73337  97.6000 243.5597 0001000 209.0106  97.3560 15.06000000000014
STARLINK-73338
1 73338U 25058A   25001.00000000  .00000000  00000-0  00000-0 0  9992
2 73338  97.6000  50.5383 0001000 212.3616 271.6478 15.06000000000012
STARLINK-73339
1 73339U 21007A   25001.00000000  .00000000  00000-0  00000-0 0  9993
2 73339  53.2000   6.4388 0001000 302.0701 275.4886 15.06000000000013
STARLINK-73340
1 73340U 23036A   25001.00000000  .00000000  00000-0  00000-0 0  9999
2 73340  53.2000 348.3631 0001000 349.8136  30.5823 15.06000000000016
STARLINK-73341
1 73341U 24043A   25001.00000000  .00000000  00000-0  00000-0 0  9999
2 73341  97.6000  53.9715 0001000 103.1763 121.5925 15.06000000000012
STARLINK-73342
1 73342U 19081A   25001.00000000  .00000000  00000-0  00000-0 0  9996
2 73342  70.0000 307.6233 0001000  81.3049 218.8768 15.06000000000011
STARLINK-73343
1 73343U 25033A   25001.00000000  .00000000  00000-0  00000-0 0  9991
2 73343  43.0000  86.9993 0001000 289.5833 104.3501 15.06000000000019
STARLINK-73344
1 73344U 23025A   25001.00000000  .00000000  00000-0  00000-0 0  9991
2 73344  53.2000  18.5427 0001000 108.1826 105.5407 15.06000000000012
STARLINK-73345
1 73345U 20017A   25001.00000000  .00000000  00000-0  00000-0 0  9990
2 73345  53.2000 211.8594 0001000 193.2153 202.4774 15.06000000000018
STARLINK-73346
1 73346U 23075A   25001.00000000  .00000000  00000-0  00000-0 0  9998
2 73346  53.0000  79.5577 0001000 226.6288  31.6179 15.06000000000018
STARLINK-73347
1 73347U 20018A   25001.00000000  .00000000  00000-0  00000-0 0  9993
2 73347  43.0000 200.6029 0001000 202.3282 106.7813 15.06000000000011
STARLINK-73348
1 73348U 19084A   25001.00000000  .00000000  00000-0  00000-0 0  9995
2 73348  53.0000 127.6350 0001000 174.3744  38.9277 15.06000000000019
STARLINK-73349
1 73349U 21017A   25001.00000000  .00000000  00000-0  00000-0 0  9995
2 73349  97.6000 317.9699 0001000 257.6949 150.5384 15.06000000000016
STARLINK-73350
1 73350U 21041A   25001.00000000  .00000000  00000-0  00000-0 0  9994
2 73350  70.0000 152.6251 0001000  29.7636 164.1924 15.06000000000013
STARLINK-73351
1 73351U 19024A   25001.00000000  .00000000  00000-0  00000-0 0  9993
2 73351  43.0000 196.4806 0001000 153.3404 286.1000 15.06000000000013
STARLINK-73352
1 73352U 22057A   25001.00000000  .00000000  00000-0  00000-0 0  9994
2 73352  53.0000 175.2599 0001000 209.2946 130.4653 15.06000000000016
STARLINK-73353
1 73353U 22042A   25001.00000000  .00000000  00000-0  00000-0 0  9999
2 73353  53.2000  10.2954 0001000 254.3343  98.8706 15.06000000000010
STARLINK-73354
1 73354U 20012A   25001.00000000  .00000000  00000-0  00000-0 0  9995
2 73354  53.0000 269.2907 0001000 213.9952  91.3275 15.06000000000019
STARLINK-73355
1 73355U 22036A   25001.00000000  .00000000  00000-0  00000-0 0  9994
2 73355  97.6000 214.6724 0001000 286.0219 290.6403 15.06000000000019
STARLINK-73356
1 73356U 21041A   25001.00000000  .00000000  00000-0  00000-0 0  9990
2 73356  43.0000 123.0546 0001000 252.2396 260.4644 15.06000000000013
STARLINK-73357
1 73357U 25003A   25001.00000000  .00000000  00000-0  00000-0 0  9993
2 73357  97.6000 163.2485 0001000 206.7567 111.3317 15.06000000000012
STARLINK-73358
1 73358U 23100A   25001.00000000  .00000000  00000-0  00000-0 0  9990
2 73358  53.0000 112.7195 0001000 253.1933 193.1613 15.06000000000016
STARLINK-73359
1 73359U 21005A   25001.00000000  .00000000  00000-0  00000-0 0  9993
2 73359  53.0000 337.1481 0001000 265.1922 127.3169 15.06000000000014
STARLINK-73360
1 73360U 19060A   25001.00000000  .00000000  00000-0  00000-0 0  9993
2 73360  53.2000  45.0101 0001000 114.3867 197.8936 15.06000000000019
STARLINK-73361
1 73361U 19097A   25001.00000000  .00000000  00000-0  00000-0 0  9994
2 73361  97.6000  17.1937 0001000 146.3373 162.2154 15.06000000000014
STARLINK-73362
1 73362U 25047A   25001.00000000  .00000000  00000-0  00000-0 0  9997
2 73362  70.0000 194.0599 0001000 269.9076 122.6888 15.06000000000015
STARLINK-73363
1 73363U 25013A   25001.00000000  .00000000  00000-0  00000-0 0  9991
2 73363  53.2000 306.9779 0001000 318.8447 190.7332 15.06000000000019
STARLINK-73364
1 73364U 23016A   25001.00000000  .00000000  00000-0  00000-0 0  9993
2 73364  43.0000 103.6226 0001000  34.1630 137.7876 15.06000000000012
STARLINK-73365
1 73365U 25079A   25001.00000000  .00000000  00000-0  00000-0 0  9995
2 73365  43.0000 263.8881 0001000  61.8001 267.8066 15.06000000000014
STARLINK-73366
1 73366U 24040A   25001.00000000  .00000000  00000-0  00000-0 0  9993
2 73366  70.0000 294.4846 0001000 277.8841   7.7540 15.06000000000015
STARLINK-73367
1 73367U 23028A   25001.00000000  .00000000  00000-0  00000-0 0  9999
2 73367  97.6000 244.5335 0001000  23.7309 322.5752 15.06000000000010
STARLINK-73368
1 73368U 24054A   25001.00000000  .00000000  00000-0  00000-0 0  9990
2 73368  53.2000 256.9955 0001000 162.9082 160.7381 15.06000000000018
STARLINK-73369
1 73369U 25006A   25001.00000000  .00000000  00000-0  00000-0 0  9999
2 73369  97.6000  11.7731 0001000 306.8002  63.2729 15.06000000000014
STARLINK-73370
1 73370U 21067A   25001.00000000  .00000000  00000-0  00000-0 0  9994
2 73370  43.0000 258.1065 0001000 118.4641  74.5067 15.06000000000014
STARLINK-73371
1 73371U 21064A   25001.00000000  .00000000  00000-0  00000-0 0  9992
2 73371  53.0000  37.4094 0001000 309.4664 240.9541 15.06000000000019
STARLINK-73372
1 73372U 21087A   25001.00000000  .00000000  00000-0  00000-0 0  9998
2 73372  53.0000 166.7565 0001000 298.1526 294.3201 15.06000000000016
STARLINK-73373
1 73373U 19062A   25001.00000000  .00000000  00000-0  00000-0 0  9999
2 73373  53.2000 211.6693 0001000 152.9459 303.6829 15.06000000000013
STARLINK-73374
1 73374U 25020A   25001.00000000  .00000000  00000-0  00000-0 0  9991
2 73374  97.6000 304.4708 0001000   6.9556  82.4772 15.06000000000019
STARLINK-73375
1 73375U 23042A   25001.00000000  .00000000  00000-0  00000-0 0  9994
2 73375  97.6000  14.3569 0001000 218.4555  93.1233 15.06000000000012
STARLINK-73376
1 73376U 23027A   25001.00000000  .00000000  00000-0  00000-0 0  9998
2 73376  97.6000 292.1964 0001000 304.9858  85.4709 15.06000000000017
STARLINK-73377
1 73377U 21028A   25001.00000000  .00000000  00000-0  00000-0 0  9998
2 73377  43.0000  48.7243 0001000 134.3147 240.4385 15.06000000000017
STARLINK-73378
1 73378U 22079A   25001.00000000  .00000000  00000-0  00000-0 0  9996
2 73378  97.6000 132.0486 0001000 276.4404 108.2123 15.06000000000014
STARLINK-73379
1 73379U 21078A   25001.00000000  .00000000  00000-0  00000-0 0  9995
2 73379  53.0000 264.8147 0001000 202.3333 169.7644 15.06000000000018
STARLINK-73380
1 73380U 24037A   25001.00000000  .00000000  00000-0  00000-0 0  9995
2 73380  97.6000  24.4026 0001000 314.7771  52.8753 15.06000000000017
STARLINK-73381
1 73381U 23032A   25001.00000000  .00000000  00000-0  00000-0 0  9990
2 73381  43.0000 237.3147 0001000 175.3995 149.8105 15.06000000000019
STARLINK-73382
1 73382U 22031A   25001.00000000  .00000000  00000-0  00000-0 0  9999
2 73382  53.2000 199.6962 0001000 346.3504  76.5433 15.06000000000014
STARLINK-73383
1 73383U 19030A   25001.00000000  .00000000  00000-0  00000-0 0  9995
2 73383  97.6000  92.9100 0001000  71.2814  22.7154 15.06000000000017
STARLINK-73384
1 73384U 23020A   25001.00000000  .00000000  00000-0  00000-0 0  9990
2 73384  43.0000 306.3056 0001000 118.9379  61.9503 15.06000000000013
STARLINK-73385
1 73385U 22088A   25001.00000000  .00000000  00000-0  00000-0 0  9994
2 73385  53.2000 226.6422 0001000  77.5110  65.9525 15.06000000000019
STARLINK-73386
1 73386U 22100A   25001.00000000  .00000000  00000-0  00000-0 0  9990
2 73386  53.2000 241.3983 0001000   9.4821 308.6917 15.06000000000011
STARLINK-73387
1 73387U 20055A   25001.00000000  .00000000  00000-0  00000-0 0  9998
2 73387  43.0000  37.6915 0001000 156.5883 319.3782 15.06000000000011
STARLINK-73388
1 73388U 22028A   25001.00000000  .00000000  00000-0  00000-0 0  9991
2 73388  70.0000  12.2010 0001000  73.6249  20.4465 15.06000000000010
STARLINK-73389
1 73389U 25008A   25001.00000000  .00000000  00000-0  00000-0 0  9993
2 73389  70.0000 193.1366 0001000 162.5150 230.4967 15.06000000000013
STARLINK-73390
1 73390U 19043A   25001.00000000  .00000000  00000-0  00000-0 0  9997
2 73390  53.0000 355.5188 0001000  65.4279 321.2440 15.06000000000010
STARLINK-73391
1 73391U 25037A   25001.00000000  .00000000  00000-0  00000-0 0  9998
2 73391  97.6000 301.5680 0001000 124.4701 205.4413 15.06000000000012
STARLINK-73392
1 73392U 23070A   25001.00000000  .00000000  00000-0  00000-0 0  9994
2 73392  43.0000 341.1162 0001000  27.0265 227.9535 15.06000000000010
STARLINK-73393
1 73393U 23089A   25001.00000000  .00000000  00000-0  00000-0 0  9995
2 73393  43.0000 346.3224 0001000 238.2678 356.2184 15.06000000000017
STARLINK-73394
1 73394U 23026A   25001.00000000  .00000000  00000-0  00000-0 0  9997
2 73394  53.2000 155.5219 0001000 224.1185 308.5582 15.06000000000014
STARLINK-73395
1 73395U 20035A   25001.00000000  .00000000  00000-0  00000-0 0  9995
2 73395  53.0000  74.1150 0001000 194.7566  18.0331 15.06000000000013
STARLINK-73396
1 73396U 24013A   25001.00000000  .00000000  00000-0  00000-0 0  9996
2 73396  97.6000  49.3729 0001000 273.5660 122.5302 15.06000000000014
STARLINK-73397
1 73397U 25003A   25001.00000000  .00000000  00000-0  00000-0 0  9997
2 73397  53.2000 106.0790 0001000 305.6942 301.4198 15.06000000000013
STARLINK-73398
1 73398U 19037A   25001.00000000  .00000000  00000-0  00000-0 0  9998
2 73398  53.0000 348.6466 0001000 115.4295  83.1479 15.06000000000010
STARLINK-73399
1 73399U 24002A   25001.00000000  .00000000  00000-0  00000-0 0  9997
2 73399  53.0000 242.3985 0001000 104.5661  91.8533 15.06000000000010
STARLINK-73400
1 73400U 23042A   25001.00000000  .00000000  00000-0  00000-0 0  9993
2 73400  97.6000  77.5079 0001000 265.8099  35.4148 15.06000000000011
STARLINK-73401
1 73401U 22048A   25001.00000000  .00000000  00000-0  00000-0 0  9999
2 73401  70.0000 344.4930 0001000 342.1252 216.3179 15.06000000000013
STARLINK-73402
1 73402U 23002A   25001.00000000  .00000000  00000-0  00000-0 0  9991
2 73402  70.0000 316.7242 0001000 233.9665 202.9702 15.06000000000010
STARLINK-73403
1 73403U 22028A   25001.00000000  .00000000  00000-0  00000-0 0  9999
2 73403  53.0000 254.8947 0001000 317.4364  54.8537 15.06000000000010
STARLINK-73404
1 73404U 24025A   25001.00000000  .00000000  00000-0  00000-0 0  9999
2 73404  53.2000 258.4958 0001000 182.9192 273.4045 15.06000000000012
STARLINK-73405
1 73405U 20049A   25001.00000000  .00000000  00000-0  00000-0 0  9992
2 73405  53.0000 187.6131 0001000 199.0972 172.8917 15.06000000000012
STARLINK-73406
1 73406U 20010A   25001.00000000  .00000000  00000-0  00000-0 0  9991
2 73406  53.2000 179.1584 0001000  70.3175  57.1296 15.06000000000014
STARLINK-73407
1 73407U 23030A   25001.00000000  .00000000  00000-0  00000-0 0  9997
2 73407  53.0000 323.8491 0001000 192.0849 134.9521 15.06000000000013
STARLINK-73408
1 73408U 19026A   25001.00000000  .00000000  00000-0  00000-0 0  9998
2 73408  70.0000 312.1161 0001000 256.5874 241.1826 15.06000000000011
STARLINK-73409
1 73409U 22049A   25001.00000000  .00000000  00000-0  00000-0 0  9998
2 73409  43.0000 139.1266 0001000 253.8027 141.9645 15.06000000000011
STARLINK-73410
1 73410U 19061A   25001.00000000  .00000000  00000-0  00000-0 0  9990
2 73410  53.2000  91.3021 0001000  72.5766  40.9791 15.06000000000010
STARLINK-73411
1 73411U 22078A   25001.00000000  .00000000  00000-0  00000-0 0  9993
2 73411  53.0000 273.5329 0001000 327.5571 213.4026 15.06000000000019
STARLINK-73412
1 73412U 22053A   25001.00000000  .00000000  00000-0  00000-0 0  9997
2 73412  43.0000 175.6925 0001000  93.9902 207.7157 15.06000000000016
STARLINK-73413
1 73413U 21036A   25001.00000000  .00000000  00000-0  00000-0 0  9998
2 73413  53.0000 312.7049 0001000 116.2681  97.4567 15.06000000000011
STARLINK-73414
1 73414U 22011A   25001.00000000  .00000000  00000-0  00000-0 0  9993
2 73414  53.0000  61.0885 0001000 201.7692 304.7010 15.06000000000013
STARLINK-73415
1 73415U 24014A   25001.00000000  .00000000  00000-0  00000-0 0  9999
2 73415  53.0000 325.0511 0001000 232.9915 300.0657 15.06000000000013
STARLINK-73416
1 73416U 20097A   25001.00000000  .00000000  00000-0  00000-0 0  9997
2 73416  70.0000 134.1872 0001000  32.5292  38.6227 15.06000000000011
STARLINK-73417
1 73417U 25099A   25001.00000000  .00000000  00000-0  00000-0 0  9995
2 73417  70.0000  57.2405 0001000  10.3427 329.6276 15.06000000000010
STARLINK-73418
1 73418U 24092A   25001.00000000  .00000000  00000-0  00000-0 0  9998
2 73418  53.2000 218.2863 0001000  86.6028 281.5392 15.06000000000019
STARLINK-73419
1 73419U 19098A   25001.00000000  .00000000  00000-0  00000-0 0  9999
2 73419  97.6000  32.0008 0001000  46.6778 260.4528 15.06000000000010
STARLINK-73420
1 73420U 19071A   25001.00000000  .00000000  00000-0  00000-0 0  9992
2 73420  70.0000 189.0672 0001000 305.3916 356.5538 15.06000000000014
STARLINK-73421
1 73421U 19088A   25001.00000000  .00000000  00000-0  00000-0 0  9991
2 73421  53.0000 272.3899 0001000 193.2188 270.9100 15.06000000000012
STARLINK-73422
1 73422U 22020A   25001.00000000  .00000000  00000-0  00000-0 0  9992
2 73422  53.2000 263.4760 0001000 273.2768 359.2227 15.06000000000017
STARLINK-73423
1 73423U 22064A   25001.00000000  .00000000  00000-0  00000-0 0  9991
2 73423  70.0000  43.5827 0001000 281.0749 287.4731 15.06000000000014
STARLINK-73424
1 73424U 25056A   25001.00000000  .00000000  00000-0  00000-0 0  9996
2 73424  70.0000 104.4918 0001000  50.5927 175.7080 15.06000000000016
STARLINK-73425
1 73425U 23062A   25001.00000000  .00000000  00000-0  00000-0 0  9992
2 73425  97.6000  38.4941 0001000 350.9112  47.3684 15.06000000000011
STARLINK-73426
1 73426U 19066A   25001.00000000  .00000000  00000-0  00000-0 0  9992
2 73426  70.0000 312.0685 0001000 317.2479 326.0593 15.06000000000011
STARLINK-73427
1 73427U 22027A   25001.00000000  .00000000  00000-0  00000-0 0  9994
2 73427  53.2000 139.9863 0001000 185.7804 121.1991 15.06000000000015
STARLINK-73428
1 73428U 24007A   25001.00000000  .00000000  00000-0  00000-0 0  9995
2 73428  70.0000 233.3434 0001000  50.8615  50.2752 15.06000000000015
STARLINK-73429
1 73429U 24046A   25001.00000000  .00000000  00000-0  00000-0 0  9999
2 73429  53.2000  79.3891 0001000 220.4831 230.0314 15.06000000000011
STARLINK-73430
1 73430U 25011A   25001.00000000  .00000000  00000-0  00000-0 0  9994
2 73430  43.0000 155.7766 0001000  47.8301 278.3132 15.06000000000016
STARLINK-73431
1 73431U 20005A   25001.00000000  .00000000  00000-0  00000-0 0  9993
2 73431  97.6000 185.5068 0001000  34.2242 172.3184 15.06000000000012
STARLINK-73432
1 73432U 21047A   25001.00000000  .00000000  00000-0  00000-0 0  9991
2 73432  53.0000 269.5559 0001000 151.1343 349.2569 15.06000000000010
STARLINK-73433
1 73433U 22084A   25001.00000000  .00000000  00000-0  00000-0 0  9994
2 73433  43.0000 159.6573 0001000 186.4586 303.7505 15.06000000000010
STARLINK-73434
1 73434U 20083A   25001.00000000  .00000000  00000-0  00000-0 0  9992
2 73434  53.0000  34.0067 0001000 147.9365 325.5435 15.06000000000017
STARLINK-73435
1 73435U 25091A   25001.00000000  .00000000  00000-0  00000-0 0  9997
2 73435  70.0000  61.1107 0001000 116.9974 138.3568 15.06000000000012
STARLINK-73436
1 73436U 20078A   25001.00000000  .00000000  00000-0  00000-0 0  9998
2 73436  70.0000 233.0658 0001000 322.8327 116.0719 15.06000000000015
STARLINK-73437
1 73437U 24048A   25001.00000000  .00000000  00000-0  00000-0 0  9990
2 73437  97.6000 279.4913 0001000  71.8066 137.8046 15.06000000000014
STARLINK-73438
1 73438U 19079A   25001.00000000  .00000000  00000-0  00000-0 0  9999
2 73438  97.6000  14.1449 0001000  13.2237 268.4937 15.06000000000013
STARLINK-73439
1 73439U 23064A   25001.00000000  .00000000  00000-0  00000-0 0  9999
2 73439  97.6000  65.2099 0001000 233.7884 149.9230 15.06000000000018
STARLINK-73440
1 73440U 20090A   25001.00000000  .00000000  00000-0  00000-0 0  9997
2 73440  53.2000 197.3538 0001000 293.9150 324.1839 15.06000000000019
STARLINK-73441
1 73441U 23014A   25001.00000000  .00000000  00000-0  00000-0 0  9997
2 73441  43.0000  63.5039 0001000 334.9833 136.1401 15.06000000000017
STARLINK-73442
1 73442U 25005A   25001.00000000  .00000000  00000-0  00000-0 0  9990
2 73442  53.2000 249.0649 0001000 145.9343 112.7832 15.06000000000013
STARLINK-73443
1 73443U 20089A   25001.00000000  .00000000  00000-0  00000-0 0  9998
2 73443  43.0000 101.8629 0001000 281.4986  42.2399 15.06000000000018
STARLINK-73444
1 73444U 23074A   25001.00000000  .00000000  00000-0  00000-0 0  9996
2 73444  53.2000 117.0836 0001000  17.5134 172.4203 15.06000000000014
STARLINK-73445
1 73445U 24073A   25001.00000000  .00000000  00000-0  00000-0 0  9997
2 73445  43.0000 339.0638 0001000 319.8701 223.1303 15.06000000000011
STARLINK-73446
1 73446U 22013A   25001.00000000  .00000000  00000-0  00000-0 0  9990
2 73446  53.0000 155.7742 0001000 272.1592  48.6127 15.06000000000015
STARLINK-73447
1 73447U 24078A   25001.00000000  .00000000  00000-0  00000-0 0  9994
2 73447  43.0000 233.5383 0001000 330.2201   6.1476 15.06000000000010
STARLINK-73448
1 73448U 21094A   25001.00000000  .00000000  00000-0  00000-0 0  9990
2 73448  53.0000 246.3601 0001000 268.7750  24.4110 15.06000000000019
STARLINK-73449
1 73449U 20096A   25001.00000000  .00000000  00000-0  00000-0 0  9992
2 73449  97.6000 159.5310 0001000 338.3848 271.3942 15.06000000000014
STARLINK-73450
1 73450U 22054A   25001.00000000  .00000000  00000-0  00000-0 0  9990
2 73450  97.6000  95.2222 0001000 314.6906 314.4455 15.06000000000014
STARLINK-73451
1 73451U 21023A   25001.00000000  .00000000  00000-0  00000-0 0  9996
2 73451  53.0000 299.9398 0001000 136.9135 358.2695 15.06000000000019
STARLINK-73452
1 73452U 21049A   25001.00000000  .00000000  00000-0  00000-0 0  9995
2 73452  97.6000 151.6414 0001000 180.5963 339.4639 15.06000000000010
STARLINK-73453
1 73453U 24085A   25001.00000000  .00000000  00000-0  00000-0 0  9999
2 73453  43.0000 152.1516 0001000 319.3947 218.1867 15.06000000000015
STARLINK-73454
1 73454U 23002A   25001.00000000  .00000000  00000-0  00000-0 0  9998
2 73454  70.0000 211.0923 0001000   3.0081  77.4568 15.06000000000013
STARLINK-73455
1 73455U 25081A   25001.00000000  .00000000  00000-0  00000-0 0  9998
2 73455  97.6000 212.2032 0001000 169.3621 348.2912 15.06000000000011
STARLINK-73456
1 73456U 24027A   25001.00000000  .00000000  00000-0  00000-0 0  9998
2 73456  70.0000 144.5693 0001000 261.7043 114.0794 15.06000000000019
STARLINK-73457
1 73457U 22082A   25001.00000000  .00000000  00000-0  00000-0 0  9998
2 73457  70.0000 273.7432 0001000  37.2174 330.2856 15.06000000000018
STARLINK-73458
1 73458U 24012A   25001.00000000  .00000000  00000-0  00000-0 0  9994
2 73458  70.0000 138.2953 0001000 185.2977 202.0682 15.06000000000010
STARLINK-73459
1 73459U 21022A   25001.00000000  .00000000  00000-0  00000-0 0  9993
2 73459  97.6000 272.0194 0001000 180.3685 152.0331 15.06000000000017
STARLINK-73460
1 73460U 24063A   25001.00000000  .00000000  00000-0  00000-0 0  9993
2 73460  97.6000 154.9936 0001000 280.0716 300.0791 15.06000000000019
STARLINK-73461
1 73461U 20027A   25001.00000000  .00000000  00000-0  00000-0 0  9990
2 73461  53.0000  25.6318 0001000 334.9546   1.6560 15.06000000000012
STARLINK-73462
1 73462U 25100A   25001.00000000  .00000000  00000-0  00000-0 0  9998
2 73462  53.0000 336.7571 0001000 210.0042 116.7040 15.06000000000016
STARLINK-73463
1 73463U 23047A   25001.00000000  .00000000  00000-0  00000-0 0  9997
2 73463  53.0000  97.5983 0001000  46.4899 317.3134 15.06000000000010
STARLINK-73464
1 73464U 25018A   25001.00000000  .00000000  00000-0  00000-0 0  9998
2 73464  43.0000  79.8560 0001000 273.8110 256.7479 15.06000000000014
STARLINK-73465
1 73465U 25009A   25001.00000000  .00000000  00000-0  00000-0 0  9999
2 73465  53.2000  68.6560 0001000 268.4382 219.2222 15.06000000000015
STARLINK-73466
1 73466U 19009A   25001.00000000  .00000000  00000-0  00000-0 0  9993
2 73466  53.0000 301.4999 0001000 276.9796  60.3442 15.06000000000010
STARLINK-73467
1 73467U 24041A   25001.00000000  .00000000  00000-0  00000-0 0  9996
2 73467  53.2000 357.7164 0001000 195.7687 268.0631 15.06000000000015
STARLINK-73468
1 73468U 25039A   25001.00000000  .00000000  00000-0  00000-0 0  9995
2 73468  53.0000 237.0980 0001000 354.7289  65.8335 15.06000000000019
STARLINK-73469
1 73469U 22079A   25001.00000000  .00000000  00000-0  00000-0 0  9997
2 73469  43.0000  23.3543 0001000 312.6059 163.9650 15.06000000000018
STARLINK-73470
1 73470U 24040A   25001.00000000  .00000000  00000-0  00000-0 0  9999
2 73470  97.6000 287.7554 0001000 339.8845 108.8728 15.06000000000011
STARLINK-73471
1 73471U 20097A   25001.00000000  .00000000  00000-0  00000-0 0  9998
2 73471  53.2000 312.5254 0001000  20.6192 249.3098 15.06000000000015
STARLINK-73472
1 73472U 19051A   25001.00000000  .00000000  00000-0  00000-0 0  9997
2 73472  43.0000 282.4112 0001000  30.5476  85.2179 15.06000000000013
STARLINK-73473
1 73473U 22023A   25001.00000000  .00000000  00000-0  00000-0 0  9991
2 73473  70.0000 330.9111 0001000  26.0197 185.3973 15.06000000000016
STARLINK-73474
1 73474U 21029A   25001.00000000  .00000000  00000-0  00000-0 0  9997
2 73474  53.0000 237.8721 0001000 122.4260 328.5150 15.06000000000010
STARLINK-73475
1 73475U 21070A   25001.00000000  .00000000  00000-0  00000-0 0  9994
2 73475  43.0000 100.8050 0001000 295.1572 101.9538 15.06000000000011
STARLINK-73476
1 73476U 22093A   25001.00000000  .00000000  00000-0  00000-0 0  9991
2 73476  97.6000 350.3688 0001000 160.9297 112.0317 15.06000000000017
STARLINK-73477
1 73477U 24099A   25001.00000000  .00000000  00000-0  00000-0 0  9990
2 73477  53.2000 322.2626 0001000  30.6327 183.0292 15.06000000000013
STARLINK-73478
1 73478U 22010A   25001.00000000  .00000000  00000-0  00000-0 0  9992
2 73478  97.6000  21.3285 0001000 200.7541 147.8278 15.06000000000014
STARLINK-73479
1 73479U 24019A   25001.00000000  .00000000  00000-0  00000-0 0  9994
2 73479  97.6000 284.2640 0001000 243.5896  76.3129 15.06000000000019
STARLINK-73480
1 73480U 19072A   25001.00000000  .00000000  00000-0  00000-0 0  9999
2 73480  53.2000  46.9993 0001000 194.0681  89.8372 15.06000000000014
STARLINK-73481
1 73481U 24097A   25001.00000000  .00000000  00000-0  00000-0 0  9993
2 73481  70.0000 321.6887 0001000 104.9955 321.3821 15.06000000000014
STARLINK-73482
1 73482U 20003A   25001.00000000  .00000000  00000-0  00000-0 0  9997
2 73482  70.0000 105.2641 0001000 149.5765  45.3413 15.06000000000013
STARLINK-73483
1 73483U 22041A   25001.00000000  .00000000  00000-0  00000-0 0  9992
2 73483  97.6000 167.2846 0001000 146.6591 123.5697 15.06000000000012
STARLINK-73484
1 73484U 20034A   25001.00000000  .00000000  00000-0  00000-0 0  9993
2 73484  43.0000  86.6180 0001000 142.3735 140.4660 15.06000000000014
STARLINK-73485
1 73485U 19011A   25001.00000000  .00000000  00000-0  00000-0 0  9997
2 73485  53.0000 220.9435 0001000 187.4717  63.2063 15.06000000000011
STARLINK-73486
1 73486U 21010A   25001.00000000  .00000000  00000-0  00000-0 0  9990
2 73486  43.0000 129.0395 0001000 331.6933 117.1924 15.06000000000013
STARLINK-73487
1 73487U 20012A   25001.00000000  .00000000  00000-0  00000-0 0  9992
2 73487  43.0000 356.4764 0001000  66.9965  22.1492 15.06000000000018
STARLINK-73488
1 73488U 22014A   25001.00000000  .00000000  00000-0  00000-0 0  9997
2 73488  97.6000  89.5078 0001000  26.4262  92.6616 15.06000000000017
STARLINK-73489
1 73489U 23095A   25001.00000000  .00000000  00000-0  00000-0 0  9998
2 73489  97.6000  50.3074 0001000  21.2107 263.2088 15.06000000000010
STARLINK-73490
1 73490U 24065A   25001.00000000  .00000000  00000-0  00000-0 0  9998
2 73490  53.2000 124.8471 0001000 261.3328 252.9416 15.06000000000010
STARLINK-73491
1 73491U 20028A   25001.00000000  .00000000  00000-0  00000-0 0  9994
2 73491  53.0000 134.7411 0001000 270.8316  26.1857 15.06000000000015
STARLINK-73492
1 73492U 19067A   25001.00000000  .00000000  00000-0  00000-0 0  9996
2 73492  70.0000 106.5566 0001000  91.8525 268.9893 15.06000000000012
STARLINK-73493
1 73493U 20007A   25001.00000000  .00000000  00000-0  00000-0 0  9993
2 73493  53.2000 223.7066 0001000 162.9269 338.5892 15.06000000000011
STARLINK-73494
1 73494U 23051A   25001.00000000  .00000000  00000-0  00000-0 0  9996
2 73494  53.2000 102.1456 0001000  56.6242  84.8736 15.06000000000013
STARLINK-73495
1 73495U 19062A   25001.00000000  .00000000  00000-0  00000-0 0  9994
2 73495  53.0000 127.9423 0001000 346.2835 318.6730 15.06000000000019
STARLINK-73496
1 73496U 22098A   25001.00000000  .00000000  00000-0  00000-0 0  9998
2 73496  53.0000 199.0697 0001000  94.7633  50.3531 15.06000000000013
STARLINK-73497
1 73497U 19049A   25001.00000000  .00000000  00000-0  00000-0 0  9991
2 73497  43.0000  82.5613 0001000 188.0560 122.5559 15.06000000000015
STARLINK-73498
1 73498U 22081A   25001.00000000  .00000000  00000-0  00000-0 0  9992
2 73498  97.6000 357.9176 0001000  46.3599  68.4264 15.06000000000013
STARLINK-73499
1 73499U 22037A   25001.00000000  .00000000  00000-0  00000-0 0  9994
2 73499  53.0000 109.7363 0001000 233.1289  69.9253 15.06000000000017
STARLINK-73500
1 73500U 20020A   25001.00000000  .00000000  00000-0  00000-0 0  9997
2 73500  53.2000   7.7895 0001000 357.2928 130.3886 15.06000000000012
STARLINK-73501
1 73501U 21025A   25001.00000000  .00000000  00000-0  00000-0 0  9994
2 73501  53.2000 179.4501 0001000 138.7904 281.6613 15.06000000000018
STARLINK-73502
1 73502U 25054A   25001.00000000  .00000000  00000-0  00000-0 0  9991
2 73502  53.2000  80.0931 0001000 182.1421 359.6718 15.06000000000012
STARLINK-73503
1 73503U 23023A   25001.00000000  .00000000  00000-0  00000-0 0  9996
2 73503  53.0000 171.8717 0001000  96.1121 279.2796 15.06000000000016
STARLINK-73504
1 73504U 24026A   25001.00000000  .00000000  00000-0  00000-0 0  9991
2 73504  53.2000 336.6179 0001000 188.0541 317.4715 15.06000000000015
STARLINK-73505
1 73505U 25011A   25001.00000000  .00000000  00000-0  00000-0 0  9997
2 73505  53.2000 115.5499 0001000 270.4522  28.6273 15.06000000000010
STARLINK-73506
1 73506U 22080A   25001.00000000  .00000000  00000-0  00000-0 0  9991
2 73506  53.0000 156.6210 0001000 231.6736 311.0956 15.06000000000019
STARLINK-73507
1 73507U 20022A   25001.00000000  .00000000  00000-0  00000-0 0  9996
2 73507  70.0000 352.5346 0001000 355.7331 249.2637 15.06000000000013
STARLINK-73508
1 73508U 22067A   25001.00000000  .00000000  00000-0  00000-0 0  9998
2 73508  97.6000 158.9618 0001000 251.5481 318.7555 15.06000000000019
STARLINK-73509
1 73509U 24004A   25001.00000000  .00000000  00000-0  00000-0 0  9992
2 73509  97.6000 257.2424 0001000  91.7732  67.8476 15.06000000000015
STARLINK-73510
1 73510U 19082A   25001.00000000  .00000000  00000-0  00000-0 0  9994
2 73510  43.0000  92.3010 0001000 346.9130 273.9387 15.06000000000019
STARLINK-73511
1 73511U 25052A   25001.00000000  .00000000  00000-0  00000-0 0  9999
2 73511  53.2000 213.9425 0001000 259.8150  72.3076 15.06000000000014
STARLINK-73512
1 73512U 23078A   25001.00000000  .00000000  00000-0  00000-0 0  9996
2 73512  43.0000 220.8963 0001000 119.7338 202.9995 15.06000000000019
STARLINK-73513
1 73513U 25012A   25001.00000000  .00000000  00000-0  00000-0 0  9997
2 73513  70.0000 131.8118 0001000  54.8116 153.4494 15.06000000000010
STARLINK-73514
1 73514U 19005A   25001.00000000  .00000000  00000-0  00000-0 0  9993
2 73514  43.0000 349.0322 0001000 161.5057 129.8884 15.06000000000011
STARLINK-73515
1 73515U 21009A   25001.00000000  .00000000  00000-0  00000-0 0  9991
2 73515  53.2000  93.3960 0001000 204.8237 231.3125 15.06000000000010
STARLINK-73516
1 73516U 21077A   25001.00000000  .00000000  00000-0  00000-0 0  9997
2 73516  70.0000  16.8734 0001000 261.5255 306.1240 15.06000000000016
STARLINK-73517
1 73517U 23034A   25001.00000000  .00000000  00000-0  00000-0 0  9993
2 73517  43.0000 307.4936 0001000 146.4820  11.2189 15.06000000000015
STARLINK-73518
1 73518U 21058A   25001.00000000  .00000000  00000-0  00000-0 0  9998
2 73518  53.0000 352.0904 0001000 269.4799  35.8327 15.06000000000015
STARLINK-73519
1 73519U 19005A   25001.00000000  .00000000  00000-0  00000-0 0  9998
2 73519  43.0000 174.7769 0001000 144.9481 338.2000 15.06000000000016
STARLINK-73520
1 73520U 25086A   25001.00000000  .00000000  00000-0  00000-0 0  9996
2 73520  70.0000 312.1764 0001000   8.1001 351.2309 15.06000000000017
STARLINK-73521
1 73521U 24099A   25001.00000000  .00000000  00000-0  00000-0 0  9990
2 73521  43.0000 256.2762 0001000 294.9702 242.6311 15.06000000000013
STARLINK-73522
1 73522U 25014A   25001.00000000  .00000000  00000-0  00000-0 0  9999
2 73522  53.2000  82.8026 0001000 322.6531 266.0246 15.06000000000019
STARLINK-73523
1 73523U 23044A   25001.00000000  .00000000  00000-0  00000-0 0  9991
2 73523  53.0000 144.2257 0001000 345.2698 289.6305 15.06000000000019
STARLINK-73524
1 73524U 20038A   25001.00000000  .00000000  00000-0  00000-0 0  9992
2 73524  97.6000  23.2798 0001000   3.6126 288.5994 15.06000000000013
STARLINK-73525
1 73525U 24027A   25001.00000000  .00000000  00000-0  00000-0 0  9995
2 73525  53.2000 175.6285 0001000 307.5224  41.0879 15.06000000000014
STARLINK-73526
1 73526U 23087A   25001.00000000  .00000000  00000-0  00000-0 0  9991
2 73526  53.0000 131.0332 0001000 359.9513   1.1240 15.06000000000013
STARLINK-73527
1 73527U 22086A   25001.00000000  .00000000  00000-0  00000-0 0  9990
2 73527  53.0000 248.7915 0001000 338.5669  46.3642 15.06000000000019
STARLINK-73528
1 73528U 19089A   25001.00000000  .00000000  00000-0  00000-0 0  9990
2 73528  53.2000 175.4586 0001000 148.7585  85.5593 15.06000000000010
STARLINK-73529
1 73529U 19038A   25001.00000000  .00000000  00000-0  00000-0 0  9995
2 73529  43.0000  90.8196 0001000 215.7587 291.7864 15.06000000000014
STARLINK-73530
1 73530U 25071A   25001.00000000  .00000000  00000-0  00000-0 0  9991
2 73530  70.0000 281.8797 0001000 161.0594 287.1300 15.06000000000010
STARLINK-73531
1 73531U 19094A   25001.00000000  .00000000  00000-0  00000-0 0  9990
2 73531  70.0000 127.6015 0001000 350.6229 299.9027 15.06000000000019
STARLINK-73532
1 73532U 22003A   25001.00000000  .00000000  00000-0  00000-0 0  9995
2 73532  97.6000   1.4112 0001000 157.9159  35.9636 15.06000000000016
STARLINK-73533
1 73533U 23053A   25001.00000000  .00000000  00000-0  00000-0 0  9992
2 73533  53.0000  71.9427 0001000 193.4142 339.1351 15.06000000000014
STARLINK-73534
1 73534U 25027A   25001.00000000  .00000000  00000-0  00000-0 0  9996
2 73534  70.0000 180.5141 0001000 174.1761 353.9513 15.06000000000011
STARLINK-73535
1 73535U 23025A   25001.00000000  .00000000  00000-0  00000-0 0  9993
2 73535  53.2000  26.4777 0001000 323.5665  82.5601 15.06000000000014
STARLINK-73536
1 73536U 24038A   25001.00000000  .00000000  00000-0  00000-0 0  9999
2 73536  70.0000  62.1567 0001000  24.9231  65.1096 15.06000000000012
STARLINK-73537
1 73537U 23073A   25001.00000000  .00000000  00000-0  00000-0 0  9998
2 73537  70.0000 338.1319 0001000  94.6632  73.0489 15.06000000000017
STARLINK-73538
1 73538U 19011A   25001.00000000  .00000000  00000-0  00000-0 0  9996
2 73538  53.0000 338.9250 0001000 118.5603 319.6013 15.06000000000017
STARLINK-73539
1 73539U 25079A   25001.00000000  .00000000  00000-0  00000-0 0  9998
2 73539  97.6000 283.4612 0001000 231.0212 155.0770 15.06000000000017
STARLINK-73540
1 73540U 22036A   25001.00000000  .00000000  00000-0  00000-0 0  9990
2 73540  43.0000  88.8846 0001000  96.8709 318.8190 15.06000000000013
STARLINK-73541
1 73541U 19091A   25001.00000000  .00000000  00000-0  00000-0 0  9998
2 73541  70.0000 344.8310 0001000 318.4680 203.0305 15.06000000000019
STARLINK-73542
1 73542U 19088A   25001.00000000  .00000000  00000-0  00000-0 0  9995
2 73542  43.0000 346.8979 0001000  19.5908 102.6696 15.06000000000012
STARLINK-73543
1 73543U 19066A   25001.00000000  .00000000  00000-0  00000-0 0  9992
2 73543  70.0000  92.7968 0001000 175.5791  48.6386 15.06000000000016
STARLINK-73544
1 73544U 19054A   25001.00000000  .00000000  00000-0  00000-0 0  9990
2 73544  53.2000 163.9920 0001000 275.7750 123.5613 15.06000000000013
STARLINK-73545
1 73545U 20029A   25001.00000000  .00000000  00000-0  00000-0 0  9995
2 73545  53.2000 257.7311 0001000 129.9519  85.5107 15.06000000000018
STARLINK-73546
1 73546U 23038A   25001.00000000  .00000000  00000-0  00000-0 0  9999
2 73546  53.2000 179.8694 0001000 179.1028 297.1260 15.06000000000010
STARLINK-73547
1 73547U 22076A   25001.00000000  .00000000  00000-0  00000-0 0  9991
2 73547  53.0000  81.0182 0001000 220.8781 310.6778 15.06000000000010
STARLINK-73548
1 73548U 20040A   25001.00000000  .00000000  00000-0  00000-0 0  9991
2 73548  97.6000 282.7302 0001000  17.8412  52.2411 15.06000000000017
STARLINK-73549
1 73549U 20017A   25001.00000000  .00000000  00000-0  00000-0 0  9996
2 73549  53.2000 194.4074 0001000 224.7106  44.9576 15.06000000000010
STARLINK-73550
1 73550U 19035A   25001.00000000  .00000000  00000-0  00000-0 0  9996
2 73550  53.2000  30.7472 0001000 359.0623  49.2832 15.06000000000015
STARLINK-73551
1 73551U 19062A   25001.00000000  .00000000  00000-0  00000-0 0  9997
2 73551  97.6000 149.3898 0001000 282.6046  92.8817 15.06000000000014
STARLINK-73552
1 73552U 22097A   25001.00000000  .00000000  00000-0  00000-0 0  9990
2 73552  53.2000 215.7445 0001000 163.7921 327.2474 15.06000000000014
STARLINK-73553
1 73553U 21083A   25001.00000000  .00000000  00000-0  00000-0 0  9995
2 73553  43.0000 259.2816 0001000  32.6186 257.3670 15.06000000000015
STARLINK-73554
1 73554U 23073A   25001.00000000  .00000000  00000-0  00000-0 0  9997
2 73554  43.0000 140.5862 0001000  63.2323  84.8845 15.06000000000019
STARLINK-73555
1 73555U 19009A   25001.00000000  .00000000  00000-0  00000-0 0  9992
2 73555  53.2000  67.8266 0001000  20.0010  32.9477 15.06000000000011
STARLINK-73556
1 73556U 23002A   25001.00000000  .00000000  00000-0  00000-0 0  9991
2 73556  70.0000 169.4650 0001000 327.7476 201.7777 15.06000000000017
STARLINK-73557
1 73557U 23098A   25001.00000000  .00000000  00000-0  00000-0 0  9997
2 73557  53.0000 106.3315 0001000 219.9055 219.9688 15.06000000000014
STARLINK-73558
1 73558U 19016A   25001.00000000  .00000000  00000-0  00000-0 0  9993
2 73558  53.0000  39.9420 0001000 234.9796  87.9945 15.06000000000011
STARLINK-73559
1 73559U 25040A   25001.00000000  .00000000  00000-0  00000-0 0  9998
2 73559  53.0000 191.2945 0001000   2.4223 236.7535 15.06000000000018
STARLINK-73560
1 73560U 21036A   25001.00000000  .00000000  00000-0  00000-0 0  9991
2 73560  97.6000  71.9208 0001000  86.6242  24.1970 15.06000000000017
STARLINK-73561
1 73561U 24016A   25001.00000000  .00000000  00000-0  00000-0 0  9993
2 73561  53.2000 277.5957 0001000 319.1034 278.9847 15.06000000000016
STARLINK-73562
1 73562U 22040A   25001.00000000  .00000000  00000-0  00000-0 0  9999
2 73562  53.2000 278.5642 0001000 281.7844  61.4983 15.06000000000018
STARLINK-73563
1 73563U 20089A   25001.00000000  .00000000  00000-0  00000-0 0  9991
2 73563  43.0000 179.0605 0001000 301.3689  95.0541 15.06000000000019
STARLINK-73564
1 73564U 22059A   25001.00000000  .00000000  00000-0  00000-0 0  9991
2 73564  97.6000 344.3795 0001000  82.6880 130.0816 15.06000000000019
STARLINK-73565
1 73565U 23094A   25001.00000000  .00000000  00000-0  00000-0 0  9992
2 73565  53.2000 322.2802 0001000  94.8072 154.5133 15.06000000000013
STARLINK-73566
1 73566U 22028A   25001.00000000  .00000000  00000-0  00000-0 0  9999
2 73566  53.2000 275.6527 0001000 270.8497 268.2217 15.06000000000012
STARLINK-73567
1 73567U 23087A   25001.00000000  .00000000  00000-0  00000-0 0  9996
2 73567  53.2000 218.5146 0001000 311.3307 200.6335 15.06000000000018
STARLINK-73568
1 73568U 25002A   25001.00000000  .00000000  00000-0  00000-0 0  9996
2 73568  70.0000 269.9306 0001000  63.0345 174.8577 15.06000000000017
STARLINK-73569
1 73569U 21095A   25001.00000000  .00000000  00000-0  00000-0 0  9995
2 73569  70.0000 264.4794 0001000 313.4798  78.3928 15.06000000000011
STARLINK-73570
1 73570U 21069A   25001.00000000  .00000000  00000-0  00000-0 0  9998
2 73570  53.0000 324.5913 0001000  89.6532 110.0628 15.06000000000014
STARLINK-73571
1 73571U 20031A   25001.00000000  .00000000  00000-0  00000-0 0  9997
2 73571  53.0000  49.6443 0001000 317.5420 359.4283 15.06000000000013
STARLINK-73572
1 73572U 21053A   25001.00000000  .00000000  00000-0  00000-0 0  9993
2 73572  97.6000 140.4925 0001000 294.4032  85.4549 15.06000000000016
STARLINK-73573
1 73573U 24013A   25001.00000000  .00000000  00000-0  00000-0 0  9993
2 73573  53.0000 173.9576 0001000 307.6063 186.1949 15.06000000000010
STARLINK-73574
1 73574U 21011A   25001.00000000  .00000000  00000-0  00000-0 0  9999
2 73574  53.2000 171.5428 0001000 315.5309 295.3279 15.06000000000013
STARLINK-73575
1 73575U 24037A   25001.00000000  .00000000  00000-0  00000-0 0  9991
2 73575  70.0000  85.7837 0001000  27.8403 147.4766 15.06000000000017
STARLINK-73576
1 73576U 19074A   25001.00000000  .00000000  00000-0  00000-0 0  9997
2 73576  97.6000 194.0451 0001000 117.8744 307.7454 15.06000000000012
STARLINK-73577
1 73577U 19006A   25001.00000000  .00000000  00000-0  00000-0 0  9993
2 73577  97.6000 224.0205 0001000 347.1580 274.4101 15.06000000000019
STARLINK-73578
1 73578U 25060A   25001.00000000  .00000000  00000-0  00000-0 0  9991
2 73578  53.2000  39.2148 0001000 286.2461  78.3957 15.06000000000011
STARLINK-73579
1 73579U 20092A   25001.00000000  .00000000  00000-0  00000-0 0  9992
2 73579  53.0000 238.5711 0001000 326.7117  61.8832 15.06000000000017
STARLINK-73580
1 73580U 23082A   25001.00000000  .00000000  00000-0  00000-0 0  9996
2 73580  43.0000 130.5415 0001000  67.9839 224.3239 15.06000000000012
STARLINK-73581
1 73581U 19065A   25001.00000000  .00000000  00000-0  00000-0 0  9993
2 73581  70.0000  64.0339 0001000 344.8736 313.7625 15.06000000000014
STARLINK-73582
1 73582U 24054A   25001.00000000  .00000000  00000-0  00000-0 0  9998
2 73582  53.2000  80.8879 0001000 136.8344 353.9844 15.06000000000016
STARLINK-73583
1 73583U 20063A   25001.00000000  .00000000  00000-0  00000-0 0  9995
2 73583  70.0000  80.5260 0001000 315.5511 351.4550 15.06000000000014
STARLINK-73584
1 73584U 23013A   25001.00000000  .00000000  00000-0  00000-0 0  9994
2 73584  97.6000 334.0696 0001000 353.1042 308.0213 15.06000000000011
STARLINK-73585
1 73585U 23055A   25001.00000000  .00000000  00000-0  00000-0 0  9991
2 73585  70.0000  27.2898 0001000 340.5929   9.9567 15.06000000000015
STARLINK-73586
1 73586U 22082A   25001.00000000  .00000000  00000-0  00000-0 0  9991
2 73586  53.2000  68.5379 0001000  10.1949 219.5229 15.06000000000017
STARLINK-73587
1 73587U 22023A   25001.00000000  .00000000  00000-0  00000-0 0  9997
2 73587  97.6000  66.7312 0001000 334.6764 219.4208 15.06000000000012
STARLINK-73588
1 73588U 19058A   25001.00000000  .00000000  00000-0  00000-0 0  9992
2 73588  70.0000 326.1350 0001000 113.6888 174.6743 15.06000000000011
STARLINK-73589
1 73589U 23058A   25001.00000000  .00000000  00000-0  00000-0 0  9998
2 73589  43.0000  46.1921 0001000 249.5017  47.3226 15.06000000000010
STARLINK-73590
1 73590U 22001A   25001.00000000  .00000000  00000-0  00000-0 0  9997
2 73590  97.6000 111.3927 0001000 138.0330  64.1476 15.06000000000012
STARLINK-73591
1 73591U 23073A   25001.00000000  .00000000  00000-0  00000-0 0  9998
2 73591  43.0000 300.7295 0001000  89.1874 268.0479 15.06000000000017
STARLINK-73592
1 73592U 22048A   25001.00000000  .00000000  00000-0  00000-0 0  9990
2 73592  70.0000  79.8977 0001000 339.2059 197.5206 15.06000000000017
STARLINK-73593
1 73593U 22027A   25001.00000000  .00000000  00000-0  00000-0 0  9998
2 73593  43.0000 129.6760 0001000 255.4590 242.7209 15.06000000000017
STARLINK-73594
1 73594U 21064A   25001.00000000  .00000000  00000-0  00000-0 0  9999
2 73594  70.0000 161.5091 0001000 163.1938 132.1748 15.06000000000011
STARLINK-73595
1 73595U 20087A   25001.00000000  .00000000  00000-0  00000-0 0  9994
2 73595  53.0000  36.4120 0001000 318.5715 326.2540 15.06000000000011
STARLINK-73596
1 73596U 19087A   25001.00000000  .00000000  00000-0  00000-0 0  9993
2 73596  97.6000  67.4269 0001000 307.4036  53.1964 15.06000000000013
STARLINK-73597
1 73597U 22057A   25001.00000000  .00000000  00000-0  00000-0 0  9995
2 73597  97.6000  50.7745 0001000  88.6473 183.2388 15.06000000000016
STARLINK-73598
1 73598U 21081A   25001.00000000  .00000000  00000-0  00000-0 0  9992
2 73598  53.2000  27.2662 0001000 100.1839 345.9965 15.06000000000016
STARLINK-73599
1 73599U 21053A   25001.00000000  .00000000  00000-0  00000-0 0  9992
2 73599  43.0000 193.4109 0001000  61.4785 274.1318 15.06000000000010
STARLINK-73600
1 73600U 21057A   25001.00000000  .00000000  00000-0  00000-0 0  9999
2 73600  43.0000 164.5572 0001000 327.1405 112.2751 15.06000000000010
STARLINK-73601
1 73601U 20017A   25001.00000000  .00000000  00000-0  00000-0 0  9995
2 73601  70.0000  43.9549 0001000  67.0713 331.8269 15.06000000000010
STARLINK-73602
1 73602U 20020A   25001.00000000  .00000000  00000-0  00000-0 0  9990
2 73602  70.0000 325.5385 0001000  20.2462 302.2669 15.06000000000016
STARLINK-73603
1 73603U 25027A   25001.00000000  .00000000  00000-0  00000-0 0  9993
2 73603  97.6000 152.2025 0001000  83.6524  41.1225 15.06000000000017
STARLINK-73604
1 73604U 24046A   25001.00000000  .00000000  00000-0  00000-0 0  9994
2 73604  97.6000  10.8594 0001000 211.0832 333.2962 15.06000000000010
STARLINK-73605
1 73605U 24053A   25001.00000000  .00000000  00000-0  00000-0 0  9993
2 73605  43.0000 147.8788 0001000 118.3951 347.2737 15.06000000000018
STARLINK-73606
1 73606U 19024A   25001.00000000  .00000000  00000-0  00000-0 0  9996
2 73606  97.6000 134.7731 0001000  58.1566 186.4416 15.06000000000017
STARLINK-73607
1 73607U 21075A   25001.00000000  .00000000  00000-0  00000-0 0  9996
2 73607  97.6000 297.6963 0001000 307.6384 270.8671 15.06000000000015
STARLINK-73608
1 73608U 22100A   25001.00000000  .00000000  00000-0  00000-0 0  9997
2 73608  70.0000 335.1806 0001000 214.9635 135.3256 15.06000000000018
STARLINK-73609
1 73609U 19049A   25001.00000000  .00000000  00000-0  00000-0 0  9996
2 73609  43.0000  37.5669 0001000 198.9798 124.3018 15.06000000000014
STARLINK-73610
1 73610U 19047A   25001.00000000  .00000000  00000-0  00000-0 0  9996
2 73610  53.0000   1.9407 0001000  77.3173  94.6763 15.06000000000015
STARLINK-73611
1 73611U 19082A   25001.00000000  .00000000  00000-0  00000-0 0  9996
2 73611  53.0000 179.8340 0001000 349.1485 138.0459 15.06000000000018
STARLINK-73612
1 73612U 19034A   25001.00000000  .00000000  00000-0  00000-0 0  9994
2 73612  53.2000 247.4429 0001000 150.0091 221.9898 15.06000000000012
STARLINK-73613
1 73613U 23025A   25001.00000000  .00000000  00000-0  00000-0 0  9990
2 73613  53.0000 257.2240 0001000  84.2867 140.0214 15.06000000000013
STARLINK-73614
1 73614U 20003A   25001.00000000  .00000000  00000-0  00000-0 0  9994
2 73614  53.2000 177.8009 0001000 178.8474 102.8336 15.06000000000011
STARLINK-73615
1 73615U 22054A   25001.00000000  .00000000  00000-0  00000-0 0  9993
2 73615  53.0000 106.1726 0001000 251.2348  17.1572 15.06000000000017
STARLINK-73616
1 73616U 20014A   25001.00000000  .00000000  00000-0  00000-0 0  9998
2 73616  70.0000  49.9236 0001000 352.0938 235.7111 15.06000000000019
STARLINK-73617
1 73617U 19050A   25001.00000000  .00000000  00000-0  00000-0 0  9997
2 73617  97.6000 335.3890 0001000  55.0563 189.1766 15.06000000000015
STARLINK-73618
1 73618U 23024A   25001.00000000  .00000000  00000-0  00000-0 0  9994
2 73618  97.6000 111.8991 0001000 317.2405  86.8010 15.06000000000018
STARLINK-73619
1 73619U 24077A   25001.00000000  .00000000  00000-0  00000-0 0  9994
2 73619  53.2000 209.9250 0001000 304.3322 234.6180 15.06000000000010
STARLINK-73620
1 73620U 23087A   25001.00000000  .00000000  00000-0  00000-0 0  9996
2 73620  97.6000  16.9762 0001000 348.0925 314.4550 15.06000000000010
STARLINK-73621
1 73621U 22099A   25001.00000000  .00000000  00000-0  00000-0 0  9999
2 73621  43.0000 247.3718 0001000 148.5568 294.9317 15.06000000000016
STARLINK-73622
1 73622U 25014A   25001.00000000  .00000000  00000-0  00000-0 0  9990
2 73622  43.0000  93.8363 0001000 277.8095 342.8329 15.06000000000014
STARLINK-73623
1 73623U 24052A   25001.00000000  .00000000  00000-0  00000-0 0  9992
2 73623  53.2000 185.4602 0001000 180.9238 328.7085 15.06000000000017
STARLINK-73624
1 73624U 25028A   25001.00000000  .00000000  00000-0  00000-0 0  9997
2 73624  70.0000 187.7104 0001000  65.5258 198.2735 15.06000000000019
STARLINK-73625
1 73625U 20008A   25001.00000000  .00000000  00000-0  00000-0 0  9991
2 73625  53.0000 307.2138 0001000 247.9753 317.6856 15.06000000000014
STARLINK-73626
1 73626U 23073A   25001.00000000  .00000000  00000-0  00000-0 0  9997
2 73626  70.0000 268.8642 0001000 171.5096 265.4817 15.06000000000015
STARLINK-73627
1 73627U 25064A   25001.00000000  .00000000  00000-0  00000-0 0  9990
2 73627  53.0000 288.9440 0001000   9.8010 324.7657 15.06000000000016
STARLINK-73628
1 73628U 20099A   25001.00000000  .00000000  00000-0  00000-0 0  9994
2 73628  43.0000 172.8390 0001000 179.6409 164.4833 15.06000000000014
STARLINK-73629
1 73629U 24011A   25001.00000000  .00000000  00000-0  00000-0 0  9993
2 73629  53.2000  26.3826 0001000 166.6458 148.1715 15.06000000000013
STARLINK-73630
1 73630U 24038A   25001.00000000  .00000000  00000-0  00000-0 0  9994
2 73630  70.0000 323.0642 0001000 157.7170 115.0591 15.06000000000012
STARLINK-73631
1 73631U 20022A   25001.00000000  .00000000  00000-0  00000-0 0  9994
2 73631  53.0000 321.1410 0001000 332.5029 275.0080 15.06000000000012
STARLINK-73632
1 73632U 20051A   25001.00000000  .00000000  00000-0  00000-0 0  9997
2 73632  70.0000  12.0680 0001000 266.3341 213.0802 15.06000000000012
STARLINK-73633
1 73633U 23022A   25001.00000000  .00000000  00000-0  00000-0 0  9999
2 73633  53.0000 231.7327 0001000 348.3092  21.0197 15.06000000000010
STARLINK-73634
1 73634U 24024A   25001.00000000  .00000000  00000-0  00000-0 0  9993
2 73634  70.0000 211.3371 0001000 216.4957 263.6910 15.06000000000015
STARLINK-73635
1 73635U 24031A   25001.00000000  .00000000  00000-0  00000-0 0  9992
2 73635  97.6000 128.7015 0001000   3.0041 235.9455 15.06000000000017
STARLINK-73636
1 73636U 23092A   25001.00000000  .00000000  00000-0  00000-0 0  9999
2 73636  43.0000  91.3461 0001000 352.7038 160.2383 15.06000000000013
STARLINK-73637
1 73637U 24033A   25001.00000000  .00000000  00000-0  00000-0 0  9996
2 73637  97.6000 306.8277 0001000 278.8816 151.3926 15.06000000000014
STARLINK-73638
1 73638U 21091A   25001.00000000  .00000000  00000-0  00000-0 0  9998
2 73638  43.0000 254.0871 0001000 334.9457 198.1871 15.06000000000017
STARLINK-73639
1 73639U 19098A   25001.00000000  .00000000  00000-0  00000-0 0  9993
2 73639  43.0000 271.1260 0001000 109.2540 313.1679 15.06000000000011
STARLINK-73640
1 73640U 24003A   25001.00000000  .00000000  00000-0  00000-0 0  9997
2 73640  53.0000 237.9906 0001000 335.2288 254.4002 15.06000000000018
STARLINK-73641
1 73641U 25055A   25001.00000000  .00000000  00000-0  00000-0 0  9996
2 73641  70.0000 190.4977 0001000 322.7080  41.2391 15.06000000000013
STARLINK-73642
1 73642U 19012A   25001.00000000  .00000000  00000-0  00000-0 0  9993
2 73642  97.6000  30.6012 0001000 308.7257 279.9765 15.06000000000019
STARLINK-73643
1 73643U 20077A   25001.00000000  .00000000  00000-0  00000-0 0  9997
2 73643  97.6000 242.4542 0001000 208.7391 233.8895 15.06000000000012
STARLINK-73644
1 73644U 22099A   25001.00000000  .00000000  00000-0  00000-0 0  9994
2 73644  43.0000  85.8031 0001000 239.0114 260.8718 15.06000000000014
STARLINK-73645
1 73645U 24059A   25001.00000000  .00000000  00000-0  00000-0 0  9993
2 73645  53.2000 310.2281 0001000 171.4818 288.9927 15.06000000000013
STARLINK-73646
1 73646U 21033A   25001.00000000  .00000000  00000-0  00000-0 0  9993
2 73646  53.0000 353.2964 0001000 329.7186 292.4484 15.06000000000011
STARLINK-73647
1 73647U 25056A   25001.00000000  .00000000  00000-0  00000-0 0  9993
2 73647  43.0000 274.4737 0001000  76.3576 350.7512 15.06000000000011
STARLINK-73648
1 73648U 23099A   25001.00000000  .00000000  00000-0  00000-0 0  9999
2 73648  43.0000 209.3531 0001000 142.1566  83.8087 15.06000000000013
STARLINK-73649
1 73649U 21089A   25001.00000000  .00000000  00000-0  00000-0 0  9997
2 73649  97.6000 145.4317 0001000 166.0987 353.4360 15.06000000000013
STARLINK-73650
1 73650U 24002A   25001.00000000  .00000000  00000-0  00000-0 0  9997
2 73650  97.6000 307.7420 0001000 236.0050 135.3612 15.06000000000019
STARLINK-73651
1 73651U 20067A   25001.00000000  .00000000  00000-0  00000-0 0  9995
2 73651  70.0000  48.6342 0001000 207.1681 310.9452 15.06000000000011
STARLINK-73652
1 73652U 20091A   25001.00000000  .00000000  00000-0  00000-0 0  9993
2 73652  70.0000 243.7887 0001000   3.0956 295.2437 15.06000000000010
STARLINK-73653
1 73653U 22063A   25001.00000000  .00000000  00000-0  00000-0 0  9995
2 73653  53.2000 138.6495 0001000 105.1329 169.6207 15.06000000000018
STARLINK-73654
1 73654U 19082A   25001.00000000  .00000000  00000-0  00000-0 0  9993
2 73654  70.0000 310.7905 0001000 129.7059 293.3533 15.06000000000014
STARLINK-73655
1 73655U 23093A   25001.00000000  .00000000  00000-0  00000-0 0  9991
2 73655  53.2000  18.0712 0001000 142.8198 326.4867 15.06000000000010
STARLINK-73656
1 73656U 20055A   25001.00000000  .00000000  00000-0  00000-0 0  9997
2 73656  53.0000 258.7261 0001000 203.0295  87.4954 15.06000000000010
STARLINK-73657
1 73657U 23076A   25001.00000000  .00000000  00000-0  00000-0 0  9994
2 73657  70.0000 207.5634 0001000 186.5220  11.6475 15.06000000000016
STARLINK-73658
1 73658U 24004A   25001.00000000  .00000000  00000-0  00000-0 0  9997
2 73658  70.0000 101.2651 0001000   8.8505 217.9483 15.06000000000018
STARLINK-73659
1 73659U 19076A   25001.00000000  .00000000  00000-0  00000-0 0  9991
2 73659  70.0000   3.5207 0001000 270.5601 282.4190 15.06000000000017
STARLINK-73660
1 73660U 23055A   25001.00000000  .00000000  00000-0  00000-0 0  9995
2 73660  70.0000 106.0588 0001000 149.6805 169.4705 15.06000000000018
STARLINK-73661
1 73661U 21026A   25001.00000000  .00000000  00000-0  00000-0 0  9992
2 73661  43.0000 266.2046 0001000  26.5029 106.9508 15.06000000000015
STARLINK-73662
1 73662U 21024A   25001.00000000  .00000000  00000-0  00000-0 0  9991
2 73662  53.0000  95.9706 0001000  58.2495 153.5093 15.06000000000013
STARLINK-73663
1 73663U 21079A   25001.00000000  .00000000  00000-0  00000-0 0  9992
2 73663  53.2000 136.7196 0001000 120.6301  59.1135 15.06000000000011
STARLINK-73664
1 73664U 20044A   25001.00000000  .00000000  00000-0  00000-0 0  9994
2 73664  97.6000 226.7313 0001000 310.5767 227.8549 15.06000000000014
STARLINK-73665
1 73665U 24086A   25001.00000000  .00000000  00000-0  00000-0 0  9995
2 73665  43.0000 326.9112 0001000 246.0116 105.6171 15.06000000000015
STARLINK-73666
1 73666U 21008A   25001.00000000  .00000000  00000-0  00000-0 0  9997
2 73666  53.2000 254.3419 0001000  63.2364 306.9729 15.06000000000012
STARLINK-73667
1 73667U 21063A   25001.00000000  .00000000  00000-0  00000-0 0  9999
2 73667  43.0000 226.3935 0001000 262.8035 103.4974 15.06000000000016
STARLINK-73668
1 73668U 20085A   25001.00000000  .00000000  00000-0  00000-0 0  9993
2 73668  53.2000 232.6822 0001000   6.0489  29.8183 15.06000000000019
STARLINK-73669
1 73669U 20089A   25001.00000000  .00000000  00000-0  00000-0 0  9998
2 73669  53.0000 301.6836 0001000 266.2341 208.7066 15.06000000000015
STARLINK-73670
1 73670U 22020A   25001.00000000  .00000000  00000-0  00000-0 0  9997
2 73670  53.0000 301.3791 0001000 170.6171  22.4635 15.06000000000016
STARLINK-73671
1 73671U 25028A   25001.00000000  .00000000  00000-0  00000-0 0  9999
2 73671  53.0000 299.3692 0001000 279.5050 114.3221 15.06000000000010
STARLINK-73672
1 73672U 19008A   25001.00000000  .00000000  00000-0  00000-0 0  9991
2 73672  70.0000 105.5644 0001000 181.0508 316.6136 15.06000000000012
STARLINK-73673
1 73673U 25032A   25001.00000000  .00000000  00000-0  00000-0 0  9996
2 73673  97.6000 146.4171 0001000  12.1742  58.0386 15.06000000000015
STARLINK-73674
1 73674U 24021A   25001.00000000  .00000000  00000-0  00000-0 0  9994
2 73674  53.2000 357.4494 0001000  53.1507 101.7351 15.06000000000018
STARLINK-73675
1 73675U 25044A   25001.00000000  .00000000  00000-0  00000-0 0  9991
2 73675  70.0000  42.3797 0001000 268.8151  62.5524 15.06000000000018
STARLINK-73676
1 73676U 25026A   25001.00000000  .00000000  00000-0  00000-0 0  9992
2 73676  53.2000 223.2517 0001000 263.7054  66.3794 15.06000000000019
STARLINK-73677
1 73677U 22020A   25001.00000000  .00000000  00000-0  00000-0 0  9994
2 73677  53.0000  24.6504 0001000  66.4251 213.1415 15.06000000000016
STARLINK-73678
1 73678U 19090A   25001.00000000  .00000000  00000-0  00000-0 0  9998
2 73678  43.0000 110.5784 0001000  40.7107 274.0931 15.06000000000015
STARLINK-73679
1 73679U 20041A   25001.00000000  .00000000  00000-0  00000-0 0  9997
2 73679  53.2000 215.0075 0001000 310.3943 284.0143 15.06000000000013
STARLINK-73680
1 73680U 21064A   25001.00000000  .00000000  00000-0  00000-0 0  9995
2 73680  53.2000   6.2537 0001000 326.8748  73.4403 15.06000000000012
STARLINK-73681
1 73681U 23092A   25001.00000000  .00000000  00000-0  00000-0 0  9999
2 73681  43.0000 277.2201 0001000 253.2041 354.2758 15.06000000000010
STARLINK-73682
1 73682U 23047A   25001.00000000  .00000000  00000-0  00000-0 0  9990
2 73682  53.2000  96.9343 0001000   7.1801 210.3412 15.06000000000016
STARLINK-73683
1 73683U 20081A   25001.00000000  .00000000  00000-0  00000-0 0  9996
2 73683  53.2000  85.0792 0001000 134.7544 321.7895 15.06000000000017
STARLINK-73684
1 73684U 25073A   25001.00000000  .00000000  00000-0  00000-0 0  9993
2 73684  53.2000  65.7513 0001000 349.1869   4.9087 15.06000000000019
STARLINK-73685
1 73685U 20020A   25001.00000000  .00000000  00000-0  00000-0 0  9991
2 73685  43.0000 296.9377 0001000 321.8752 309.9575 15.06000000000011
STARLINK-73686
1 73686U 25024A   25001.00000000  .00000000  00000-0  00000-0 0  9991
2 73686  70.0000 204.7244 0001000 115.9882 210.0047 15.06000000000014
STARLINK-73687
1 73687U 23065A   25001.00000000  .00000000  00000-0  00000-0 0  9995
2 73687  53.2000   1.2324 0001000 242.5817 250.6566 15.06000000000018
STARLINK-73688
1 73688U 22054A   25001.00000000  .00000000  00000-0  00000-0 0  9993
2 73688  97.6000 117.9478 0001000  50.8436 235.4127 15.06000000000017
STARLINK-73689
1 73689U 25097A   25001.00000000  .00000000  00000-0  00000-0 0  9994
2 73689  53.2000   2.4556 0001000 227.7430 359.4825 15.06000000000012
STARLINK-73690
1 73690U 23080A   25001.00000000  .00000000  00000-0  00000-0 0  9996
2 73690  70.0000 259.6648 0001000 266.4121 101.1985 15.06000000000015
STARLINK-73691
1 73691U 23069A   25001.00000000  .00000000  00000-0  00000-0 0  9994
2 73691  53.2000 167.3445 0001000 317.4131 227.4676 15.06000000000016
STARLINK-73692
1 73692U 25073A   25001.00000000  .00000000  00000-0  00000-0 0  9992
2 73692  70.0000 204.9704 0001000  43.9558 251.4860 15.06000000000016
STARLINK-73693
1 73693U 23091A   25001.00000000  .00000000  00000-0  00000-0 0  9991
2 73693  70.0000 147.7374 0001000 326.0349 140.8664 15.06000000000010
STARLINK-73694
1 73694U 22040A   25001.00000000  .00000000  00000-0  00000-0 0  9995
2 73694  43.0000  99.8625 0001000 127.8290  15.9981 15.06000000000013
STARLINK-73695
1 73695U 22079A   25001.00000000  .00000000  00000-0  00000-0 0  9998
2 73695  53.2000 293.1811 0001000 311.1856 205.1581 15.06000000000018
STARLINK-73696
1 73696U 25044A   25001.00000000  .00000000  00000-0  00000-0 0  9994
2 73696  53.2000 288.2234 0001000 285.6265  99.0017 15.06000000000016
STARLINK-73697
1 73697U 25048A   25001.00000000  .00000000  00000-0  00000-0 0  9999
2 73697  43.0000 316.7453 0001000 251.0827  34.3159 15.06000000000014
STARLINK-73698
1 73698U 20010A   25001.00000000  .00000000  00000-0  00000-0 0  9994
2 73698  53.0000 132.6597 0001000 178.5943 144.3174 15.06000000000011
STARLINK-73699
1 73699U 25088A   25001.00000000  .00000000  00000-0  00000-0 0  9995
2 73699  70.0000  78.8006 0001000 229.1924 254.2832 15.06000000000011
STARLINK-73700
1 73700U 25026A   25001.00000000  .00000000  00000-0  00000-0 0  9990
2 73700  43.0000  20.9998 0001000 353.5245 266.5633 15.06000000000015
STARLINK-73701
1 73701U 23043A   25001.00000000  .00000000  00000-0  00000-0 0  9998
2 73701  97.6000 256.3368 0001000 341.3581  47.0356 15.06000000000019
STARLINK-73702
1 73702U 24079A   25001.00000000  .00000000  00000-0  00000-0 0  9999
2 73702  53.2000 124.5465 0001000 215.1128 354.2769 15.06000000000018
STARLINK-73703
1 73703U 20084A   25001.00000000  .00000000  00000-0  00000-0 0  9992
2 73703  70.0000 190.2354 0001000 233.2892  64.4822 15.06000000000012
STARLINK-73704
1 73704U 25051A   25001.00000000  .00000000  00000-0  00000-0 0  9992
2 73704  53.2000 112.1034 0001000  54.2814 179.8812 15.06000000000019
STARLINK-73705
1 73705U 22009A   25001.00000000  .00000000  00000-0  00000-0 0  9993
2 73705  70.0000  87.3188 0001000 293.6599 278.5128 15.06000000000016
STARLINK-73706
1 73706U 25049A   25001.00000000  .00000000  00000-0  00000-0 0  9991
2 73706  53.2000 106.4359 0001000  60.0305 173.9093 15.06000000000013
STARLINK-73707
1 73707U 22029A   25001.00000000  .00000000  00000-0  00000-0 0  9997
2 73707  70.0000  34.8270 0001000  55.4347 285.9063 15.06000000000012
STARLINK-73708
1 73708U 23062A   25001.00000000  .00000000  00000-0  00000-0 0  9996
2 73708  53.2000 228.6654 0001000  88.1230  16.6159 15.06000000000014
STARLINK-73709
1 73709U 19036A   25001.00000000  .00000000  00000-0  00000-0 0  9993
2 73709  70.0000  99.0281 0001000 291.9206 174.9289 15.06000000000017
STARLINK-73710
1 73710U 23097A   25001.00000000  .00000000  00000-0  00000-0 0  9997
2 73710  97.6000 216.9710 0001000 314.8863 343.3719 15.06000000000015
STARLINK-73711
1 73711U 24028A   25001.00000000  .00000000  00000-0  00000-0 0  9993
2 73711  53.2000 312.3281 0001000 268.8043 355.8628 15.06000000000013
STARLINK-73712
1 73712U 23060A   25001.00000000  .00000000  00000-0  00000-0 0  9999
2 73712  70.0000 186.8505 0001000  36.5905  78.9794 15.06000000000018
STARLINK-73713
1 73713U 23059A   25001.00000000  .00000000  00000-0  00000-0 0  9998
2 73713  53.2000 126.9269 0001000  44.0209 185.2065 15.06000000000018
STARLINK-73714
1 73714U 25070A   25001.00000000  .00000000  00000-0  00000-0 0  9994
2 73714  70.0000 117.0376 0001000 258.4341  71.0260 15.06000000000013
STARLINK-73715
1 73715U 25016A   25001.00000000  .00000000  00000-0  00000-0 0  9995
2 73715  97.6000 223.3135 0001000 171.1225 101.9238 15.06000000000013
STARLINK-73716
1 73716U 21077A   25001.00000000  .00000000  00000-0  00000-0 0  9999
2 73716  70.0000 299.0436 0001000 145.3225 110.9961 15.06000000000019
STARLINK-73717
1 73717U 22051A   25001.00000000  .00000000  00000-0  00000-0 0  9993
2 73717  97.6000 114.8171 0001000 159.8047  43.5336 15.06000000000014
STARLINK-73718
1 73718U 19015A   25001.00000000  .00000000  00000-0  00000-0 0  9990
2 73718  43.0000 263.4753 0001000  80.9005  16.4112 15.06000000000016
STARLINK-73719
1 73719U 19019A   25001.00000000  .00000000  00000-0  00000-0 0  9995
2 73719  53.0000 174.5205 0001000  61.7297  67.5130 15.06000000000019
STARLINK-73720
1 73720U 22048A   25001.00000000  .00000000  00000-0  00000-0 0  9993
2 73720  53.0000  27.4816 0001000 331.9685  89.6222 15.06000000000015
STARLINK-73721
1 73721U 24064A   25001.00000000  .00000000  00000-0  00000-0 0  9994
2 73721  70.0000  43.7291 0001000 342.8544 140.2508 15.06000000000019
STARLINK-73722
1 73722U 23089A   25001.00000000  .00000000  00000-0  00000-0 0  9991
2 73722  53.0000 227.6269 0001000  50.2137 294.0743 15.06000000000016
STARLINK-73723
1 73723U 23050A   25001.00000000  .00000000  00000-0  00000-0 0  9990
2 73723  43.0000 349.4428 0001000  59.8194  64.8565 15.06000000000019
STARLINK-73724
1 73724U 20017A   25001.00000000  .00000000  00000-0  00000-0 0  9991
2 73724  43.0000 258.1742 0001000 263.1068  45.6052 15.06000000000013
STARLINK-73725
1 73725U 21036A   25001.00000000  .00000000  00000-0  00000-0 0  9994
2 73725  43.0000 291.2011 0001000 243.2188  68.9828 15.06000000000012
STARLINK-73726
1 73726U 25043A   25001.00000000  .00000000  00000-0  00000-0 0  9997
2 73726  97.6000 252.6281 0001000  32.7058  48.1907 15.06000000000013
STARLINK-73727
1 73727U 24096A   25001.00000000  .00000000  00000-0  00000-0 0  9995
2 73727  70.0000  37.5530 0001000  98.2094 118.6858 15.06000000000011
STARLINK-73728
1 73728U 23008A   25001.00000000  .00000000  00000-0  00000-0 0  9998
2 73728  70.0000 260.1752 0001000 176.3880 161.4606 15.06000000000010
STARLINK-73729
1 73729U 19099A   25001.00000000  .00000000  00000-0  00000-0 0  9994
2 73729  97.6000 290.1488 0001000 101.9860 177.7377 15.06000000000012
STARLINK-73730
1 73730U 24069A   25001.00000000  .00000000  00000-0  00000-0 0  9999
2 73730  53.0000  87.9282 0001000 318.6337 251.3393 15.06000000000017
STARLINK-73731
1 73731U 19031A   25001.00000000  .00000000  00000-0  00000-0 0  9993
2 73731  70.0000 273.8528 0001000 185.2065 192.0102 15.06000000000011
STARLINK-73732
1 73732U 24007A   25001.00000000  .00000000  00000-0  00000-0 0  9993
2 73732  53.0000 171.0362 0001000  46.5132 238.2310 15.06000000000016
STARLINK-73733
1 73733U 23020A   25001.00000000  .00000000  00000-0  00000-0 0  9998
2 73733  97.6000 125.7704 0001000 247.9741  55.6702 15.06000000000016
STARLINK-73734
1 73734U 25068A   25001.00000000  .00000000  00000-0  00000-0 0  9993
2 73734  43.0000 167.5438 0001000  77.7335 264.1509 15.06000000000010
STARLINK-73735
1 73735U 20019A   25001.00000000  .00000000  00000-0  00000-0 0  9995
2 73735  97.6000 276.4689 0001000 140.8098 329.4627 15.06000000000018
STARLINK-73736
1 73736U 20021A   25001.00000000  .00000000  00000-0  00000-0 0  9999
2 73736  97.6000  79.4222 0001000 118.0274  66.1851 15.06000000000010
STARLINK-73737
1 73737U 23068A   25001.00000000  .00000000  00000-0  00000-0 0  9994
2 73737  97.6000 329.5285 0001000 283.2559  64.3453 15.06000000000018
STARLINK-73738
1 73738U 21049A   25001.00000000  .00000000  00000-0  00000-0 0  9992
2 73738  70.0000 293.9687 0001000 334.5601 199.5404 15.06000000000019
STARLINK-73739
1 73739U 23060A   25001.00000000  .00000000  00000-0  00000-0 0  9998
2 73739  43.0000  73.3982 0001000 329.5327 228.3629 15.06000000000017
STARLINK-73740
1 73740U 23026A   25001.00000000  .00000000  00000-0  00000-0 0  9992
2 73740  43.0000 355.3526 0001000 245.3886  48.7869 15.06000000000011
STARLINK-73741
1 73741U 25096A   25001.00000000  .00000000  00000-0  00000-0 0  9992
2 73741  97.6000 213.1437 0001000 233.7452 102.9430 15.06000000000016
STARLINK-73742
1 73742U 21083A   25001.00000000  .00000000  00000-0  00000-0 0  9995
2 73742  97.6000 239.3578 0001000 154.0696  19.0040 15.06000000000013
STARLINK-73743
1 73743U 23089A   25001.00000000  .00000000  00000-0  00000-0 0  9994
2 73743  70.0000  89.4624 0001000  66.2319 195.2103 15.06000000000018
STARLINK-73744
1 73744U 23052A   25001.00000000  .00000000  00000-0  00000-0 0  9995
2 73744  53.0000 189.8029 0001000 304.5386 274.9058 15.06000000000010
STARLINK-73745
1 73745U 22044A   25001.00000000  .00000000  00000-0  00000-0 0  9996
2 73745  43.0000 310.9178 0001000  21.2128  54.3820 15.06000000000016
STARLINK-73746
1 73746U 25059A   25001.00000000  .00000000  00000-0  00000-0 0  9996
2 73746  53.2000 146.4764 0001000 357.1004 151.7184 15.06000000000012
STARLINK-73747
1 73747U 22025A   25001.00000000  .00000000  00000-0  00000-0 0  9997
2 73747  53.2000 313.5559 0001000  24.9635  58.2807 15.06000000000014
STARLINK-73748
1 73748U 24065A   25001.00000000  .00000000  00000-0  00000-0 0  9994
2 73748  53.0000 105.1265 0001000 354.7818 333.1712 15.06000000000019
STARLINK-73749
1 73749U 20074A   25001.00000000  .00000000  00000-0  00000-0 0  9991
2 73749  53.2000  54.2383 0001000 220.7157 206.8138 15.06000000000013
STARLINK-73750
1 73750U 21033A   25001.00000000  .00000000  00000-0  00000-0 0  9999
2 73750  43.0000 262.1917 0001000 213.2431 238.7695 15.06000000000019
STARLINK-73751
1 73751U 23074A   25001.00000000  .00000000  00000-0  00000-0 0  9997
2 73751  53.0000  68.6720 0001000  71.4202  45.2097 15.06000000000019
STARLINK-73752
1 73752U 20067A   25001.00000000  .00000000  00000-0  00000-0 0  9997
2 73752  97.6000 120.6971 0001000 119.4334  37.1607 15.06000000000017
STARLINK-73753
1 73753U 22090A   25001.00000000  .00000000  00000-0  00000-0 0  9996
2 73753  70.0000 136.8633 0001000  83.8741 240.0828 15.06000000000013
STARLINK-73754
1 73754U 22067A   25001.00000000  .00000000  00000-0  00000-0 0  9991
2 73754  43.0000  93.3295 0001000 104.4756 106.6072 15.06000000000019
STARLINK-73755
1 73755U 19042A   25001.00000000  .00000000  00000-0  00000-0 0  9991
2 73755  43.0000 331.0161 0001000 183.8008 216.2434 15.06000000000015
STARLINK-73756
1 73756U 24022A   25001.00000000  .00000000  00000-0  00000-0 0  9996
2 73756  53.2000  21.5254 0001000 121.9522   2.0166 15.06000000000010
STARLINK-73757
1 73757U 21027A   25001.00000000  .00000000  00000-0  00000-0 0  9999
2 73757  97.6000 349.3342 0001000 239.9338 300.3177 15.06000000000013
STARLINK-73758
1 73758U 20096A   25001.00000000  .00000000  00000-0  00000-0 0  9995
2 73758  70.0000 111.7947 0001000 142.6345 318.7625 15.06000000000010
STARLINK-73759
1 73759U 21049A   25001.00000000  .00000000  00000-0  00000-0 0  9995
2 73759  70.0000  69.9696 0001000 339.4327 349.3416 15.06000000000010
STARLINK-73760
1 73760U 19076A   25001.00000000  .00000000  00000-0  00000-0 0  9994
2 73760  53.0000 325.6530 0001000  39.9449 211.8732 15.06000000000013
STARLINK-73761
1 73761U 23001A   25001.00000000  .00000000  00000-0  00000-0 0  9998
2 73761  70.0000 175.8678 0001000   8.5737 173.5841 15.06000000000018
STARLINK-73762
1 73762U 24005A   25001.00000000  .00000000  00000-0  00000-0 0  9994
2 73762  97.6000 284.8754 0001000 162.7143 169.9527 15.06000000000014
STARLINK-73763
1 73763U 20077A   25001.00000000  .00000000  00000-0  00000-0 0  9990
2 73763  53.2000 126.2476 0001000 181.6333  16.8490 15.06000000000013
STARLINK-73764
1 73764U 25002A   25001.00000000  .00000000  00000-0  00000-0 0  9994
2 73764  43.0000 355.6483 0001000 318.3375 123.0944 15.06000000000017
STARLINK-73765
1 73765U 19082A   25001.00000000  .00000000  00000-0  00000-0 0  9996
2 73765  53.2000 353.0307 0001000  58.0811 274.7996 15.06000000000012
STARLINK-73766
1 73766U 23019A   25001.00000000  .00000000  00000-0  00000-0 0  9992
2 73766  70.0000 280.3284 0001000  46.2777 203.4040 15.06000000000015
STARLINK-73767
1 73767U 23076A   25001.00000000  .00000000  00000-0  00000-0 0  9996
2 73767  43.0000  53.5056 0001000 152.0681 226.8658 15.06000000000017
STARLINK-73768
1 73768U 22092A   25001.00000000  .00000000  00000-0  00000-0 0  9994
2 73768  97.6000 111.7683 0001000 237.5822 145.6541 15.06000000000011
STARLINK-73769
1 73769U 23032A   25001.00000000  .00000000  00000-0  00000-0 0  9990
2 73769  43.0000  16.3085 0001000 302.6214  89.0370 15.06000000000013
STARLINK-73770
1 73770U 19002A   25001.00000000  .00000000  00000-0  00000-0 0  9994
2 73770  53.2000 138.8592 0001000 341.5535  85.7661 15.06000000000015
STARLINK-73771
1 73771U 23004A   25001.00000000  .00000000  00000-0  00000-0 0  9992
2 73771  97.6000 351.4813 0001000  63.9077 349.1632 15.06000000000018
STARLINK-73772
1 73772U 22067A   25001.00000000  .00000000  00000-0  00000-0 0  9991
2 73772  53.2000 218.0643 0001000  81.9239 177.0947 15.06000000000013
STARLINK-73773
1 73773U 20006A   25001.00000000  .00000000  00000-0  00000-0 0  9993
2 73773  97.6000 120.5793 0001000 210.2884 226.8312 15.06000000000011
STARLINK-73774
1 73774U 21030A   25001.00000000  .00000000  00000-0  00000-0 0  9992
2 73774  53.0000 229.4307 0001000 153.2946  67.6277 15.06000000000014
STARLINK-73775
1 73775U 23037A   25001.00000000  .00000000  00000-0  00000-0 0  9992
2 73775  53.2000 192.4668 0001000 338.3390 159.0159 15.06000000000010
STARLINK-73776
1 73776U 20086A   25001.00000000  .00000000  00000-0  00000-0 0  9994
2 73776  97.6000 105.7994 0001000 148.2714 230.7778 15.06000000000014
STARLINK-73777
1 73777U 19072A   25001.00000000  .00000000  00000-0  00000-0 0  9998
2 73777  70.0000 140.2139 0001000 113.8402  18.4181 15.06000000000016
STARLINK-73778
1 73778U 24052A   25001.00000000  .00000000  00000-0  00000-0 0  9993
2 73778  43.0000 198.2546 0001000 349.0014 121.9864 15.06000000000012
STARLINK-73779
1 73779U 20080A   25001.00000000  .00000000  00000-0  00000-0 0  9991
2 73779  70.0000 318.1718 0001000 255.4641  74.0075 15.06000000000015
STARLINK-73780
1 73780U 25033A   25001.00000000  .00000000  00000-0  00000-0 0  9996
2 73780  97.6000 309.5040 0001000 331.8297 274.0863 15.06000000000017
STARLINK-73781
1 73781U 23032A   25001.00000000  .00000000  00000-0  00000-0 0  9994
2 73781  43.0000 215.8405 0001000  95.7317 305.1417 15.06000000000017
STARLINK-73782
1 73782U 19081A   25001.00000000  .00000000  00000-0  00000-0 0  9994
2 73782  53.2000 263.1229 0001000 289.0190 171.4521 15.06000000000018
STARLINK-73783
1 73783U 21065A   25001.00000000  .00000000  00000-0  00000-0 0  9990
2 73783  43.0000 274.7014 0001000  14.8278 117.1903 15.06000000000018
STARLINK-73784
1 73784U 23002A   25001.00000000  .00000000  00000-0  00000-0 0  9994
2 73784  53.0000 203.6193 0001000 195.5955 330.0716 15.06000000000016
STARLINK-73785
1 73785U 24058A   25001.00000000  .00000000  00000-0  00000-0 0  9997
2 73785  70.0000 328.6848 0001000 139.2052 266.0241 15.06000000000015
STARLINK-73786
1 73786U 25094A   25001.00000000  .00000000  00000-0  00000-0 0  9999
2 73786  53.0000  82.8018 0001000  99.8664 331.7125 15.06000000000016
STARLINK-73787
1 73787U 22032A   25001.00000000  .00000000  00000-0  00000-0 0  9999
2 73787  53.0000  38.2081 0001000  51.3460   1.3907 15.06000000000017
STARLINK-73788
1 73788U 19093A   25001.00000000  .00000000  00000-0  00000-0 0  9993
2 73788  53.2000 351.4454 0001000 257.4192 270.5090 15.06000000000018
STARLINK-73789
1 73789U 21006A   25001.00000000  .00000000  00000-0  00000-0 0  9991
2 73789  70.0000  22.3498 0001000  85.4624   7.1183 15.06000000000014
STARLINK-73790
1 73790U 22070A   25001.00000000  .00000000  00000-0  00000-0 0  9995
2 73790  53.0000 143.1108 0001000  27.7545 258.3067 15.06000000000019
STARLINK-73791
1 73791U 21014A   25001.00000000  .00000000  00000-0  00000-0 0  9993
2 73791  70.0000  93.4840 0001000 151.7799 320.5656 15.06000000000014
STARLINK-73792
1 73792U 23027A   25001.00000000  .00000000  00000-0  00000-0 0  9990
2 73792  70.0000 168.5166 0001000 207.1708 336.4074 15.06000000000016
STARLINK-73793
1 73793U 19013A   25001.00000000  .00000000  00000-0  00000-0 0  9991
2 73793  53.2000   4.5931 0001000 181.7348  78.4467 15.06000000000015
STARLINK-73794
1 73794U 20068A   25001.00000000  .00000000  00000-0  00000-0 0  9994
2 73794  43.0000 287.7169 0001000 159.2624 338.1345 15.06000000000019
STARLINK-73795
1 73795U 20040A   25001.00000000  .00000000  00000-0  00000-0 0  9995
2 73795  53.2000 141.1962 0001000 136.9412 236.9125 15.06000000000015
STARLINK-73796
1 73796U 24088A   25001.00000000  .00000000  00000-0  00000-0 0  9992
2 73796  43.0000 339.6160 0001000  77.0069 297.6912 15.06000000000018
STARLINK-73797
1 73797U 25059A   25001.00000000  .00000000  00000-0  00000-0 0  9992
2 73797  70.0000  33.9635 0001000 359.6837 124.5489 15.06000000000019
STARLINK-73798
1 73798U 25066A   25001.00000000  .00000000  00000-0  00000-0 0  9991
2 73798  43.0000 139.8747 0001000 158.9472 275.5752 15.06000000000015
STARLINK-73799
1 73799U 20010A   25001.00000000  .00000000  00000-0  00000-0 0  9996
2 73799  70.0000 182.9902 0001000 353.4059  14.6336 15.06000000000011
STARLINK-73800
1 73800U 19070A   25001.00000000  .00000000  00000-0  00000-0 0  9993
2 73800  70.0000 307.9957 0001000 355.7856 117.4087 15.06000000000018
STARLINK-73801
1 73801U 25075A   25001.00000000  .00000000  00000-0  00000-0 0  9996
2 73801  97.6000 258.8503 0001000 146.0763  52.5907 15.06000000000013
STARLINK-73802
1 73802U 25074A   25001.00000000  .00000000  00000-0  00000-0 0  9996
2 73802  97.6000 265.2650 0001000  95.3994 251.1409 15.06000000000015
STARLINK-73803
1 73803U 20094A   25001.00000000  .00000000  00000-0  00000-0 0  9994
2 73803  53.0000 304.7615 0001000 350.3891 343.1454 15.06000000000014
STARLINK-73804
1 73804U 22041A   25001.00000000  .00000000  00000-0  00000-0 0  9999
2 73804  43.0000 124.8030 0001000 144.6218  70.8272 15.06000000000015
STARLINK-73805
1 73805U 23037A   25001.00000000  .00000000  00000-0  00000-0 0  9996
2 73805  53.2000  17.3236 0001000 341.2186 308.5830 15.06000000000013
STARLINK-73806
1 73806U 22088A   25001.00000000  .00000000  00000-0  00000-0 0  9992
2 73806  53.2000 197.1609 0001000 205.0660 216.9766 15.06000000000019
STARLINK-73807
1 73807U 25036A   25001.00000000  .00000000  00000-0  00000-0 0  9999
2 73807  43.0000 283.1450 0001000 220.0578  69.4163 15.06000000000014
STARLINK-73808
1 73808U 25020A   25001.00000000  .00000000  00000-0  00000-0 0  9993
2 73808  53.0000 323.6224 0001000  21.2853  39.7057 15.06000000000014
STARLINK-73809
1 73809U 20052A   25001.00000000  .00000000  00000-0  00000-0 0  9994
2 73809  53.0000 156.7592 0001000 273.8122 355.8483 15.06000000000017
STARLINK-73810
1 73810U 20024A   25001.00000000  .00000000  00000-0  00000-0 0  9995
2 73810  53.2000  52.0132 0001000 132.1545 227.1651 15.06000000000013
STARLINK-73811
1 73811U 25008A   25001.00000000  .00000000  00000-0  00000-0 0  9993
2 73811  70.0000 175.0486 0001000  58.6864 349.7360 15.06000000000013
STARLINK-73812
1 73812U 24084A   25001.00000000  .00000000  00000-0  00000-0 0  9997
2 73812  53.2000 340.9433 0001000  98.2772  36.2950 15.06000000000013
STARLINK-73813
1 73813U 19062A   25001.00000000  .00000000  00000-0  00000-0 0  9998
2 73813  97.6000  48.8880 0001000  26.9997  42.4758 15.06000000000018
STARLINK-73814
1 73814U 25045A   25001.00000000  .00000000  00000-0  00000-0 0  9997
2 73814  70.0000 138.7343 0001000 135.6129 209.8071 15.06000000000019
STARLINK-73815
1 73815U 23070A   25001.00000000  .00000000  00000-0  00000-0 0  9994
2 73815  97.6000  94.6609 0001000 193.1585 320.5403 15.06000000000015
STARLINK-73816
1 73816U 21044A   25001.00000000  .00000000  00000-0  00000-0 0  9994
2 73816  43.0000 148.7078 0001000 120.4176 311.7479 15.06000000000016
STARLINK-73817
1 73817U 20073A   25001.00000000  .00000000  00000-0  00000-0 0  9996
2 73817  43.0000   5.9486 0001000 334.4341  16.2300 15.06000000000015
STARLINK-73818
1 73818U 20054A   25001.00000000  .00000000  00000-0  00000-0 0  9996
2 73818  53.0000 298.5853 0001000 181.3010 342.1777 15.06000000000016
STARLINK-73819
1 73819U 22059A   25001.00000000  .00000000  00000-0  00000-0 0  9994
2 73819  53.0000 115.1901 0001000  82.5794 108.8717 15.06000000000017
STARLINK-73820
1 73820U 23064A   25001.00000000  .00000000  00000-0  00000-0 0  9993
2 73820  97.6000 282.5253 0001000  21.0256 357.1037 15.06000000000017
STARLINK-73821
1 73821U 19013A   25001.00000000  .00000000  00000-0  00000-0 0  9993
2 73821  70.0000 244.6169 0001000 150.3298 312.1142 15.06000000000018
STARLINK-73822
1 73822U 22059A   25001.00000000  .00000000  00000-0  00000-0 0  9998
2 73822  43.0000 237.3745 0001000 105.2666 239.4309 15.06000000000012
STARLINK-73823
1 73823U 25077A   25001.00000000  .00000000  00000-0  00000-0 0  9992
2 73823  97.6000 253.7664 0001000 346.2116 313.8785 15.06000000000012
STARLINK-73824
1 73824U 24001A   25001.00000000  .00000000  00000-0  00000-0 0  9999
2 73824  70.0000 270.5237 0001000  86.9976 259.5203 15.06000000000014
STARLINK-73825
1 73825U 25008A   25001.00000000  .00000000  00000-0  00000-0 0  9998
2 73825  53.0000 171.7068 0001000 115.4613 293.5555 15.06000000000014
STARLINK-73826
1 73826U 20076A   25001.00000000  .00000000  00000-0  00000-0 0  9999
2 73826  53.2000  31.3287 0001000 236.2757 215.6791 15.06000000000019
STARLINK-73827
1 73827U 19017A   25001.00000000  .00000000  00000-0  00000-0 0  9993
2 73827  97.6000 200.4488 0001000  96.4525 285.1550 15.06000000000018
STARLINK-73828
1 73828U 19007A   25001.00000000  .00000000  00000-0  00000-0 0  9993
2 73828  70.0000   5.8077 0001000 243.9834 265.7077 15.06000000000015
STARLINK-73829
1 73829U 22037A   25001.00000000  .00000000  00000-0  00000-0 0  9991
2 73829  53.2000   3.9124 0001000 198.3342 282.3287 15.06000000000016
STARLINK-73830
1 73830U 24076A   25001.00000000  .00000000  00000-0  00000-0 0  9998
2 73830  53.2000  73.8191 0001000 224.9788  83.3747 15.06000000000018
STARLINK-73831
1 73831U 22004A   25001.00000000  .00000000  00000-0  00000-0 0  9998
2 73831  53.0000 239.6252 0001000  14.8913  15.1842 15.06000000000012
STARLINK-73832
1 73832U 25072A   25001.00000000  .00000000  00000-0  00000-0 0  9997
2 73832  70.0000 139.1308 0001000 102.1030 160.2393 15.06000000000012
STARLINK-73833
1 73833U 23026A   25001.00000000  .00000000  00000-0  00000-0 0  9995
2 73833  97.6000 308.5906 0001000 330.0837 157.8363 15.06000000000010
STARLINK-73834
1 73834U 25011A   25001.00000000  .00000000  00000-0  00000-0 0  9992
2 73834  97.6000  60.2054 0001000 351.9557  35.0003 15.06000000000016
STARLINK-73835
1 73835U 23039A   25001.00000000  .00000000  00000-0  00000-0 0  9991
2 73835  70.0000  65.1760 0001000 243.5358  13.2712 15.06000000000010
STARLINK-73836
1 73836U 22054A   25001.00000000  .00000000  00000-0  00000-0 0  9998
2 73836  43.0000   7.2838 0001000 282.6693  61.8659 15.06000000000019
STARLINK-73837
1 73837U 25044A   25001.00000000  .00000000  00000-0  00000-0 0  9991
2 73837  53.0000  24.2508 0001000 180.1282 195.6645 15.06000000000011
STARLINK-73838
1 73838U 22023A   25001.00000000  .00000000  00000-0  00000-0 0  9996
2 73838  97.6000  36.7694 0001000 126.9189 274.9034 15.06000000000017
STARLINK-73839
1 73839U 21020A   25001.00000000  .00000000  00000-0  00000-0 0  9993
2 73839  43.0000 340.9657 0001000 334.7896 307.5965 15.06000000000012
STARLINK-73840
1 73840U 24008A   25001.00000000  .00000000  00000-0  00000-0 0  9994
2 73840  70.0000 317.6681 0001000 313.4025 314.2044 15.06000000000013
STARLINK-73841
1 73841U 24094A   25001.00000000  .00000000  00000-0  00000-0 0  9990
2 73841  97.6000 131.6454 0001000 318.4147 138.3668 15.06000000000018
STARLINK-73842
1 73842U 25055A   25001.00000000  .00000000  00000-0  00000-0 0  9999
2 73842  53.0000 232.9895 0001000 296.9334  89.9215 15.06000000000016
STARLINK-73843
1 73843U 19020A   25001.00000000  .00000000  00000-0  00000-0 0  9995
2 73843  43.0000 112.2191 0001000 307.5199 102.6443 15.06000000000019
STARLINK-73844
1 73844U 21057A   25001.00000000  .00000000  00000-0  00000-0 0  9999
2 73844  70.0000  90.5495 0001000 236.5149 174.6050 15.06000000000014
STARLINK-73845
1 73845U 22003A   25001.00000000  .00000000  00000-0  00000-0 0  9992
2 73845  43.0000  18.4283 0001000 212.2494 220.7770 15.06000000000015
STARLINK-73846
1 73846U 24065A   25001.00000000  .00000000  00000-0  00000-0 0  9993
2 73846  53.2000   3.2483 0001000 347.0548 179.3526 15.06000000000018
STARLINK-73847
1 73847U 22072A   25001.00000000  .00000000  00000-0  00000-0 0  9990
2 73847  53.0000 230.8531 0001000 318.7848 112.3463 15.06000000000014
STARLINK-73848
1 73848U 22053A   25001.00000000  .00000000  00000-0  00000-0 0  9990
2 73848  53.2000 334.3078 0001000 286.6366 144.6119 15.06000000000017
STARLINK-73849
1 73849U 21085A   25001.00000000  .00000000  00000-0  00000-0 0  9995
2 73849  97.6000 168.6017 0001000 321.2472 168.4106 15.06000000000015
STARLINK-73850
1 73850U 22007A   25001.00000000  .00000000  00000-0  00000-0 0  9992
2 73850  53.2000 262.8897 0001000 131.1811 278.4444 15.06000000000010
STARLINK-73851
1 73851U 21048A   25001.00000000  .00000000  00000-0  00000-0 0  9997
2 73851  53.0000 247.4194 0001000 144.4885  21.0733 15.06000000000019
STARLINK-73852
1 73852U 23043A   25001.00000000  .00000000  00000-0  00000-0 0  9995
2 73852  70.0000 244.6823 0001000  25.4596 122.8625 15.06000000000014
STARLINK-73853
1 73853U 24001A   25001.00000000  .00000000  00000-0  00000-0 0  9991
2 73853  53.2000  89.7686 0001000 138.8459  84.2706 15.06000000000011
STARLINK-73854
1 73854U 25093A   25001.00000000  .00000000  00000-0  00000-0 0  9994
2 73854  70.0000 264.4237 0001000 119.6367  57.0060 15.06000000000019
STARLINK-73855
1 73855U 22045A   25001.00000000  .00000000  00000-0  00000-0 0  9999
2 73855  70.0000 172.8466 0001000 305.7108 299.8546 15.06000000000012
STARLINK-73856
1 73856U 19064A   25001.00000000  .00000000  00000-0  00000-0 0  9997
2 73856  70.0000 192.3967 0001000 332.5111 307.5830 15.06000000000011
STARLINK-73857
1 73857U 24029A   25001.00000000  .00000000  00000-0  00000-0 0  9995
2 73857  53.0000 291.5121 0001000 264.0904 129.3339 15.06000000000010
STARLINK-73858
1 73858U 25004A   25001.00000000  .00000000  00000-0  00000-0 0  9990
2 73858  53.2000  48.8519 0001000 351.0761 109.5818 15.06000000000017
STARLINK-73859
1 73859U 22041A   25001.00000000  .00000000  00000-0  00000-0 0  9999
2 73859  53.2000 169.4062 0001000 336.2906 187.0141 15.06000000000017
STARLINK-73860
1 73860U 19096A   25001.00000000  .00000000  00000-0  00000-0 0  9997
2 73860  53.2000  75.8943 0001000   4.8302  97.7663 15.06000000000011
STARLINK-73861
1 73861U 19032A   25001.00000000  .00000000  00000-0  00000-0 0  9998
2 73861  97.6000  99.5390 0001000 176.2493 308.3053 15.06000000000012
STARLINK-73862
1 73862U 25030A   25001.00000000  .00000000  00000-0  00000-0 0  9994
2 73862  43.0000 270.2723 0001000 260.0643 121.4079 15.06000000000017
STARLINK-73863
1 73863U 19089A   25001.00000000  .00000000  00000-0  00000-0 0  9992
2 73863  70.0000 270.7589 0001000  15.6092 242.2668 15.06000000000011
STARLINK-73864
1 73864U 21048A   25001.00000000  .00000000  00000-0  00000-0 0  9991
2 73864  97.6000 112.2802 0001000 238.8415 282.3992 15.06000000000018
STARLINK-73865
1 73865U 23018A   25001.00000000  .00000000  00000-0  00000-0 0  9991
2 73865  53.2000 113.6283 0001000 188.4892 109.9367 15.06000000000014
STARLINK-73866
1 73866U 21077A   25001.00000000  .00000000  00000-0  00000-0 0  9995
2 73866  70.0000 214.0167 0001000 294.0913  52.3972 15.06000000000010
STARLINK-73867
1 73867U 24025A   25001.00000000  .00000000  00000-0  00000-0 0  9992
2 73867  53.0000  42.2009 0001000 300.4486  74.2886 15.06000000000012
STARLINK-73868
1 73868U 20083A   25001.00000000  .00000000  00000-0  00000-0 0  9993
2 73868  43.0000 339.3811 0001000 293.0765 111.0054 15.06000000000017
STARLINK-73869
1 73869U 25041A   25001.00000000  .00000000  00000-0  00000-0 0  9993
2 73869  70.0000 325.1407 0001000 220.1435 317.5072 15.06000000000010
STARLINK-73870
1 73870U 22099A   25001.00000000  .00000000  00000-0  00000-0 0  9995
2 73870  53.2000 270.7961 0001000  67.5349 256.6905 15.06000000000010
STARLINK-73871
1 73871U 25075A   25001.00000000  .00000000  00000-0  00000-0 0  9993
2 73871  97.6000 301.4235 0001000 124.4229  84.4137 15.06000000000013
STARLINK-73872
1 73872U 23100A   25001.00000000  .00000000  00000-0  00000-0 0  9991
2 73872  53.0000  24.2612 0001000 138.1934  78.5862 15.06000000000013
STARLINK-73873
1 73873U 22074A   25001.00000000  .00000000  00000-0  00000-0 0  9991
2 73873  70.0000  91.9625 0001000 300.1932 193.7582 15.06000000000016
STARLINK-73874
1 73874U 22083A   25001.00000000  .00000000  00000-0  00000-0 0  9992
2 73874  97.6000 156.6577 0001000 339.4444 273.6196 15.06000000000019
STARLINK-73875
1 73875U 19046A   25001.00000000  .00000000  00000-0  00000-0 0  9998
2 73875  53.0000 279.5262 0001000  44.1478 214.6508 15.06000000000011
STARLINK-73876
1 73876U 21096A   25001.00000000  .00000000  00000-0  00000-0 0  9997
2 73876  53.2000 239.6408 0001000   6.6217 123.5481 15.06000000000015
STARLINK-73877
1 73877U 25090A   25001.00000000  .00000000  00000-0  00000-0 0  9996
2 73877  97.6000 278.9044 0001000 134.4766 231.2875 15.06000000000013
STARLINK-73878
1 73878U 21046A   25001.00000000  .00000000  00000-0  00000-0 0  9994
2 73878  97.6000  77.5528 0001000 330.2158 239.2126 15.06000000000012
STARLINK-73879
1 73879U 21088A   25001.00000000  .00000000  00000-0  00000-0 0  9991
2 73879  53.2000  22.5265 0001000 240.1009  39.5338 15.06000000000019
STARLINK-73880
1 73880U 24037A   25001.00000000  .00000000  00000-0  00000-0 0  9990
2 73880  70.0000 307.5603 0001000  91.2719 121.8511 15.06000000000011
STARLINK-73881
1 73881U 21059A   25001.00000000  .00000000  00000-0  00000-0 0  9992
2 73881  53.0000  76.9602 0001000 119.9697 134.0669 15.06000000000012
STARLINK-73882
1 73882U 24018A   25001.00000000  .00000000  00000-0  00000-0 0  9991
2 73882  53.2000 127.5613 0001000  75.5913 128.7042 15.06000000000013
STARLINK-73883
1 73883U 19010A   25001.00000000  .00000000  00000-0  00000-0 0  9998
2 73883  53.0000 246.7742 0001000  30.5733 210.4402 15.06000000000019
STARLINK-73884
1 73884U 24071A   25001.00000000  .00000000  00000-0  00000-0 0  9992
2 73884  97.6000 146.0716 0001000 351.6926 307.1659 15.06000000000016
STARLINK-73885
1 73885U 20025A   25001.00000000  .00000000  00000-0  00000-0 0  9998
2 73885  53.0000  65.0611 0001000 225.9529  45.4824 15.06000000000015
STARLINK-73886
1 73886U 20015A   25001.00000000  .00000000  00000-0  00000-0 0  9998
2 73886  70.0000  31.4436 0001000 233.6486 260.3697 15.06000000000011
STARLINK-73887
1 73887U 23086A   25001.00000000  .00000000  00000-0  00000-0 0  9990
2 73887  43.0000 266.3133 0001000 174.6251 351.0981 15.06000000000013
STARLINK-73888
1 73888U 24070A   25001.00000000  .00000000  00000-0  00000-0 0  9995
2 73888  43.0000 220.0174 0001000  42.0517 235.5974 15.06000000000017
STARLINK-73889
1 73889U 25050A   25001.00000000  .00000000  00000-0  00000-0 0  9995
2 73889  53.0000 296.0487 0001000 230.3627 166.3620 15.06000000000012
STARLINK-73890
1 73890U 25055A   25001.00000000  .00000000  00000-0  00000-0 0  9992
2 73890  53.0000 231.2230 0001000 202.0154 127.4031 15.06000000000016
STARLINK-73891
1 73891U 25084A   25001.00000000  .00000000  00000-0  00000-0 0  9995
2 73891  53.0000  65.8299 0001000 245.2517 184.3599 15.06000000000016
STARLINK-73892
1 73892U 20056A   25001.00000000  .00000000  00000-0  00000-0 0  9990
2 73892  43.0000  33.6900 0001000  87.9048 306.4460 15.06000000000012
STARLINK-73893
1 73893U 23086A   25001.00000000  .00000000  00000-0  00000-0 0  9997
2 73893  70.0000 175.2344 0001000 270.1565 141.5242 15.06000000000014
STARLINK-73894
1 73894U 21042A   25001.00000000  .00000000  00000-0  00000-0 0  9998
2 73894  53.2000 278.5865 0001000  36.5139  58.5673 15.06000000000019
STARLINK-73895
1 73895U 25077A   25001.00000000  .00000000  00000-0  00000-0 0  9991
2 73895  43.0000 125.2598 0001000  61.5784  74.7258 15.06000000000011
STARLINK-73896
1 73896U 24033A   25001.00000000  .00000000  00000-0  00000-0 0  9993
2 73896  97.6000  47.0780 0001000  47.3941 248.5525 15.06000000000016
STARLINK-73897
1 73897U 25016A   25001.00000000  .00000000  00000-0  00000-0 0  9996
2 73897  97.6000 104.3274 0001000   5.3352 300.4202 15.06000000000012
STARLINK-73898
1 73898U 19056A   25001.00000000  .00000000  00000-0  00000-0 0  9994
2 73898  43.0000  19.2957 0001000 136.0308  48.8814 15.06000000000015
STARLINK-73899
1 73899U 22021A   25001.00000000  .00000000  00000-0  00000-0 0  9991
2 73899  43.0000  86.3645 0001000 272.3410 249.5775 15.06000000000019
STARLINK-73900
1 73900U 19078A   25001.00000000  .00000000  00000-0  00000-0 0  9992
2 73900  53.0000 240.3996 0001000 352.4367 176.0777 15.06000000000011
STARLINK-73901
1 73901U 20067A   25001.00000000  .00000000  00000-0  00000-0 0  9993
2 73901  70.0000  70.6156 0001000 355.4308   6.1797 15.06000000000016
STARLINK-73902
1 73902U 21063A   25001.00000000  .00000000  00000-0  00000-0 0  9991
2 73902  97.6000 345.0222 0001000 353.3865  73.4879 15.06000000000018
STARLINK-73903
1 73903U 20098A   25001.00000000  .00000000  00000-0  00000-0 0  9999
2 73903  53.0000 197.7291 0001000 125.9689 100.6281 15.06000000000010
STARLINK-73904
1 73904U 23080A   25001.00000000  .00000000  00000-0  00000-0 0  9994
2 73904  53.0000 207.5375 0001000 316.1915 170.2733 15.06000000000015
STARLINK-73905
1 73905U 23091A   25001.00000000  .00000000  00000-0  00000-0 0  9997
2 73905  53.2000 259.1162 0001000  56.5369  81.3520 15.06000000000019
STARLINK-73906
1 73906U 19100A   25001.00000000  .00000000  00000-0  00000-0 0  9994
2 73906  97.6000 193.8681 0001000 111.5247 228.0078 15.06000000000017
STARLINK-73907
1 73907U 25092A   25001.00000000  .00000000  00000-0  00000-0 0  9992
2 73907  97.6000 352.7327 0001000 330.3515 279.7417 15.06000000000010
STARLINK-73908
1 73908U 23057A   25001.00000000  .00000000  00000-0  00000-0 0  9992
2 73908  97.6000  69.2432 0001000  97.8814 241.7132 15.06000000000018
STARLINK-73909
1 73909U 25094A   25001.00000000  .00000000  00000-0  00000-0 0  9996
2 73909  70.0000 350.6441 0001000 118.6072  99.7976 15.06000000000016
STARLINK-73910
1 73910U 25021A   25001.00000000  .00000000  00000-0  00000-0 0  9998
2 73910  43.0000 183.1015 0001000  38.4090 211.5052 15.06000000000012
STARLINK-73911
1 73911U 23094A   25001.00000000  .00000000  00000-0  00000-0 0  9997
2 73911  53.0000   8.5905 0001000 274.3713 250.5944 15.06000000000018
STARLINK-73912
1 73912U 25048A   25001.00000000  .00000000  00000-0  00000-0 0  9999
2 73912  53.2000 145.7155 0001000  97.8810 178.3028 15.06000000000018
STARLINK-73913
1 73913U 25027A   25001.00000000  .00000000  00000-0  00000-0 0  9997
2 73913  97.6000 259.5924 0001000  65.8893  91.0514 15.06000000000016
STARLINK-73914
1 73914U 21015A   25001.00000000  .00000000  00000-0  00000-0 0  9991
2 73914  53.2000  32.3578 0001000 309.9983 212.6954 15.06000000000018
STARLINK-73915
1 73915U 24045A   25001.00000000  .00000000  00000-0  00000-0 0  9998
2 73915  97.6000 350.3830 0001000 335.9393 295.9655 15.06000000000011
STARLINK-73916
1 73916U 24075A   25001.00000000  .00000000  00000-0  00000-0 0  9992
2 73916  43.0000  53.4228 0001000  53.7719 114.4967 15.06000000000017
STARLINK-73917
1 73917U 22085A   25001.00000000  .00000000  00000-0  00000-0 0  9992
2 73917  53.2000 294.2835 0001000  98.5306 108.9329 15.06000000000019
STARLINK-73918
1 73918U 24060A   25001.00000000  .00000000  00000-0  00000-0 0  9998
2 73918  53.0000 204.2019 0001000  20.1261 295.5298 15.06000000000012
STARLINK-73919
1 73919U 24031A   25001.00000000  .00000000  00000-0  00000-0 0  9997
2 73919  43.0000  58.0524 0001000 146.8196  36.0852 15.06000000000015
STARLINK-73920
1 73920U 21034A   25001.00000000  .00000000  00000-0  00000-0 0  9999
2 73920  43.0000 306.3534 0001000 297.0077 122.8867 15.06000000000014
STARLINK-73921
1 73921U 24044A   25001.00000000  .00000000  00000-0  00000-0 0  9994
2 73921  53.2000 174.9268 0001000 263.6686 163.1744 15.06000000000018
STARLINK-73922
1 73922U 23008A   25001.00000000  .00000000  00000-0  00000-0 0  9994
2 73922  53.0000 289.7656 0001000 346.2193 261.2467 15.06000000000016
STARLINK-73923
1 73923U 20062A   25001.00000000  .00000000  00000-0  00000-0 0  9992
2 73923  43.0000 231.2077 0001000 291.6932 303.3755 15.06000000000017
STARLINK-73924
1 73924U 21064A   25001.00000000  .00000000  00000-0  00000-0 0  9996
2 73924  53.2000  78.7230 0001000 238.4906 268.8358 15.06000000000010
STARLINK-73925
1 73925U 19064A   25001.00000000  .00000000  00000-0  00000-0 0  9994
2 73925  97.6000  84.9800 0001000 204.4589 229.5264 15.06000000000015
STARLINK-73926
1 73926U 22029A   25001.00000000  .00000000  00000-0  00000-0 0  9990
2 73926  70.0000 267.2565 0001000 354.6730 354.5390 15.06000000000010
STARLINK-73927
1 73927U 21049A   25001.00000000  .00000000  00000-0  00000-0 0  9992
2 73927  53.2000 187.7127 0001000  65.0798 308.0994 15.06000000000015
STARLINK-73928
1 73928U 19083A   25001.00000000  .00000000  00000-0  00000-0 0  9998
2 73928  53.0000  96.6889 0001000  51.6654 134.5648 15.06000000000017
STARLINK-73929
1 73929U 22095A   25001.00000000  .00000000  00000-0  00000-0 0  9996
2 73929  53.0000 168.0370 0001000   2.2327 152.5557 15.06000000000015
STARLINK-73930
1 73930U 19022A   25001.00000000  .00000000  00000-0  00000-0 0  9994
2 73930  97.6000  58.9303 0001000 119.0816 325.5964 15.06000000000018
STARLINK-73931
1 73931U 22015A   25001.00000000  .00000000  00000-0  00000-0 0  9991
2 73931  53.0000 324.7544 0001000 198.0022 321.2150 15.06000000000012
STARLINK-73932
1 73932U 22090A   25001.00000000  .00000000  00000-0  00000-0 0  9995
2 73932  43.0000 304.5182 0001000 202.4576 346.4429 15.06000000000018
STARLINK-73933
1 73933U 20014A   25001.00000000  .00000000  00000-0  00000-0 0  9990
2 73933  70.0000   9.3859 0001000 163.4858 250.0701 15.06000000000012
STARLINK-73934
1 73934U 24075A   25001.00000000  .00000000  00000-0  00000-0 0  9992
2 73934  70.0000 105.5516 0001000 298.6078 104.4886 15.06000000000013
STARLINK-73935
1 73935U 22016A   25001.00000000  .00000000  00000-0  00000-0 0  9996
2 73935  53.0000 264.2931 0001000 178.2754  15.2403 15.06000000000017
STARLINK-73936
1 73936U 21076A   25001.00000000  .00000000  00000-0  00000-0 0  9992
2 73936  97.6000   3.3996 0001000 192.0387 106.0076 15.06000000000016
STARLINK-73937
1 73937U 25046A   25001.00000000  .00000000  00000-0  00000-0 0  9994
2 73937  43.0000 294.3063 0001000 255.2848 190.3822 15.06000000000018
STARLINK-73938
1 73938U 19082A   25001.00000000  .00000000  00000-0  00000-0 0  9998
2 73938  97.6000  76.1845 0001000 267.5290 346.4818 15.06000000000014
STARLINK-73939
1 73939U 19067A   25001.00000000  .00000000  00000-0  00000-0 0  9992
2 73939  70.0000  39.3957 0001000 140.1237 151.7437 15.06000000000016
STARLINK-73940
1 73940U 24039A   25001.00000000  .00000000  00000-0  00000-0 0  9999
2 73940  70.0000 265.3406 0001000 191.8785 112.0942 15.06000000000010
STARLINK-73941
1 73941U 21064A   25001.00000000  .00000000  00000-0  00000-0 0  9995
2 73941  97.6000  84.2905 0001000 104.1600 163.8864 15.06000000000018
STARLINK-73942
1 73942U 20032A   25001.00000000  .00000000  00000-0  00000-0 0  9990
2 73942  70.0000 284.0569 0001000 109.9346  70.0690 15.06000000000016
STARLINK-73943
1 73943U 20012A   25001.00000000  .00000000  00000-0  00000-0 0  9999
2 73943  70.0000 209.2745 0001000 285.5475 156.7480 15.06000000000015
STARLINK-73944
1 73944U 23054A   25001.00000000  .00000000  00000-0  00000-0 0  9999
2 73944  70.0000  35.0485 0001000 281.3846 198.4050 15.06000000000014
STARLINK-73945
1 73945U 24046A   25001.00000000  .00000000  00000-0  00000-0 0  9992
2 73945  53.2000 352.7550 0001000 239.9178 203.8376 15.06000000000019
STARLINK-73946
1 73946U 21025A   25001.00000000  .00000000  00000-0  00000-0 0  9997
2 73946  53.2000 211.3706 0001000 330.0802 283.9861 15.06000000000018
STARLINK-73947
1 73947U 20034A   25001.00000000  .00000000  00000-0  00000-0 0  9997
2 73947  97.6000  21.9841 0001000 269.2395 269.0938 15.06000000000016
STARLINK-73948
1 73948U 22039A   25001.00000000  .00000000  00000-0  00000-0 0  9995
2 73948  70.0000 223.7598 0001000 332.3006 261.4907 15.06000000000016
STARLINK-73949
1 73949U 25007A   25001.00000000  .00000000  00000-0  00000-0 0  9994
2 73949  53.0000 322.3286 0001000 266.1626 259.8868 15.06000000000017
STARLINK-73950
1 73950U 24044A   25001.00000000  .00000000  00000-0  00000-0 0  9996
2 73950  97.6000 190.8658 0001000 205.2440  29.6718 15.06000000000019
STARLINK-73951
1 73951U 23038A   25001.00000000  .00000000  00000-0  00000-0 0  9999
2 73951  53.2000 245.8529 0001000  17.1921  72.5339 15.06000000000016
STARLINK-73952
1 73952U 19021A   25001.00000000  .00000000  00000-0  00000-0 0  9997
2 73952  53.0000 247.7007 0001000  99.4579 261.5245 15.06000000000015
STARLINK-73953
1 73953U 24009A   25001.00000000  .00000000  00000-0  00000-0 0  9990
2 73953  43.0000  49.8589 0001000 266.3508 112.5543 15.06000000000014
STARLINK-73954
1 73954U 23077A   25001.00000000  .00000000  00000-0  00000-0 0  9995
2 73954  53.0000 325.7393 0001000 250.5854  88.5064 15.06000000000014
STARLINK-73955
1 73955U 25040A   25001.00000000  .00000000  00000-0  00000-0 0  9998
2 73955  43.0000 331.4809 0001000 302.4432 178.4999 15.06000000000015
STARLINK-73956
1 73956U 22032A   25001.00000000  .00000000  00000-0  00000-0 0  9997
2 73956  53.2000 350.7980 0001000 132.9660 354.4811 15.06000000000011
STARLINK-73957
1 73957U 25043A   25001.00000000  .00000000  00000-0  00000-0 0  9993
2 73957  97.6000  58.2212 0001000 224.8133 226.9890 15.06000000000018
STARLINK-73958
1 73958U 20063A   25001.00000000  .00000000  00000-0  00000-0 0  9991
2 73958  70.0000 297.7346 0001000  81.6442 170.5619 15.06000000000017
STARLINK-73959
1 73959U 20089A   25001.00000000  .00000000  00000-0  00000-0 0  9990
2 73959  53.2000 141.0914 0001000  49.4501  97.4446 15.06000000000016
STARLINK-73960
1 73960U 20022A   25001.00000000  .00000000  00000-0  00000-0 0  9999
2 73960  53.0000 308.7311 0001000 354.7037  48.4508 15.06000000000010
STARLINK-73961
1 73961U 19031A   25001.00000000  .00000000  00000-0  00000-0 0  9998
2 73961  43.0000 175.8664 0001000 288.4652 134.5930 15.06000000000016
STARLINK-73962
1 73962U 23093A   25001.00000000  .00000000  00000-0  00000-0 0  9992
2 73962  97.6000  81.3087 0001000 320.1654  76.6491 15.06000000000016
STARLINK-73963
1 73963U 23041A   25001.00000000  .00000000  00000-0  00000-0 0  9996
2 73963  70.0000 314.7888 0001000  62.4525 222.1818 15.06000000000018
STARLINK-73964
1 73964U 21086A   25001.00000000  .00000000  00000-0  00000-0 0  9994
2 73964  43.0000 299.4977 0001000 238.9552 285.0064 15.06000000000018
STARLINK-73965
1 73965U 23047A   25001.00000000  .00000000  00000-0  00000-0 0  9994
2 73965  97.6000  49.7835 0001000 216.9812 316.7589 15.06000000000012
STARLINK-73966
1 73966U 23001A   25001.00000000  .00000000  00000-0  00000-0 0  9995
2 73966  43.0000 304.5214 0001000  64.1288 103.1492 15.06000000000012
STARLINK-73967
1 73967U 23098A   25001.00000000  .00000000  00000-0  00000-0 0  9992
2 73967  53.0000 313.1349 0001000 210.6233 189.7999 15.06000000000019
STARLINK-73968
1 73968U 24065A   25001.00000000  .00000000  00000-0  00000-0 0  9998
2 73968  43.0000 124.4430 0001000   1.6694 106.7582 15.06000000000019
STARLINK-73969
1 73969U 23017A   25001.00000000  .00000000  00000-0  00000-0 0  9995
2 73969  53.0000 298.5409 0001000  86.8309 100.6249 15.06000000000011
STARLINK-73970
1 73970U 21100A   25001.00000000  .00000000  00000-0  00000-0 0  9998
2 73970  43.0000  62.6255 0001000 265.5265 302.2616 15.06000000000016
STARLINK-73971
1 73971U 22072A   25001.00000000  .00000000  00000-0  00000-0 0  9998
2 73971  53.2000  21.2770 0001000  40.1151 236.4995 15.06000000000012
STARLINK-73972
1 73972U 21031A   25001.00000000  .00000000  00000-0  00000-0 0  9993
2 73972  70.0000 338.6938 0001000  35.6852 192.1191 15.06000000000014
STARLINK-73973
1 73973U 23074A   25001.00000000  .00000000  00000-0  00000-0 0  9993
2 73973  97.6000 298.3100 0001000 250.2612 144.8216 15.06000000000014
STARLINK-73974
1 73974U 20081A   25001.00000000  .00000000  00000-0  00000-0 0  9999
2 73974  97.6000 124.4006 0001000  62.6900 128.1449 15.06000000000017
STARLINK-73975
1 73975U 21036A   25001.00000000  .00000000  00000-0  00000-0 0  9991
2 73975  97.6000 210.0156 0001000 102.4318  41.1705 15.06000000000011
STARLINK-73976
1 73976U 24091A   25001.00000000  .00000000  00000-0  00000-0 0  9996
2 73976  53.0000  41.3123 0001000 106.6416 327.6986 15.06000000000015
STARLINK-73977
1 73977U 24001A   25001.00000000  .00000000  00000-0  00000-0 0  9998
2 73977  43.0000 266.5835 0001000  86.6589 222.2091 15.06000000000011
STARLINK-73978
1 73978U 20087A   25001.00000000  .00000000  00000-0  00000-0 0  9999
2 73978  53.2000 325.5102 0001000 260.0484  98.1094 15.06000000000013
STARLINK-73979
1 73979U 19010A   25001.00000000  .00000000  00000-0  00000-0 0  9994
2 73979  43.0000  47.1214 0001000 322.0382  88.1283 15.06000000000017
STARLINK-73980
1 73980U 21020A   25001.00000000  .00000000  00000-0  00000-0 0  9990
2 73980  53.0000  70.3274 0001000 288.3449  18.4054 15.06000000000014
STARLINK-73981
1 73981U 22009A   25001.00000000  .00000000  00000-0  00000-0 0  9999
2 73981  53.2000 263.4655 0001000  79.1321 298.4947 15.06000000000011
STARLINK-73982
1 73982U 19014A   25001.00000000  .00000000  00000-0  00000-0 0  9992
2 73982  70.0000 114.2773 0001000 216.0790 153.2025 15.06000000000010
STARLINK-73983
1 73983U 24056A   25001.00000000  .00000000  00000-0  00000-0 0  9995
2 73983  53.2000   2.5450 0001000 301.3453  91.1216 15.06000000000011
STARLINK-73984
1 73984U 25100A   25001.00000000  .00000000  00000-0  00000-0 0  9997
2 73984  53.0000 150.2128 0001000 103.8471 268.0516 15.06000000000016
STARLINK-73985
1 73985U 24073A   25001.00000000  .00000000  00000-0  00000-0 0  9996
2 73985  97.6000 284.9359 0001000 130.4276 314.0770 15.06000000000015
STARLINK-73986
1 73986U 25025A   25001.00000000  .00000000  00000-0  00000-0 0  9995
2 73986  53.0000 207.9481 0001000 261.0033  81.4184 15.06000000000019
STARLINK-73987
1 73987U 21052A   25001.00000000  .00000000  00000-0  00000-0 0  9992
2 73987  53.0000 245.7787 0001000 191.6356 239.3819 15.06000000000014
STARLINK-73988
1 73988U 21007A   25001.00000000  .00000000  00000-0  00000-0 0  9993
2 73988  53.0000 234.6585 0001000  85.9513  93.5619 15.06000000000016
STARLINK-73989
1 73989U 19076A   25001.00000000  .00000000  00000-0  00000-0 0  9997
2 73989  43.0000  79.4423 0001000 341.1604 314.8222 15.06000000000019
STARLINK-73990
1 73990U 25001A   25001.00000000  .00000000  00000-0  00000-0 0  9994
2 73990  70.0000 215.8273 0001000  23.8258  52.3702 15.06000000000016
STARLINK-73991
1 73991U 23059A   25001.00000000  .00000000  00000-0  00000-0 0  9996
2 73991  43.0000  95.0216 0001000 205.6037 170.3001 15.06000000000010
STARLINK-73992
1 73992U 25077A   25001.00000000  .00000000  00000-0  00000-0 0  9999
2 73992  53.0000 270.2702 0001000  80.8098 223.2050 15.06000000000011
STARLINK-73993
1 73993U 24003A   25001.00000000  .00000000  00000-0  00000-0 0  9998
2 73993  43.0000 129.1718 0001000   4.4918 122.8822 15.06000000000014
STARLINK-73994
1 73994U 21097A   25001.00000000  .00000000  00000-0  00000-0 0  9999
2 73994  53.0000  19.6903 0001000 304.2417 228.0339 15.06000000000012
STARLINK-73995
1 73995U 24060A   25001.00000000  .00000000  00000-0  00000-0 0  9993
2 73995  43.0000 297.6230 0001000 264.0430 200.8684 15.06000000000012
STARLINK-73996
1 73996U 21053A   25001.00000000  .00000000  00000-0  00000-0 0  9993
2 73996  70.0000 165.7391 0001000 246.0218 217.7028 15.06000000000019
STARLINK-73997
1 73997U 20050A   25001.00000000  .00000000  00000-0  00000-0 0  9990
2 73997  97.6000  39.2732 0001000 233.2058 141.6902 15.06000000000015
STARLINK-73998
1 73998U 23059A   25001.00000000  .00000000  00000-0  00000-0 0  9993
2 73998  97.6000 356.5493 0001000  75.8185 286.5236 15.06000000000015
STARLINK-73999
1 73999U 23066A   25001.00000000  .00000000  00000-0  00000-0 0  9992
2 73999  53.2000 339.1684 0001000 292.9018 136.0366 15.06000000000013
STARLINK-74000
1 74000U 23063A   25001.00000000  .00000000  00000-0  00000-0 0  9993
2 74000  70.0000 120.8379 0001000  43.8274 310.2471 15.06000000000010
STARLINK-74001
1 74001U 19011A   25001.00000000  .00000000  00000-0  00000-0 0  9992
2 74001  53.2000  42.8267 0001000 173.3380 286.3890 15.06000000000018
STARLINK-74002
1 74002U 22077A   25001.00000000  .00000000  00000-0  00000-0 0  9999
2 74002  97.6000 309.4063 0001000  79.6123  57.6233 15.06000000000010
STARLINK-74003
1 74003U 22038A   25001.00000000  .00000000  00000-0  00000-0 0  9997
2 74003  53.0000 191.5891 0001000 172.1515   7.2613 15.06000000000013
STARLINK-74004
1 74004U 22007A   25001.00000000  .00000000  00000-0  00000-0 0  9994
2 74004  53.2000 130.2908 0001000 225.9942 102.4102 15.06000000000017
STARLINK-74005
1 74005U 19014A   25001.00000000  .00000000  00000-0  00000-0 0  9999
2 74005  53.0000  68.2177 0001000 222.0734  12.6526 15.06000000000013
STARLINK-74006
1 74006U 21091A   25001.00000000  .00000000  00000-0  00000-0 0  9998
2 74006  43.0000 147.3935 0001000 263.6377 355.8927 15.06000000000015
STARLINK-74007
1 74007U 22063A   25001.00000000  .00000000  00000-0  00000-0 0  9999
2 74007  53.0000 147.1675 0001000 246.8160 134.2460 15.06000000000010
STARLINK-74008
1 74008U 21031A   25001.00000000  .00000000  00000-0  00000-0 0  9994
2 74008  53.2000 274.5670 0001000 110.3860 356.0908 15.06000000000016
STARLINK-74009
1 74009U 19076A   25001.00000000  .00000000  00000-0  00000-0 0  9991
2 74009  70.0000 162.6557 0001000  26.5191 196.2450 15.06000000000016
STARLINK-74010
1 74010U 24008A   25001.00000000  .00000000  00000-0  00000-0 0  9994
2 74010  43.0000  71.1982 0001000 285.0217 110.7917 15.06000000000014
STARLINK-74011
1 74011U 19065A   25001.00000000  .00000000  00000-0  00000-0 0  9992
2 74011  97.6000 172.8077 0001000  28.8581  32.9567 15.06000000000017
STARLINK-74012
1 74012U 22049A   25001.00000000  .00000000  00000-0  00000-0 0  9999
2 74012  53.2000  53.4212 0001000 160.1190  51.9763 15.06000000000016
STARLINK-74013
1 74013U 22095A   25001.00000000  .00000000  00000-0  00000-0 0  9991
2 74013  97.6000   1.3018 0001000 147.0758 264.4647 15.06000000000011
STARLINK-74014
1 74014U 19016A   25001.00000000  .00000000  00000-0  00000-0 0  9991
2 74014  53.0000 188.3329 0001000  47.5772 221.6603 15.06000000000016
STARLINK-74015
1 74015U 24003A   25001.00000000  .00000000  00000-0  00000-0 0  9994
2 74015  53.0000 137.8401 0001000 101.7481 137.0486 15.06000000000016
STARLINK-74016
1 74016U 20026A   25001.00000000  .00000000  00000-0  00000-0 0  9996
2 74016  70.0000  97.9303 0001000  78.5887 179.6556 15.06000000000014
STARLINK-74017
1 74017U 22079A   25001.00000000  .00000000  00000-0  00000-0 0  9997
2 74017  53.2000 180.3667 0001000 155.0528 245.7614 15.06000000000011
STARLINK-74018
1 74018U 19058A   25001.00000000  .00000000  00000-0  00000-0 0  9991
2 74018  53.2000 308.4189 0001000 357.4220 114.5068 15.06000000000017
STARLINK-74019
1 74019U 24082A   25001.00000000  .00000000  00000-0  00000-0 0  9995
2 74019  53.2000 122.8524 0001000 357.7922 255.9137 15.06000000000018
STARLINK-74020
1 74020U 24057A   25001.00000000  .00000000  00000-0  00000-0 0  9999
2 74020  70.0000 314.3777 0001000 201.2636 193.2039 15.06000000000015
STARLINK-74021
1 74021U 23022A   25001.00000000  .00000000  00000-0  00000-0 0  9991
2 74021  53.2000  47.1426 0001000  62.2797 310.5228 15.06000000000018
STARLINK-74022
1 74022U 25032A   25001.00000000  .00000000  00000-0  00000-0 0  9995
2 74022  97.6000  90.7086 0001000  80.4784 239.1413 15.06000000000017
STARLINK-74023
1 74023U 20038A   25001.00000000  .00000000  00000-0  00000-0 0  9997
2 74023  43.0000  40.8899 0001000 221.5885 124.0184 15.06000000000018
STARLINK-74024
1 74024U 20076A   25001.00000000  .00000000  00000-0  00000-0 0  9990
2 74024  70.0000  98.7061 0001000 133.3262 195.0451 15.06000000000016
STARLINK-74025
1 74025U 23059A   25001.00000000  .00000000  00000-0  00000-0 0  9995
2 74025  97.6000 161.6355 0001000 178.1226 144.0388 15.06000000000018
STARLINK-74026
1 74026U 19095A   25001.00000000  .00000000  00000-0  00000-0 0  9991
2 74026  43.0000 157.3051 0001000 333.8414  81.2153 15.06000000000010
STARLINK-74027
1 74027U 23087A   25001.00000000  .00000000  00000-0  00000-0 0  9998
2 74027  97.6000 282.7910 0001000 177.8297 298.6197 15.06000000000010
STARLINK-74028
1 74028U 25083A   25001.00000000  .00000000  00000-0  00000-0 0  9997
2 74028  97.6000 340.5621 0001000  27.3146 101.5932 15.06000000000014
STARLINK-74029
1 74029U 22036A   25001.00000000  .00000000  00000-0  00000-0 0  9993
2 74029  70.0000 221.5835 0001000 150.6577  27.6919 15.06000000000016
STARLINK-74030
1 74030U 22100A   25001.00000000  .00000000  00000-0  00000-0 0  9997
2 74030  70.0000 213.5956 0001000 300.5747 129.1270 15.06000000000016
STARLINK-74031
1 74031U 21017A   25001.00000000  .00000000  00000-0  00000-0 0  9994
2 74031  53.2000  54.9753 0001000 140.8358  21.0767 15.06000000000016
STARLINK-74032
1 74032U 23061A   25001.00000000  .00000000  00000-0  00000-0 0  9996
2 74032  53.0000 108.4196 0001000 173.0454 195.9133 15.06000000000014
STARLINK-74033
1 74033U 22048A   25001.00000000  .00000000  00000-0  00000-0 0  9991
2 74033  53.2000  83.1334 0001000 306.3621 125.8932 15.06000000000016
STARLINK-74034
1 74034U 25006A   25001.00000000  .00000000  00000-0  00000-0 0  9999
2 74034  53.0000  13.7578 0001000 341.5281  17.2247 15.06000000000010
STARLINK-74035
1 74035U 24059A   25001.00000000  .00000000  00000-0  00000-0 0  9997
2 74035  70.0000 136.1901 0001000  64.9859 338.7933 15.06000000000010
STARLINK-74036
1 74036U 22046A   25001.00000000  .00000000  00000-0  00000-0 0  9992
2 74036  43.0000 176.6131 0001000 255.4026 320.9868 15.06000000000018
STARLINK-74037
1 74037U 23049A   25001.00000000  .00000000  00000-0  00000-0 0  9997
2 74037  97.6000 356.1288 0001000 270.2519 273.6780 15.06000000000011
STARLINK-74038
1 74038U 19050A   25001.00000000  .00000000  00000-0  00000-0 0  9995
2 74038  97.6000 108.3776 0001000 170.0716 266.5252 15.06000000000012
STARLINK-74039
1 74039U 24099A   25001.00000000  .00000000  00000-0  00000-0 0  9995
2 74039  53.0000 104.8735 0001000 120.2025  80.0511 15.06000000000012
STARLINK-74040
1 74040U 21015A   25001.00000000  .00000000  00000-0  00000-0 0  9992
2 74040  70.0000 275.2889 0001000 280.6992 128.5091 15.06000000000011
STARLINK-74041
1 74041U 21077A   25001.00000000  .00000000  00000-0  00000-0 0  9991
2 74041  70.0000 234.9793 0001000 101.4666 136.2713 15.06000000000013
STARLINK-74042
1 74042U 23069A   25001.00000000  .00000000  00000-0  00000-0 0  9995
2 74042  70.0000  62.5270 0001000 213.1380 103.1664 15.06000000000011
STARLINK-74043
1 74043U 22001A   25001.00000000  .00000000  00000-0  00000-0 0  9991
2 74043  70.0000  48.4748 0001000 310.5603  24.1225 15.06000000000010
STARLINK-74044
1 74044U 25047A   25001.00000000  .00000000  00000-0  00000-0 0  9995
2 74044  70.0000 280.3831 0001000 260.8729  99.5616 15.06000000000017
STARLINK-74045
1 74045U 23014A   25001.00000000  .00000000  00000-0  00000-0 0  9998
2 74045  70.0000 119.1888 0001000  95.7330 269.8045 15.06000000000010
STARLINK-74046
1 74046U 20020A   25001.00000000  .00000000  00000-0  00000-0 0  9993
2 74046  70.0000 175.5300 0001000 106.0365 216.5602 15.06000000000018
STARLINK-74047
1 74047U 25070A   25001.00000000  .00000000  00000-0  00000-0 0  9994
2 74047  70.0000  62.6067 0001000 102.4943  73.4645 15.06000000000014
STARLINK-74048
1 74048U 25027A   25001.00000000  .00000000  00000-0  00000-0 0  9997
2 74048  97.6000 224.2899 0001000 258.2658  42.2854 15.06000000000018
STARLINK-74049
1 74049U 23058A   25001.00000000  .00000000  00000-0  00000-0 0  9990
2 74049  53.0000  79.7972 0001000 226.7046 158.3357 15.06000000000018
STARLINK-74050
1 74050U 19057A   25001.00000000  .00000000  00000-0  00000-0 0  9996
2 74050  97.6000 349.0116 0001000 167.4482 184.4612 15.06000000000016
STARLINK-74051
1 74051U 21091A   25001.00000000  .00000000  00000-0  00000-0 0  9998
2 74051  43.0000  91.7345 0001000  20.1233 164.0846 15.06000000000019
STARLINK-74052
1 74052U 24055A   25001.00000000  .00000000  00000-0  00000-0 0  9992
2 74052  43.0000 338.2126 0001000 308.4674 191.8033 15.06000000000013
STARLINK-74053
1 74053U 20056A   25001.00000000  .00000000  00000-0  00000-0 0  9990
2 74053  70.0000 350.9940 0001000 274.2174 176.1172 15.06000000000014
STARLINK-74054
1 74054U 21012A   25001.00000000  .00000000  00000-0  00000-0 0  9994
2 74054  43.0000 221.0756 0001000 130.5956 240.5570 15.06000000000018
STARLINK-74055
1 74055U 25007A   25001.00000000  .00000000  00000-0  00000-0 0  9993
2 74055  53.2000 174.1198 0001000 101.6781  42.0808 15.06000000000014
STARLINK-74056
1 74056U 20059A   25001.00000000  .00000000  00000-0  00000-0 0  9996
2 74056  70.0000 195.2992 0001000 145.3097 330.2499 15.06000000000011
STARLINK-74057
1 74057U 25024A   25001.00000000  .00000000  00000-0  00000-0 0  9994
2 74057  53.2000  22.1809 0001000 293.4037 134.4467 15.06000000000018
STARLINK-74058
1 74058U 25002A   25001.00000000  .00000000  00000-0  00000-0 0  9991
2 74058  43.0000 120.5464 0001000  57.4823 241.7273 15.06000000000014
STARLINK-74059
1 74059U 24071A   25001.00000000  .00000000  00000-0  00000-0 0  9997
2 74059  97.6000 315.5203 0001000 255.0496  70.4772 15.06000000000010
STARLINK-74060
1 74060U 24078A   25001.00000000  .00000000  00000-0  00000-0 0  9996
2 74060  53.0000 109.9482 0001000 126.2310 269.9260 15.06000000000013
STARLINK-74061
1 74061U 25090A   25001.00000000  .00000000  00000-0  00000-0 0  9992
2 74061  53.2000   5.3305 0001000 305.0163 200.6279 15.06000000000014
STARLINK-74062
1 74062U 19041A   25001.00000000  .00000000  00000-0  00000-0 0  9992
2 74062  97.6000  81.9197 0001000 233.2019  36.8352 15.06000000000019
STARLINK-74063
1 74063U 24081A   25001.00000000  .00000000  00000-0  00000-0 0  9993
2 74063  53.2000 126.0399 0001000 152.6212 317.9508 15.06000000000018
STARLINK-74064
1 74064U 23019A   25001.00000000  .00000000  00000-0  00000-0 0  9994
2 74064  53.0000 238.1459 0001000  37.1337 186.4078 15.06000000000015
STARLINK-74065
1 74065U 19010A   25001.00000000  .00000000  00000-0  00000-0 0  9991
2 74065  53.2000   3.0297 0001000  93.4622 224.8508 15.06000000000014
STARLINK-74066
1 74066U 19049A   25001.00000000  .00000000  00000-0  00000-0 0  9994
2 74066  53.2000 228.2556 0001000   7.5877  21.2889 15.06000000000013
STARLINK-74067
1 74067U 24048A   25001.00000000  .00000000  00000-0  00000-0 0  9990
2 74067  43.0000 128.2970 0001000  45.2313 286.7450 15.06000000000016
STARLINK-74068
1 74068U 19023A   25001.00000000  .00000000  00000-0  00000-0 0  9998
2 74068  43.0000 191.5537 0001000  61.5024 158.4304 15.06000000000012
STARLINK-74069
1 74069U 25085A   25001.00000000  .00000000  00000-0  00000-0 0  9994
2 74069  43.0000 322.7042 0001000 226.6986 211.0442 15.06000000000012
STARLINK-74070
1 74070U 21041A   25001.00000000  .00000000  00000-0  00000-0 0  9994
2 74070  70.0000  72.7539 0001000 162.7362 227.6645 15.06000000000013
STARLINK-74071
1 74071U 23012A   25001.00000000  .00000000  00000-0  00000-0 0  9995
2 74071  53.2000  48.5070 0001000 150.3320 136.3709 15.06000000000012
STARLINK-74072
1 74072U 24020A   25001.00000000  .00000000  00000-0  00000-0 0  9996
2 74072  53.2000 237.8768 0001000  73.6068 335.8945 15.06000000000014
STARLINK-74073
1 74073U 22052A   25001.00000000  .00000000  00000-0  00000-0 0  9990
2 74073  53.2000 328.1650 0001000 239.9433 138.7948 15.06000000000015
STARLINK-74074
1 74074U 23031A   25001.00000000  .00000000  00000-0  00000-0 0  9999
2 74074  53.0000 154.4979 0001000 110.9457 214.9048 15.06000000000010
STARLINK-74075
1 74075U 24089A   25001.00000000  .00000000  00000-0  00000-0 0  9994
2 74075  70.0000 103.0113 0001000 190.4037 126.7886 15.06000000000017
STARLINK-74076
1 74076U 24032A   25001.00000000  .00000000  00000-0  00000-0 0  9993
2 74076  53.0000  22.5625 0001000  61.1060  42.9422 15.06000000000017
STARLINK-74077
1 74077U 25075A   25001.00000000  .00000000  00000-0  00000-0 0  9992
2 74077  53.2000  73.5489 0001000  67.2488  92.4668 15.06000000000017
STARLINK-74078
1 74078U 19077A   25001.00000000  .00000000  00000-0  00000-0 0  9998
2 74078  70.0000 177.5407 0001000 253.9828 182.4665 15.06000000000019
STARLINK-74079
1 74079U 25046A   25001.00000000  .00000000  00000-0  00000-0 0  9992
2 74079  97.6000 265.6824 0001000 305.7852  91.9871 15.06000000000013
STARLINK-74080
1 74080U 20085A   25001.00000000  .00000000  00000-0  00000-0 0  9992
2 74080  97.6000 333.7418 0001000 164.2173 352.6222 15.06000000000012
STARLINK-74081
1 74081U 24062A   25001.00000000  .00000000  00000-0  00000-0 0  9992
2 74081  70.0000 237.2342 0001000 313.9060 133.6086 15.06000000000015
STARLINK-74082
1 74082U 24054A   25001.00000000  .00000000  00000-0  00000-0 0  9994
2 74082  97.6000 237.4006 0001000 256.4687 156.5742 15.06000000000019
STARLINK-74083
1 74083U 25045A   25001.00000000  .00000000  00000-0  00000-0 0  9996
2 74083  97.6000 297.1756 0001000  76.0053 327.0744 15.06000000000015
STARLINK-74084
1 74084U 19076A   25001.00000000  .00000000  00000-0  00000-0 0  9994
2 74084  53.2000 212.1095 0001000 276.6477 166.5119 15.06000000000017
STARLINK-74085
1 74085U 24081A   25001.00000000  .00000000  00000-0  00000-0 0  9997
2 74085  53.2000 254.3313 0001000 316.6973 336.1365 15.06000000000013
STARLINK-74086
1 74086U 25027A   25001.00000000  .00000000  00000-0  00000-0 0  9999
2 74086  43.0000  53.1422 0001000 190.7413 195.3452 15.06000000000019
STARLINK-74087
1 74087U 24059A   25001.00000000  .00000000  00000-0  00000-0 0  9994
2 74087  53.2000 205.3659 0001000 268.6270  46.4290 15.06000000000018
STARLINK-74088
1 74088U 25083A   25001.00000000  .00000000  00000-0  00000-0 0  9993
2 74088  43.0000  55.7175 0001000 297.6350  21.0528 15.06000000000010
STARLINK-74089
1 74089U 20003A   25001.00000000  .00000000  00000-0  00000-0 0  9991
2 74089  53.2000  25.8453 0001000 208.6995 322.6123 15.06000000000019
STARLINK-74090
1 74090U 22063A   25001.00000000  .00000000  00000-0  00000-0 0  9991
2 74090  43.0000 235.4929 0001000 229.5803  92.0350 15.06000000000015
STARLINK-74091
1 74091U 23080A   25001.00000000  .00000000  00000-0  00000-0 0  9992
2 74091  53.2000 128.4712 0001000  12.8557  89.1975 15.06000000000019
STARLINK-74092
1 74092U 20007A   25001.00000000  .00000000  00000-0  00000-0 0  9999
2 74092  70.0000 129.3619 0001000 339.5263 278.6696 15.06000000000011
STARLINK-74093
1 74093U 19053A   25001.00000000  .00000000  00000-0  00000-0 0  9999
2 74093  43.0000  55.0977 0001000 106.0877  57.0957 15.06000000000011
STARLINK-74094
1 74094U 22024A   25001.00000000  .00000000  00000-0  00000-0 0  9992
2 74094  53.0000 146.2087 0001000 100.6240 292.9873 15.06000000000019
STARLINK-74095
1 74095U 20038A   25001.00000000  .00000000  00000-0  00000-0 0  9996
2 74095  97.6000  79.8822 0001000 200.7500 248.1459 15.06000000000016
STARLINK-74096
1 74096U 20019A   25001.00000000  .00000000  00000-0  00000-0 0  9996
2 74096  53.2000   9.7091 0001000  60.0224   1.9188 15.06000000000019
STARLINK-74097
1 74097U 25048A   25001.00000000  .00000000  00000-0  00000-0 0  9994
2 74097  70.0000 156.3785 0001000 234.1680 333.8695 15.06000000000016
STARLINK-74098
1 74098U 19058A   25001.00000000  .00000000  00000-0  00000-0 0  9999
2 74098  70.0000 222.2362 0001000 118.1857 190.7395 15.06000000000015
STARLINK-74099
1 74099U 19004A   25001.00000000  .00000000  00000-0  00000-0 0  9991
2 74099  53.2000 301.0112 0001000 148.8433 277.9050 15.06000000000014
STARLINK-74100
1 74100U 20066A   25001.00000000  .00000000  00000-0  00000-0 0  9994
2 74100  53.2000  50.5818 0001000 134.9393 191.0538 15.06000000000014
STARLINK-74101
1 74101U 22049A   25001.00000000  .00000000  00000-0  00000-0 0  9998
2 74101  53.2000 176.2710 0001000 190.1496  82.8656 15.06000000000018
STARLINK-74102
1 74102U 23007A   25001.00000000  .00000000  00000-0  00000-0 0  9994
2 74102  70.0000 155.6568 0001000 148.4895 100.7491 15.06000000000014
STARLINK-74103
1 74103U 22021A   25001.00000000  .00000000  00000-0  00000-0 0  9990
2 74103  70.0000  66.1307 0001000 296.2712   6.2223 15.06000000000015
STARLINK-74104
1 74104U 20083A   25001.00000000  .00000000  00000-0  00000-0 0  9997
2 74104  97.6000 256.8718 0001000 116.9282 339.4475 15.06000000000015
STARLINK-74105
1 74105U 24041A   25001.00000000  .00000000  00000-0  00000-0 0  9996
2 74105  70.0000 226.0541 0001000  16.3170 139.2394 15.06000000000019
STARLINK-74106
1 74106U 25006A   25001.00000000  .00000000  00000-0  00000-0 0  9999
2 74106  53.0000 201.3379 0001000 333.8129 260.7516 15.06000000000013
STARLINK-74107
1 74107U 20088A   25001.00000000  .00000000  00000-0  00000-0 0  9995
2 74107  43.0000  51.0366 0001000  62.7570  58.3030 15.06000000000019
STARLINK-74108
1 74108U 22018A   25001.00000000  .00000000  00000-0  00000-0 0  9991
2 74108  70.0000  77.9873 0001000 178.9573 276.1164 15.06000000000011
STARLINK-74109
1 74109U 22047A   25001.00000000  .00000000  00000-0  00000-0 0  9994
2 74109  53.2000  83.3672 0001000 328.8575 198.5570 15.06000000000019
STARLINK-74110
1 74110U 22045A   25001.00000000  .00000000  00000-0  00000-0 0  9994
2 74110  97.6000 279.2690 0001000  38.6592 176.8847 15.06000000000010
STARLINK-74111
1 74111U 25091A   25001.00000000  .00000000  00000-0  00000-0 0  9999
2 74111  97.6000 231.2892 0001000 310.6766 105.5711 15.06000000000018
STARLINK-74112
1 74112U 21064A   25001.00000000  .00000000  00000-0  00000-0 0  9996
2 74112  97.6000  60.7775 0001000   4.7781  77.8129 15.06000000000016
STARLINK-74113
1 74113U 25023A   25001.00000000  .00000000  00000-0  00000-0 0  9996
2 74113  53.0000 188.7025 0001000 226.5858 150.7628 15.06000000000016
STARLINK-74114
1 74114U 21068A   25001.00000000  .00000000  00000-0  00000-0 0  9992
2 74114  97.6000 226.9787 0001000 171.6277 312.5608 15.06000000000012
STARLINK-74115
1 74115U 23052A   25001.00000000  .00000000  00000-0  00000-0 0  9998
2 74115  70.0000   4.4433 0001000 170.3188 109.0401 15.06000000000012
STARLINK-74116
1 74116U 20018A   25001.00000000  .00000000  00000-0  00000-0 0  9998
2 74116  53.2000 152.5081 0001000 143.7673   0.4041 15.06000000000017
STARLINK-74117
1 74117U 19038A   25001.00000000  .00000000  00000-0  00000-0 0  9999
2 74117  53.0000 166.5917 0001000  58.4152  66.2844 15.06000000000014
STARLINK-74118
1 74118U 19066A   25001.00000000  .00000000  00000-0  00000-0 0  9991
2 74118  97.6000 309.4406 0001000 322.7893  48.6807 15.06000000000012
STARLINK-74119
1 74119U 24057A   25001.00000000  .00000000  00000-0  00000-0 0  9998
2 74119  53.2000 271.7349 0001000   7.7122 304.3401 15.06000000000015
STARLINK-74120
1 74120U 22076A   25001.00000000  .00000000  00000-0  00000-0 0  9999
2 74120  43.0000 280.6878 0001000 359.6886 118.8012 15.06000000000012
STARLINK-74121
1 74121U 25088A   25001.00000000  .00000000  00000-0  00000-0 0  9996
2 74121  53.0000 253.1753 0001000 171.4274 242.5417 15.06000000000016
STARLINK-74122
1 74122U 23054A   25001.00000000  .00000000  00000-0  00000-0 0  9998
2 74122  97.6000 328.5358 0001000 123.3682  41.3125 15.06000000000019
STARLINK-74123
1 74123U 24061A   25001.00000000  .00000000  00000-0  00000-0 0  9998
2 74123  53.2000  82.4275 0001000 246.6144  51.1998 15.06000000000011
STARLINK-74124
1 74124U 19084A   25001.00000000  .00000000  00000-0  00000-0 0  9998
2 74124  43.0000  84.3057 0001000 295.7793  31.7441 15.06000000000010
STARLINK-74125
1 74125U 21068A   25001.00000000  .00000000  00000-0  00000-0 0  9994
2 74125  53.0000 173.2850 0001000 122.2062  37.5825 15.06000000000014
STARLINK-74126
1 74126U 21017A   25001.00000000  .00000000  00000-0  00000-0 0  9999
2 74126  43.0000   3.0490 0001000 357.0772  50.9063 15.06000000000013
STARLINK-74127
1 74127U 23056A   25001.00000000  .00000000  00000-0  00000-0 0  9995
2 74127  43.0000 160.2931 0001000 171.0463 169.7564 15.06000000000016
STARLINK-74128
1 74128U 25002A   25001.00000000  .00000000  00000-0  00000-0 0  9999
2 74128  97.6000 213.0433 0001000  90.1097  63.5211 15.06000000000010
STARLINK-74129
1 74129U 19079A   25001.00000000  .00000000  00000-0  00000-0 0  9997
2 74129  53.0000 279.7439 0001000 358.9967 243.9324 15.06000000000012
STARLINK-74130
1 74130U 23023A   25001.00000000  .00000000  00000-0  00000-0 0  9993
2 74130  43.0000 214.1072 0001000 111.3377 220.0311 15.06000000000017
STARLINK-74131
1 74131U 25032A   25001.00000000  .00000000  00000-0  00000-0 0  9996
2 74131  53.0000 304.5017 0001000  73.7914  63.8924 15.06000000000013
STARLINK-74132
1 74132U 21027A   25001.00000000  .00000000  00000-0  00000-0 0  9997
2 74132  53.0000 121.4255 0001000  70.9741  61.6754 15.06000000000018
STARLINK-74133
1 74133U 23030A   25001.00000000  .00000000  00000-0  00000-0 0  9994
2 74133  53.2000 127.3950 0001000  83.3706 234.3653 15.06000000000014
STARLINK-74134
1 74134U 21028A   25001.00000000  .00000000  00000-0  00000-0 0  9990
2 74134  70.0000 358.1334 0001000 162.2337 238.7628 15.06000000000019
STARLINK-74135
1 74135U 20086A   25001.00000000  .00000000  00000-0  00000-0 0  9994
2 74135  70.0000  40.9660 0001000 278.4060 193.0086 15.06000000000012
STARLINK-74136
1 74136U 22090A   25001.00000000  .00000000  00000-0  00000-0 0  9992
2 74136  70.0000 225.3448 0001000  17.9952 139.5409 15.06000000000016
STARLINK-74137
1 74137U 22012A   25001.00000000  .00000000  00000-0  00000-0 0  9997
2 74137  43.0000 308.7146 0001000 153.9572  50.1140 15.06000000000017
STARLINK-74138
1 74138U 21009A   25001.00000000  .00000000  00000-0  00000-0 0  9993
2 74138  53.0000 351.3777 0001000  10.8104 166.3115 15.06000000000017
STARLINK-74139
1 74139U 25055A   25001.00000000  .00000000  00000-0  00000-0 0  9999
2 74139  97.6000 314.9173 0001000 142.1246 264.9261 15.06000000000010
STARLINK-74140
1 74140U 23048A   25001.00000000  .00000000  00000-0  00000-0 0  9991
2 74140  70.0000 220.8160 0001000  60.7416 197.9090 15.06000000000017
STARLINK-74141
1 74141U 22059A   25001.00000000  .00000000  00000-0  00000-0 0  9993
2 74141  97.6000  11.5693 0001000   9.8816  31.7850 15.06000000000016
STARLINK-74142
1 74142U 24010A   25001.00000000  .00000000  00000-0  00000-0 0  9993
2 74142  43.0000 358.8386 0001000 115.5400  10.2605 15.06000000000012
STARLINK-74143
1 74143U 25025A   25001.00000000  .00000000  00000-0  00000-0 0  9991
2 74143  53.2000 166.6033 0001000   7.5085 159.0045 15.06000000000019
STARLINK-74144
1 74144U 21042A   25001.00000000  .00000000  00000-0  00000-0 0  9997
2 74144  53.0000  24.2508 0001000 349.7551  10.3377 15.06000000000010
STARLINK-74145
1 74145U 22045A   25001.00000000  .00000000  00000-0  00000-0 0  9992
2 74145  70.0000 153.0008 0001000 288.4906 277.2234 15.06000000000015
STARLINK-74146
1 74146U 21068A   25001.00000000  .00000000  00000-0  00000-0 0  9997
2 74146  53.2000 262.2515 0001000  60.7631 161.3798 15.06000000000019
STARLINK-74147
1 74147U 19020A   25001.00000000  .00000000  00000-0  00000-0 0  9993
2 74147  53.2000 240.7369 0001000 341.9928  39.5592 15.06000000000019
STARLINK-74148
1 74148U 25051A   25001.00000000  .00000000  00000-0  00000-0 0  9995
2 74148  97.6000 153.7368 0001000 126.1073 172.7372 15.06000000000014
STARLINK-74149
1 74149U 22041A   25001.00000000  .00000000  00000-0  00000-0 0  9992
2 74149  53.2000 166.7458 0001000 257.5104 214.9049 15.06000000000011
STARLINK-74150
1 74150U 19010A   25001.00000000  .00000000  00000-0  00000-0 0  9996
2 74150  53.2000 133.6595 0001000 352.6475   1.4340 15.06000000000019
STARLINK-74151
1 74151U 23058A   25001.00000000  .00000000  00000-0  00000-0 0  9994
2 74151  70.0000  83.5779 0001000 162.3395 281.9280 15.06000000000019
STARLINK-74152
1 74152U 22075A   25001.00000000  .00000000  00000-0  00000-0 0  9993
2 74152  70.0000 117.3337 0001000  78.0123 138.8987 15.06000000000012
STARLINK-74153
1 74153U 19013A   25001.00000000  .00000000  00000-0  00000-0 0  9992
2 74153  53.2000 261.4230 0001000 193.0126 157.4748 15.06000000000012
STARLINK-74154
1 74154U 24031A   25001.00000000  .00000000  00000-0  00000-0 0  9999
2 74154  70.0000  35.1826 0001000  71.1114  99.4150 15.06000000000012
STARLINK-74155
1 74155U 24027A   25001.00000000  .00000000  00000-0  00000-0 0  9995
2 74155  97.6000 298.7451 0001000  81.8297 307.9441 15.06000000000019
STARLINK-74156
1 74156U 25089A   25001.00000000  .00000000  00000-0  00000-0 0  9995
2 74156  97.6000  38.4489 0001000 339.7559 284.7725 15.06000000000013
STARLINK-74157
1 74157U 25082A   25001.00000000  .00000000  00000-0  00000-0 0  9999
2 74157  97.6000 234.2816 0001000  38.4500  23.6565 15.06000000000015
STARLINK-74158
1 74158U 24068A   25001.00000000  .00000000  00000-0  00000-0 0  9993
2 74158  53.2000 170.7786 0001000 113.6153  11.3401 15.06000000000017
STARLINK-74159
1 74159U 23033A   25001.00000000  .00000000  00000-0  00000-0 0  9995
2 74159  53.2000  60.8521 0001000 232.7900 248.6168 15.06000000000012
STARLINK-74160
1 74160U 22041A   25001.00000000  .00000000  00000-0  00000-0 0  9995
2 74160  43.0000  51.8794 0001000  26.4946 227.9300 15.06000000000019
STARLINK-74161
1 74161U 25045A   25001.00000000  .00000000  00000-0  00000-0 0  9993
2 74161  43.0000 178.0749 0001000 353.6217   2.8081 15.06000000000014
STARLINK-74162
1 74162U 21007A   25001.00000000  .00000000  00000-0  00000-0 0  9998
2 74162  53.0000  48.9752 0001000 245.9791  87.1422 15.06000000000010
STARLINK-74163
1 74163U 23029A   25001.00000000  .00000000  00000-0  00000-0 0  9995
2 74163  70.0000 298.5143 0001000 223.9222  58.9118 15.06000000000010
STARLINK-74164
1 74164U 22031A   25001.00000000  .00000000  00000-0  00000-0 0  9998
2 74164  97.6000 339.8023 0001000 239.5562 103.9798 15.06000000000017
STARLINK-74165
1 74165U 23042A   25001.00000000  .00000000  00000-0  00000-0 0  9992
2 74165  53.0000 324.0242 0001000 124.3467  58.3410 15.06000000000012
STARLINK-74166
1 74166U 19042A   25001.00000000  .00000000  00000-0  00000-0 0  9998
2 74166  43.0000 160.9409 0001000 217.2214 258.6417 15.06000000000018
STARLINK-74167
1 74167U 24034A   25001.00000000  .00000000  00000-0  00000-0 0  9996
2 74167  53.0000 111.0541 0001000  68.1901 204.2688 15.06000000000017
STARLINK-74168
1 74168U 20082A   25001.00000000  .00000000  00000-0  00000-0 0  9996
2 74168  70.0000 304.8445 0001000 263.1419 186.1491 15.06000000000013
STARLINK-74169
1 74169U 25027A   25001.00000000  .00000000  00000-0  00000-0 0  9991
2 74169  70.0000  35.0394 0001000 291.2453 297.8218 15.06000000000017
STARLINK-74170
1 74170U 24032A   25001.00000000  .00000000  00000-0  00000-0 0  9998
2 74170  53.0000  57.8426 0001000 277.4990  93.4849 15.06000000000010
STARLINK-74171
1 74171U 21018A   25001.00000000  .00000000  00000-0  00000-0 0  9990
2 74171  53.0000   1.0271 0001000 189.7738 140.2765 15.06000000000013
STARLINK-74172
1 74172U 25076A   25001.00000000  .00000000  00000-0  00000-0 0  9999
2 74172  97.6000 297.2239 0001000  19.9605 241.3349 15.06000000000019
STARLINK-74173
1 74173U 20034A   25001.00000000  .00000000  00000-0  00000-0 0  9999
2 74173  53.2000 314.1071 0001000 276.5095 221.1748 15.06000000000014
STARLINK-74174
1 74174U 25037A   25001.00000000  .00000000  00000-0  00000-0 0  9998
2 74174  43.0000 194.8018 0001000  89.6574  87.5384 15.06000000000011
STARLINK-74175
1 74175U 20079A   25001.00000000  .00000000  00000-0  00000-0 0  9990
2 74175  70.0000   5.1392 0001000  67.6388  33.5750 15.06000000000018
STARLINK-74176
1 74176U 22087A   25001.00000000  .00000000  00000-0  00000-0 0  9992
2 74176  43.0000  54.4950 0001000 134.4440 333.6291 15.06000000000012
STARLINK-74177
1 74177U 22002A   25001.00000000  .00000000  00000-0  00000-0 0  9990
2 74177  70.0000 263.9810 0001000 146.9108 353.4984 15.06000000000013
STARLINK-74178
1 74178U 21048A   25001.00000000  .00000000  00000-0  00000-0 0  9990
2 74178  53.2000 134.6965 0001000 194.3412  88.0794 15.06000000000017
STARLINK-74179
1 74179U 21001A   25001.00000000  .00000000  00000-0  00000-0 0  9990
2 74179  53.2000 280.7984 0001000 264.4956 256.0302 15.06000000000016
STARLINK-74180
1 74180U 24086A   25001.00000000  .00000000  00000-0  00000-0 0  9998
2 74180  97.6000  99.5481 0001000 116.8433 155.5397 15.06000000000015
STARLINK-74181
1 74181U 24050A   25001.00000000  .00000000  00000-0  00000-0 0  9990
2 74181  53.0000  26.2976 0001000 223.9077 270.9596 15.06000000000015
STARLINK-74182
1 74182U 22043A   25001.00000000  .00000000  00000-0  00000-0 0  9991
2 74182  43.0000 258.9804 0001000 109.2073 301.5940 15.06000000000015
STARLINK-74183
1 74183U 22084A   25001.00000000  .00000000  00000-0  00000-0 0  9997
2 74183  70.0000 247.9037 0001000  21.9255 278.0151 15.06000000000016
STARLINK-74184
1 74184U 24013A   25001.00000000  .00000000  00000-0  00000-0 0  9992
2 74184  43.0000  37.9435 0001000 309.6470  88.3840 15.06000000000018
STARLINK-74185
1 74185U 21011A   25001.00000000  .00000000  00000-0  00000-0 0  9998
2 74185  97.6000 228.0859 0001000 329.0033 225.9729 15.06000000000013
STARLINK-74186
1 74186U 23083A   25001.00000000  .00000000  00000-0  00000-0 0  9990
2 74186  70.0000 166.4104 0001000 299.8170 206.5406 15.06000000000010
STARLINK-74187
1 74187U 24013A   25001.00000000  .00000000  00000-0  00000-0 0  9995
2 74187  43.0000 270.7799 0001000 355.3694  53.4859 15.06000000000010
STARLINK-74188
1 74188U 21092A   25001.00000000  .00000000  00000-0  00000-0 0  9990
2 74188  43.0000  20.8015 0001000 347.1599 298.9117 15.06000000000012
STARLINK-74189
1 74189U 23009A   25001.00000000  .00000000  00000-0  00000-0 0  9991
2 74189  70.0000 174.2513 0001000  17.2400 270.9229 15.06000000000010
STARLINK-74190
1 74190U 23089A   25001.00000000  .00000000  00000-0  00000-0 0  9991
2 74190  53.0000 191.5297 0001000  73.7632 142.3204 15.06000000000013
STARLINK-74191
1 74191U 22007A   25001.00000000  .00000000  00000-0  00000-0 0  9991
2 74191  53.0000 298.2064 0001000 315.9562 107.3399 15.06000000000010
STARLINK-74192
1 74192U 24074A   25001.00000000  .00000000  00000-0  00000-0 0  9998
2 74192  53.0000  75.4311 0001000 315.5873  80.6999 15.06000000000011
STARLINK-74193
1 74193U 21066A   25001.00000000  .00000000  00000-0  00000-0 0  9997
2 74193  53.0000 127.4837 0001000 228.4379 343.2412 15.06000000000014
STARLINK-74194
1 74194U 25050A   25001.00000000  .00000000  00000-0  00000-0 0  9995
2 74194  43.0000   0.4552 0001000 262.6513 187.2461 15.06000000000018
STARLINK-74195
1 74195U 24077A   25001.00000000  .00000000  00000-0  00000-0 0  9994
2 74195  53.0000 251.6525 0001000 233.3954  54.5055 15.06000000000019
STARLINK-74196
1 74196U 24038A   25001.00000000  .00000000  00000-0  00000-0 0  9992
2 74196  53.0000 333.8938 0001000 127.6064 277.2424 15.06000000000012
STARLINK-74197
1 74197U 20091A   25001.00000000  .00000000  00000-0  00000-0 0  9998
2 74197  43.0000   8.3830 0001000 140.3208 110.5311 15.06000000000013
STARLINK-74198
1 74198U 24074A   25001.00000000  .00000000  00000-0  00000-0 0  9994
2 74198  53.2000 161.1846 0001000 282.8204 103.2249 15.06000000000019
STARLINK-74199
1 74199U 22096A   25001.00000000  .00000000  00000-0  00000-0 0  9997
2 74199  97.6000 110.7930 0001000  77.8869 244.6604 15.06000000000010
STARLINK-74200
1 74200U 22046A   25001.00000000  .00000000  00000-0  00000-0 0  9995
2 74200  53.2000 261.1619 0001000 144.9165 255.7628 15.06000000000010
STARLINK-74201
1 74201U 22027A   25001.00000000  .00000000  00000-0  00000-0 0  9995
2 74201  53.0000 123.6277 0001000  97.6762 326.1683 15.06000000000012
STARLINK-74202
1 74202U 19002A   25001.00000000  .00000000  00000-0  00000-0 0  9995
2 74202  53.2000 159.9580 0001000 279.2765 344.6850 15.06000000000016
STARLINK-74203
1 74203U 19089A   25001.00000000  .00000000  00000-0  00000-0 0  9991
2 74203  53.2000 180.7338 0001000 175.5431  58.7257 15.06000000000012
STARLINK-74204
1 74204U 22082A   25001.00000000  .00000000  00000-0  00000-0 0  9999
2 74204  97.6000 276.0983 0001000 261.3246 228.0371 15.06000000000017
STARLINK-74205
1 74205U 19067A   25001.00000000  .00000000  00000-0  00000-0 0  9999
2 74205  53.2000  34.6969 0001000 165.1182 189.3553 15.06000000000019
STARLINK-74206
1 74206U 25015A   25001.00000000  .00000000  00000-0  00000-0 0  9990
2 74206  97.6000 296.2573 0001000 184.2016 267.9374 15.06000000000011
STARLINK-74207
1 74207U 19066A   25001.00000000  .00000000  00000-0  00000-0 0  9990
2 74207  53.2000 156.5889 0001000 108.3808 260.6672 15.06000000000015
STARLINK-74208
1 74208U 21093A   25001.00000000  .00000000  00000-0  00000-0 0  9994
2 74208  43.0000  79.4054 0001000 164.0591 292.2077 15.06000000000018
STARLINK-74209
1 74209U 22017A   25001.00000000  .00000000  00000-0  00000-0 0  9992
2 74209  97.6000 259.4638 0001000 165.6127 167.4761 15.06000000000017
STARLINK-74210
1 74210U 23010A   25001.00000000  .00000000  00000-0  00000-0 0  9998
2 74210  97.6000  22.0780 0001000 335.4420 269.2210 15.06000000000014
STARLINK-74211
1 74211U 22063A   25001.00000000  .00000000  00000-0  00000-0 0  9996
2 74211  53.0000 138.4547 0001000 103.6711 324.2620 15.06000000000019
STARLINK-74212
1 74212U 24069A   25001.00000000  .00000000  00000-0  00000-0 0  9995
2 74212  53.2000 197.5136 0001000 110.0160 110.7934 15.06000000000018
STARLINK-74213
1 74213U 25022A   25001.00000000  .00000000  00000-0  00000-0 0  9996
2 74213  53.0000 124.0728 0001000 145.1864 124.5270 15.06000000000015
STARLINK-74214
1 74214U 19067A   25001.00000000  .00000000  00000-0  00000-0 0  9999
2 74214  53.2000 355.5635 0001000 211.3383 104.6024 15.06000000000014
STARLINK-74215
1 74215U 21044A   25001.00000000  .00000000  00000-0  00000-0 0  9998
2 74215  53.0000 276.0554 0001000  36.8595 136.8337 15.06000000000019
STARLINK-74216
1 74216U 19007A   25001.00000000  .00000000  00000-0  00000-0 0  9995
2 74216  70.0000 221.7793 0001000 271.8252 185.6203 15.06000000000016
STARLINK-74217
1 74217U 19091A   25001.00000000  .00000000  00000-0  00000-0 0  9999
2 74217  53.2000  57.6699 0001000 128.0051  25.8953 15.06000000000018
STARLINK-74218
1 74218U 25003A   25001.00000000  .00000000  00000-0  00000-0 0  9990
2 74218  70.0000 118.8668 0001000 170.2183  89.4862 15.06000000000012
STARLINK-74219
1 74219U 22037A   25001.00000000  .00000000  00000-0  00000-0 0  9995
2 74219  43.0000 190.3953 0001000 302.4656 319.3020 15.06000000000010
STARLINK-74220
1 74220U 21046A   25001.00000000  .00000000  00000-0  00000-0 0  9996
2 74220  53.0000 131.8655 0001000  86.2599 144.2760 15.06000000000011
STARLINK-74221
1 74221U 24098A   25001.00000000  .00000000  00000-0  00000-0 0  9997
2 74221  70.0000   1.7899 0001000 179.3144 137.8661 15.06000000000014
STARLINK-74222
1 74222U 24008A   25001.00000000  .00000000  00000-0  00000-0 0  9999
2 74222  97.6000 235.6992 0001000 102.6065 276.3346 15.06000000000012
STARLINK-74223
1 74223U 21087A   25001.00000000  .00000000  00000-0  00000-0 0  9994
2 74223  43.0000 277.3479 0001000 285.8194 232.1065 15.06000000000016
STARLINK-74224
1 74224U 20011A   25001.00000000  .00000000  00000-0  00000-0 0  9991
2 74224  70.0000 287.5985 0001000 240.3418 160.9590 15.06000000000018
STARLINK-74225
1 74225U 24071A   25001.00000000  .00000000  00000-0  00000-0 0  9992
2 74225  70.0000 353.0465 0001000 162.0651  50.9973 15.06000000000013
STARLINK-74226
1 74226U 19052A   25001.00000000  .00000000  00000-0  00000-0 0  9996
2 74226  70.0000 158.9033 0001000  66.2547 149.6855 15.06000000000011
STARLINK-74227
1 74227U 22042A   25001.00000000  .00000000  00000-0  00000-0 0  9990
2 74227  53.0000 180.1267 0001000 130.1877  56.4578 15.06000000000013
STARLINK-74228
1 74228U 20028A   25001.00000000  .00000000  00000-0  00000-0 0  9993
2 74228  53.0000  35.1820 0001000 250.7134 131.9456 15.06000000000017
STARLINK-74229
1 74229U 19069A   25001.00000000  .00000000  00000-0  00000-0 0  9997
2 74229  70.0000 268.4671 0001000 260.5471 343.8253 15.06000000000014
STARLINK-74230
1 74230U 21033A   25001.00000000  .00000000  00000-0  00000-0 0  9993
2 74230  53.2000 134.3255 0001000 256.5889 253.3879 15.06000000000015
STARLINK-74231
1 74231U 20057A   25001.00000000  .00000000  00000-0  00000-0 0  9999
2 74231  70.0000 324.5569 0001000 294.3010 242.7906 15.06000000000013
STARLINK-74232
1 74232U 21100A   25001.00000000  .00000000  00000-0  00000-0 0  9990
2 74232  53.2000   1.7609 0001000 233.5257 274.5442 15.06000000000012
STARLINK-74233
1 74233U 20042A   25001.00000000  .00000000  00000-0  00000-0 0  9995
2 74233  43.0000 299.7293 0001000 357.4083  66.5309 15.06000000000012
STARLINK-74234
1 74234U 24073A   25001.00000000  .00000000  00000-0  00000-0 0  9994
2 74234  53.0000 191.5266 0001000 106.9056  26.0610 15.06000000000016
STARLINK-74235
1 74235U 19027A   25001.00000000  .00000000  00000-0  00000-0 0  9998
2 74235  97.6000  11.7302 0001000  33.5648  38.8854 15.06000000000018
STARLINK-74236
1 74236U 25029A   25001.00000000  .00000000  00000-0  00000-0 0  9998
2 74236  97.6000 207.9909 0001000 159.6591 192.8570 15.06000000000014
STARLINK-74237
1 74237U 25055A   25001.00000000  .00000000  00000-0  00000-0 0  9998
2 74237  53.0000  19.4490 0001000 313.9917 213.5954 15.06000000000016
STARLINK-74238
1 74238U 21091A   25001.00000000  .00000000  00000-0  00000-0 0  9995
2 74238  53.2000 354.5404 0001000 233.0134   9.5877 15.06000000000017
STARLINK-74239
1 74239U 19037A   25001.00000000  .00000000  00000-0  00000-0 0  9993
2 74239  43.0000 308.5510 0001000 201.3917  56.0630 15.06000000000013
STARLINK-74240
1 74240U 22088A   25001.00000000  .00000000  00000-0  00000-0 0  9995
2 74240  53.0000  22.6419 0001000 108.8788 131.8411 15.06000000000014
STARLINK-74241
1 74241U 24024A   25001.00000000  .00000000  00000-0  00000-0 0  9998
2 74241  43.0000 307.9307 0001000 234.8880  43.9893 15.06000000000019
STARLINK-74242
1 74242U 24021A   25001.00000000  .00000000  00000-0  00000-0 0  9996
2 74242  43.0000 260.4507 0001000 254.9360  66.1734 15.06000000000012
STARLINK-74243
1 74243U 22029A   25001.00000000  .00000000  00000-0  00000-0 0  9993
2 74243  97.6000  62.6207 0001000   4.0672 237.7806 15.06000000000013
STARLINK-74244
1 74244U 19083A   25001.00000000  .00000000  00000-0  00000-0 0  9990
2 74244  97.6000 318.2537 0001000 256.7246 203.8931 15.06000000000016
STARLINK-74245
1 74245U 22017A   25001.00000000  .00000000  00000-0  00000-0 0  9992
2 74245  70.0000 320.0864 0001000 263.2238 104.3767 15.06000000000012
STARLINK-74246
1 74246U 22042A   25001.00000000  .00000000  00000-0  00000-0 0  9991
2 74246  43.0000 188.5656 0001000 357.9914  56.5687 15.06000000000010
STARLINK-74247
1 74247U 24009A   25001.00000000  .00000000  00000-0  00000-0 0  9997
2 74247  53.0000 241.3907 0001000  60.8439 109.6214 15.06000000000017
STARLINK-74248
1 74248U 23083A   25001.00000000  .00000000  00000-0  00000-0 0  9999
2 74248  53.2000 294.4106 0001000 327.7781  47.6674 15.06000000000016
STARLINK-74249
1 74249U 24048A   25001.00000000  .00000000  00000-0  00000-0 0  9992
2 74249  70.0000 358.6881 0001000 213.0494 177.8263 15.06000000000015
STARLINK-74250
1 74250U 21044A   25001.00000000  .00000000  00000-0  00000-0 0  9997
2 74250  97.6000 194.3804 0001000 329.5873  73.4618 15.06000000000011
STARLINK-74251
1 74251U 25036A   25001.00000000  .00000000  00000-0  00000-0 0  9993
2 74251  97.6000 236.0797 0001000  92.9174 318.7827 15.06000000000019
STARLINK-74252
1 74252U 24044A   25001.00000000  .00000000  00000-0  00000-0 0  9992
2 74252  70.0000 240.7507 0001000 301.2379 207.2805 15.06000000000017
STARLINK-74253
1 74253U 19051A   25001.00000000  .00000000  00000-0  00000-0 0  9995
2 74253  43.0000 284.4416 0001000   9.1375  29.8939 15.06000000000018
STARLINK-74254
1 74254U 19075A   25001.00000000  .00000000  00000-0  00000-0 0  9992
2 74254  43.0000  12.2047 0001000  10.8071  64.0660 15.06000000000010
STARLINK-74255
1 74255U 20025A   25001.00000000  .00000000  00000-0  00000-0 0  9990
2 74255  70.0000  38.8648 0001000 268.4793 297.0198 15.06000000000018
STARLINK-74256
1 74256U 23056A   25001.00000000  .00000000  00000-0  00000-0 0  9998
2 74256  97.6000 135.5828 0001000  43.5697 272.0490 15.06000000000012
STARLINK-74257
1 74257U 21073A   25001.00000000  .00000000  00000-0  00000-0 0  9996
2 74257  43.0000 177.1161 0001000 263.0328  29.7777 15.06000000000015
STARLINK-74258
1 74258U 23089A   25001.00000000  .00000000  00000-0  00000-0 0  9996
2 74258  53.2000 183.0724 0001000 292.2301 180.9640 15.06000000000014
STARLINK-74259
1 74259U 23044A   25001.00000000  .00000000  00000-0  00000-0 0  9998
2 74259  97.6000 173.8794 0001000  59.6330  99.2798 15.06000000000014
STARLINK-74260
1 74260U 21071A   25001.00000000  .00000000  00000-0  00000-0 0  9998
2 74260  53.0000 150.8944 0001000 136.4076 181.7057 15.06000000000010
STARLINK-74261
1 74261U 20027A   25001.00000000  .00000000  00000-0  00000-0 0  9999
2 74261  97.6000 325.6944 0001000  17.2827 207.3428 15.06000000000014
STARLINK-74262
1 74262U 25051A   25001.00000000  .00000000  00000-0  00000-0 0  9992
2 74262  97.6000 192.5468 0001000 343.1564 115.7599 15.06000000000017
STARLINK-74263
1 74263U 22063A   25001.00000000  .00000000  00000-0  00000-0 0  9993
2 74263  43.0000  44.9855 0001000 184.0070 108.3378 15.06000000000010
STARLINK-74264
1 74264U 19063A   25001.00000000  .00000000  00000-0  00000-0 0  9990
2 74264  70.0000 130.9659 0001000 187.3655 334.2496 15.06000000000015
STARLINK-74265
1 74265U 20011A   25001.00000000  .00000000  00000-0  00000-0 0  9996
2 74265  70.0000 316.2784 0001000 181.0430 170.8962 15.06000000000018
STARLINK-74266
1 74266U 23075A   25001.00000000  .00000000  00000-0  00000-0 0  9990
2 74266  53.0000 128.5378 0001000 117.1286 196.3701 15.06000000000016
STARLINK-74267
1 74267U 23039A   25001.00000000  .00000000  00000-0  00000-0 0  9991
2 74267  53.0000  16.8162 0001000 342.8273  38.8478 15.06000000000011
STARLINK-74268
1 74268U 24042A   25001.00000000  .00000000  00000-0  00000-0 0  9997
2 74268  97.6000  29.5409 0001000 222.1747   6.8513 15.06000000000012
STARLINK-74269
1 74269U 21075A   25001.00000000  .00000000  00000-0  00000-0 0  9991
2 74269  43.0000 254.8016 0001000 245.4444 167.1933 15.06000000000014
STARLINK-74270
1 74270U 25099A   25001.00000000  .00000000  00000-0  00000-0 0  9993
2 74270  70.0000 307.9810 0001000 143.7147   4.8489 15.06000000000011
STARLINK-74271
1 74271U 23063A   25001.00000000  .00000000  00000-0  00000-0 0  9993
2 74271  53.2000 300.2096 0001000  12.4921 331.9807 15.06000000000017
STARLINK-74272
1 74272U 22054A   25001.00000000  .00000000  00000-0  00000-0 0  9993
2 74272  43.0000  86.5109 0001000  51.9364 309.9326 15.06000000000014
STARLINK-74273
1 74273U 24020A   25001.00000000  .00000000  00000-0  00000-0 0  9999
2 74273  53.2000 109.3835 0001000 299.6095 274.3475 15.06000000000010
STARLINK-74274
1 74274U 22096A   25001.00000000  .00000000  00000-0  00000-0 0  9991
2 74274  70.0000 321.4448 0001000  97.3373  81.4878 15.06000000000011
STARLINK-74275
1 74275U 21035A   25001.00000000  .00000000  00000-0  00000-0 0  9994
2 74275  70.0000  73.9452 0001000 333.7279   2.5366 15.06000000000014
STARLINK-74276
1 74276U 23082A   25001.00000000  .00000000  00000-0  00000-0 0  9999
2 74276  97.6000 305.5489 0001000 128.7432 350.1709 15.06000000000010
STARLINK-74277
1 74277U 24094A   25001.00000000  .00000000  00000-0  00000-0 0  9994
2 74277  97.6000 107.9046 0001000 152.4265 150.5948 15.06000000000019
STARLINK-74278
1 74278U 23037A   25001.00000000  .00000000  00000-0  00000-0 0  9991
2 74278  53.0000 180.6837 0001000 144.9073 295.8979 15.06000000000012
STARLINK-74279
1 74279U 19098A   25001.00000000  .00000000  00000-0  00000-0 0  9994
2 74279  70.0000 307.3242 0001000 305.8123 102.4661 15.06000000000015
STARLINK-74280
1 74280U 23025A   25001.00000000  .00000000  00000-0  00000-0 0  9991
2 74280  43.0000  65.3761 0001000 259.4224 169.7570 15.06000000000015
STARLINK-74281
1 74281U 25003A   25001.00000000  .00000000  00000-0  00000-0 0  9990
2 74281  97.6000  24.9498 0001000 197.2512 335.1438 15.06000000000010
STARLINK-74282
1 74282U 25033A   25001.00000000  .00000000  00000-0  00000-0 0  9994
2 74282  43.0000 161.3250 0001000  66.6078 326.0026 15.06000000000016
STARLINK-74283
1 74283U 23048A   25001.00000000  .00000000  00000-0  00000-0 0  9999
2 74283  70.0000  18.1156 0001000 202.2615 198.1248 15.06000000000010
STARLINK-74284
1 74284U 20024A   25001.00000000  .00000000  00000-0  00000-0 0  9991
2 74284  70.0000 145.7511 0001000 122.4119  68.9018 15.06000000000014
STARLINK-74285
1 74285U 24011A   25001.00000000  .00000000  00000-0  00000-0 0  9992
2 74285  70.0000 316.3202 0001000 325.8405 134.2798 15.06000000000017
STARLINK-74286
1 74286U 20038A   25001.00000000  .00000000  00000-0  00000-0 0  9998
2 74286  97.6000 175.1048 0001000 300.1918 314.9923 15.06000000000014
STARLINK-74287
1 74287U 24056A   25001.00000000  .00000000  00000-0  00000-0 0  9993
2 74287  53.0000  30.4976 0001000 308.8841 318.4650 15.06000000000010
STARLINK-74288
1 74288U 20013A   25001.00000000  .00000000  00000-0  00000-0 0  9993
2 74288  70.0000 146.7599 0001000  58.8543  72.4848 15.06000000000019
STARLINK-74289
1 74289U 25075A   25001.00000000  .00000000  00000-0  00000-0 0  9997
2 74289  53.0000 324.0967 0001000 214.8878 326.9493 15.06000000000019
STARLINK-74290
1 74290U 25022A   25001.00000000  .00000000  00000-0  00000-0 0  9991
2 74290  97.6000 194.1587 0001000 305.5948  47.1241 15.06000000000018
STARLINK-74291
1 74291U 22003A   25001.00000000  .00000000  00000-0  00000-0 0  9998
2 74291  43.0000 348.0753 0001000 159.6419 247.5772 15.06000000000015
STARLINK-74292
1 74292U 25070A   25001.00000000  .00000000  00000-0  00000-0 0  9996
2 74292  53.0000 141.6063 0001000  81.4763 144.2010 15.06000000000010
STARLINK-74293
1 74293U 20087A   25001.00000000  .00000000  00000-0  00000-0 0  9990
2 74293  53.2000 304.1351 0001000  68.7044  99.9075 15.06000000000016
STARLINK-74294
1 74294U 25019A   25001.00000000  .00000000  00000-0  00000-0 0  9991
2 74294  53.0000 256.5251 0001000 113.1657 252.2540 15.06000000000010
STARLINK-74295
1 74295U 25062A   25001.00000000  .00000000  00000-0  00000-0 0  9990
2 74295  70.0000 141.2154 0001000 182.8748  58.5829 15.06000000000013
STARLINK-74296
1 74296U 21038A   25001.00000000  .00000000  00000-0  00000-0 0  9990
2 74296  53.0000 164.4537 0001000  25.1376 160.8805 15.06000000000014
STARLINK-74297
1 74297U 22003A   25001.00000000  .00000000  00000-0  00000-0 0  9994
2 74297  43.0000 292.8567 0001000 212.2233 221.6867 15.06000000000018
STARLINK-74298
1 74298U 22060A   25001.00000000  .00000000  00000-0  00000-0 0  9998
2 74298  97.6000 144.7302 0001000   7.5188 235.6870 15.06000000000019
STARLINK-74299
1 74299U 21065A   25001.00000000  .00000000  00000-0  00000-0 0  9993
2 74299  53.0000 315.0664 0001000 245.6846 283.9521 15.06000000000015
STARLINK-74300
1 74300U 25045A   25001.00000000  .00000000  00000-0  00000-0 0  9998
2 74300  43.0000 137.9082 0001000 163.7099  30.5108 15.06000000000019
STARLINK-74301
1 74301U 24084A   25001.00000000  .00000000  00000-0  00000-0 0  9991
2 74301  70.0000  68.5814 0001000  41.5219  95.3441 15.06000000000018
STARLINK-74302
1 74302U 19080A   25001.00000000  .00000000  00000-0  00000-0 0  9992
2 74302  70.0000 302.0519 0001000 305.5331 269.2910 15.06000000000018
STARLINK-74303
1 74303U 19048A   25001.00000000  .00000000  00000-0  00000-0 0  9997
2 74303  70.0000 277.2670 0001000 298.9385 287.2554 15.06000000000018
STARLINK-74304
1 74304U 25018A   25001.00000000  .00000000  00000-0  00000-0 0  9992
2 74304  97.6000 315.1405 0001000  61.6089 168.6547 15.06000000000012
STARLINK-74305
1 74305U 23071A   25001.00000000  .00000000  00000-0  00000-0 0  9990
2 74305  53.0000 343.3814 0001000  72.6698 110.7689 15.06000000000019
STARLINK-74306
1 74306U 25014A   25001.00000000  .00000000  00000-0  00000-0 0  9990
2 74306  97.6000 179.5677 0001000  19.4309 316.3244 15.06000000000019
STARLINK-74307
1 74307U 25018A   25001.00000000  .00000000  00000-0  00000-0 0  9995
2 74307  43.0000 190.6929 0001000  64.3295 186.5959 15.06000000000012
STARLINK-74308
1 74308U 25032A   25001.00000000  .00000000  00000-0  00000-0 0  9992
2 74308  53.2000 162.3079 0001000  22.1732 214.8861 15.06000000000013
STARLINK-74309
1 74309U 19008A   25001.00000000  .00000000  00000-0  00000-0 0  9999
2 74309  70.0000  69.5270 0001000 180.3289  18.1214 15.06000000000013
STARLINK-74310
1 74310U 23018A   25001.00000000  .00000000  00000-0  00000-0 0  9997
2 74310  53.0000   8.9297 0001000  41.8183 257.8351 15.06000000000010
STARLINK-74311
1 74311U 24039A   25001.00000000  .00000000  00000-0  00000-0 0  9992
2 74311  53.0000  51.4137 0001000 117.9433   8.5433 15.06000000000012
STARLINK-74312
1 74312U 21005A   25001.00000000  .00000000  00000-0  00000-0 0  9993
2 74312  43.0000 177.1732 0001000  69.8684 213.3377 15.06000000000015
STARLINK-74313
1 74313U 21031A   25001.00000000  .00000000  00000-0  00000-0 0  9993
2 74313  70.0000 200.4128 0001000 349.5474 165.2672 15.06000000000013
STARLINK-74314
1 74314U 23043A   25001.00000000  .00000000  00000-0  00000-0 0  9999
2 74314  43.0000 154.5633 0001000  13.8221  77.7372 15.06000000000019
STARLINK-74315
1 74315U 24014A   25001.00000000  .00000000  00000-0  00000-0 0  9999
2 74315  97.6000 157.8782 0001000 222.2914 286.2040 15.06000000000010
STARLINK-74316
1 74316U 25060A   25001.00000000  .00000000  00000-0  00000-0 0  9992
2 74316  53.2000 108.7223 0001000  74.9767   3.1407 15.06000000000015
STARLINK-74317
1 74317U 22049A   25001.00000000  .00000000  00000-0  00000-0 0  9997
2 74317  97.6000 133.0628 0001000 243.1649 170.9301 15.06000000000013
STARLINK-74318
1 74318U 21090A   25001.00000000  .00000000  00000-0  00000-0 0  9993
2 74318  70.0000  84.7940 0001000 126.7893  78.7822 15.06000000000018
STARLINK-74319
1 74319U 20057A   25001.00000000  .00000000  00000-0  00000-0 0  9996
2 74319  53.2000 298.2785 0001000 350.9109 116.8170 15.06000000000012
STARLINK-74320
1 74320U 19073A   25001.00000000  .00000000  00000-0  00000-0 0  9994
2 74320  53.0000 119.8701 0001000  75.4029 177.4997 15.06000000000018
STARLINK-74321
1 74321U 22089A   25001.00000000  .00000000  00000-0  00000-0 0  9996
2 74321  97.6000 135.4253 0001000  14.2607  62.1431 15.06000000000015
STARLINK-74322
1 74322U 25039A   25001.00000000  .00000000  00000-0  00000-0 0  9995
2 74322  53.0000  94.7651 0001000 128.3696 171.2187 15.06000000000016
STARLINK-74323
1 74323U 21006A   25001.00000000  .00000000  00000-0  00000-0 0  9996
2 74323  53.0000 316.1964 0001000 148.9417  62.7986 15.06000000000015
STARLINK-74324
1 74324U 25005A   25001.00000000  .00000000  00000-0  00000-0 0  9990
2 74324  70.0000 189.1985 0001000  94.3065 357.5529 15.06000000000017
STARLINK-74325
1 74325U 24043A   25001.00000000  .00000000  00000-0  00000-0 0  9992
2 74325  97.6000 344.2508 0001000 211.9111 258.9222 15.06000000000011
STARLINK-74326
1 74326U 23095A   25001.00000000  .00000000  00000-0  00000-0 0  9999
2 74326  97.6000   8.1741 0001000  13.3301 255.0982 15.06000000000013
STARLINK-74327
1 74327U 24093A   25001.00000000  .00000000  00000-0  00000-0 0  9999
2 74327  97.6000  22.9018 0001000  18.4929 114.5921 15.06000000000019
STARLINK-74328
1 74328U 23083A   25001.00000000  .00000000  00000-0  00000-0 0  9998
2 74328  53.0000 179.6116 0001000  87.9157 309.3586 15.06000000000010
STARLINK-74329
1 74329U 25086A   25001.00000000  .00000000  00000-0  00000-0 0  9994
2 74329  97.6000 153.4622 0001000 165.1075 328.6326 15.06000000000011
STARLINK-74330
1 74330U 24016A   25001.00000000  .00000000  00000-0  00000-0 0  9998
2 74330  97.6000 197.5726 0001000  63.6322  65.3629 15.06000000000015
STARLINK-74331
1 74331U 21040A   25001.00000000  .00000000  00000-0  00000-0 0  9993
2 74331  53.2000 353.6629 0001000  91.1384 313.5655 15.06000000000012
STARLINK-74332
1 74332U 22038A   25001.00000000  .00000000  00000-0  00000-0 0  9992
2 74332  53.2000 281.0806 0001000 147.8996 264.5911 15.06000000000012
STARLINK-74333
1 74333U 21033A   25001.00000000  .00000000  00000-0  00000-0 0  9997
2 74333  43.0000  69.1168 0001000 137.6176 345.2605 15.06000000000010
STARLINK-74334
1 74334U 25036A   25001.00000000  .00000000  00000-0  00000-0 0  9995
2 74334  97.6000 186.8342 0001000  69.5686 168.4170 15.06000000000018
STARLINK-74335
1 74335U 23044A   25001.00000000  .00000000  00000-0  00000-0 0  9993
2 74335  70.0000 345.5018 0001000 321.2492 186.3141 15.06000000000018
STARLINK-74336
1 74336U 21040A   25001.00000000  .00000000  00000-0  00000-0 0  9998
2 74336  53.2000 142.0692 0001000 209.2326 103.0231 15.06000000000017
STARLINK-74337
1 74337U 22031A   25001.00000000  .00000000  00000-0  00000-0 0  9990
2 74337  53.0000 215.5876 0001000 285.1480 113.1462 15.06000000000018
STARLINK-74338
1 74338U 23084A   25001.00000000  .00000000  00000-0  00000-0 0  9990
2 74338  97.6000 116.1540 0001000 342.6899  99.4111 15.06000000000017
STARLINK-74339
1 74339U 25081A   25001.00000000  .00000000  00000-0  00000-0 0  9990
2 74339  53.0000 300.1338 0001000  31.9786 115.6672 15.06000000000010
STARLINK-74340
1 74340U 24076A   25001.00000000  .00000000  00000-0  00000-0 0  9995
2 74340  97.6000  99.5362 0001000 156.9867 130.1364 15.06000000000010
STARLINK-74341
1 74341U 24007A   25001.00000000  .00000000  00000-0  00000-0 0  9990
2 74341  43.0000 169.7747 0001000 133.5023 192.8736 15.06000000000016
STARLINK-74342
1 74342U 23058A   25001.00000000  .00000000  00000-0  00000-0 0  9996
2 74342  53.2000 202.9046 0001000 207.2255  40.5724 15.06000000000014
STARLINK-74343
1 74343U 23085A   25001.00000000  .00000000  00000-0  00000-0 0  9997
2 74343  97.6000 143.2190 0001000 122.4467 264.0755 15.06000000000014
STARLINK-74344
1 74344U 22053A   25001.00000000  .00000000  00000-0  00000-0 0  9992
2 74344  53.2000 126.2389 0001000 170.1170 143.6360 15.06000000000019
STARLINK-74345
1 74345U 20036A   25001.00000000  .00000000  00000-0  00000-0 0  9992
2 74345  53.0000 355.5715 0001000  79.3017 258.5459 15.06000000000013
STARLINK-74346
1 74346U 19013A   25001.00000000  .00000000  00000-0  00000-0 0  9996
2 74346  53.2000 179.9328 0001000 106.8054 308.4465 15.06000000000013
STARLINK-74347
1 74347U 21024A   25001.00000000  .00000000  00000-0  00000-0 0  9992
2 74347  97.6000  40.0362 0001000 123.4492 168.9985 15.06000000000019
STARLINK-74348
1 74348U 21003A   25001.00000000  .00000000  00000-0  00000-0 0  9990
2 74348  70.0000 252.4414 0001000 138.4961 285.3316 15.06000000000011
STARLINK-74349
1 74349U 21038A   25001.00000000  .00000000  00000-0  00000-0 0  9999
2 74349  53.2000 117.4460 0001000  30.6708 210.3545 15.06000000000010
STARLINK-74350
1 74350U 19099A   25001.00000000  .00000000  00000-0  00000-0 0  9995
2 74350  70.0000 102.4299 0001000 103.5286 101.6216 15.06000000000011
STARLINK-74351
1 74351U 20055A   25001.00000000  .00000000  00000-0  00000-0 0  9990
2 74351  43.0000  81.4459 0001000  45.6443 344.4349 15.06000000000011
STARLINK-74352
1 74352U 22093A   25001.00000000  .00000000  00000-0  00000-0 0  9995
2 74352  97.6000   1.5806 0001000 250.6913 335.4707 15.06000000000014
STARLINK-74353
1 74353U 19013A   25001.00000000  .00000000  00000-0  00000-0 0  9994
2 74353  53.2000 210.1948 0001000 304.7332 189.4376 15.06000000000013
STARLINK-74354
1 74354U 22060A   25001.00000000  .00000000  00000-0  00000-0 0  9991
2 74354  43.0000 244.6844 0001000 109.9188  69.3566 15.06000000000019
STARLINK-74355
1 74355U 20076A   25001.00000000  .00000000  00000-0  00000-0 0  9997
2 74355  53.2000  48.8178 0001000 115.6769 198.0445 15.06000000000012
STARLINK-74356
1 74356U 19068A   25001.00000000  .00000000  00000-0  00000-0 0  9997
2 74356  43.0000 354.2015 0001000 207.1501 274.2139 15.06000000000012
STARLINK-74357
1 74357U 22055A   25001.00000000  .00000000  00000-0  00000-0 0  9998
2 74357  53.2000 335.3131 0001000 178.8947 269.0160 15.06000000000019
STARLINK-74358
1 74358U 25075A   25001.00000000  .00000000  00000-0  00000-0 0  9994
2 74358  43.0000 175.7165 0001000  36.2120  20.3622 15.06000000000011
STARLINK-74359
1 74359U 24014A   25001.00000000  .00000000  00000-0  00000-0 0  9997
2 74359  97.6000 253.9965 0001000  91.0454 233.0347 15.06000000000010
STARLINK-74360
1 74360U 22079A   25001.00000000  .00000000  00000-0  00000-0 0  9998
2 74360  97.6000 297.5726 0001000 269.8202 307.0635 15.06000000000019
STARLINK-74361
1 74361U 23061A   25001.00000000  .00000000  00000-0  00000-0 0  9991
2 74361  97.6000 273.3360 0001000 195.8669 327.2390 15.06000000000013
STARLINK-74362
1 74362U 20004A   25001.00000000  .00000000  00000-0  00000-0 0  9996
2 74362  97.6000 192.5897 0001000 157.4959 153.7950 15.06000000000011
STARLINK-74363
1 74363U 23013A   25001.00000000  .00000000  00000-0  00000-0 0  9990
2 74363  70.0000 268.2591 0001000 335.3778 132.1627 15.06000000000017
STARLINK-74364
1 74364U 19034A   25001.00000000  .00000000  00000-0  00000-0 0  9999
2 74364  53.0000  30.2153 0001000 278.4166 180.8326 15.06000000000014
STARLINK-74365
1 74365U 21006A   25001.00000000  .00000000  00000-0  00000-0 0  9992
2 74365  53.2000 262.3239 0001000 111.2436  73.1985 15.06000000000019
STARLINK-74366
1 74366U 19030A   25001.00000000  .00000000  00000-0  00000-0 0  9997
2 74366  70.0000 243.2287 0001000  73.3122 298.7358 15.06000000000017
STARLINK-74367
1 74367U 21041A   25001.00000000  .00000000  00000-0  00000-0 0  9993
2 74367  70.0000  75.0328 0001000 314.8744  83.4047 15.06000000000012
STARLINK-74368
1 74368U 19049A   25001.00000000  .00000000  00000-0  00000-0 0  9999
2 74368  53.2000  23.6403 0001000  93.7550 100.1944 15.06000000000010
STARLINK-74369
1 74369U 19006A   25001.00000000  .00000000  00000-0  00000-0 0  9993
2 74369  97.6000 309.5474 0001000 349.1349   3.8027 15.06000000000012
STARLINK-74370
1 74370U 24017A   25001.00000000  .00000000  00000-0  00000-0 0  9993
2 74370  70.0000  32.9277 0001000 294.7035 161.2922 15.06000000000017
STARLINK-74371
1 74371U 23020A   25001.00000000  .00000000  00000-0  00000-0 0  9997
2 74371  53.2000 107.9275 0001000 283.7503  92.6283 15.06000000000017
STARLINK-74372
1 74372U 22087A   25001.00000000  .00000000  00000-0  00000-0 0  9990
2 74372  43.0000 349.7866 0001000 339.9044 341.1623 15.06000000000011
STARLINK-74373
1 74373U 20048A   25001.00000000  .00000000  00000-0  00000-0 0  9996
2 74373  43.0000  38.7074 0001000 146.6226 212.0360 15.06000000000017
STARLINK-74374
1 74374U 22053A   25001.00000000  .00000000  00000-0  00000-0 0  9995
2 74374  97.6000 112.1655 0001000  91.4495 276.5455 15.06000000000010
STARLINK-74375
1 74375U 22019A   25001.00000000  .00000000  00000-0  00000-0 0  9998
2 74375  97.6000  16.0054 0001000  57.5210  59.7858 15.06000000000012
STARLINK-74376
1 74376U 23027A   25001.00000000  .00000000  00000-0  00000-0 0  9999
2 74376  53.0000  49.9829 0001000 221.5188  98.6219 15.06000000000014
STARLINK-74377
1 74377U 19040A   25001.00000000  .00000000  00000-0  00000-0 0  9990
2 74377  97.6000 174.3413 0001000 230.1215  65.1183 15.06000000000017
STARLINK-74378
1 74378U 19006A   25001.00000000  .00000000  00000-0  00000-0 0  9993
2 74378  53.0000 358.1824 0001000 214.9764 254.0087 15.06000000000013
STARLINK-74379
1 74379U 19073A   25001.00000000  .00000000  00000-0  00000-0 0  9998
2 74379  53.0000 247.9089 0001000 350.8079 109.6036 15.06000000000010
STARLINK-74380
1 74380U 24083A   25001.00000000  .00000000  00000-0  00000-0 0  9997
2 74380  53.2000   2.8681 0001000 194.2314 269.9418 15.06000000000016
STARLINK-74381
1 74381U 22073A   25001.00000000  .00000000  00000-0  00000-0 0  9995
2 74381  43.0000 233.8412 0001000 334.3969  88.6375 15.06000000000013
STARLINK-74382
1 74382U 20052A   25001.00000000  .00000000  00000-0  00000-0 0  9991
2 74382  43.0000 196.3706 0001000  87.3296   1.4884 15.06000000000019
STARLINK-74383
1 74383U 19056A   25001.00000000  .00000000  00000-0  00000-0 0  9994
2 74383  70.0000  40.0500 0001000 149.3421 214.4716 15.06000000000016
STARLINK-74384
1 74384U 25037A   25001.00000000  .00000000  00000-0  00000-0 0  9991
2 74384  43.0000 320.6191 0001000 114.5101 304.4958 15.06000000000017
STARLINK-74385
1 74385U 25013A   25001.00000000  .00000000  00000-0  00000-0 0  9996
2 74385  43.0000 251.5847 0001000 231.8685 298.8933 15.06000000000017
STARLINK-74386
1 74386U 21044A   25001.00000000  .00000000  00000-0  00000-0 0  9997
2 74386  53.0000  49.0839 0001000 339.0706 308.4463 15.06000000000011
STARLINK-74387
1 74387U 20080A   25001.00000000  .00000000  00000-0  00000-0 0  9997
2 74387  43.0000  79.3924 0001000  55.9603 198.2321 15.06000000000010
STARLINK-74388
1 74388U 21012A   25001.00000000  .00000000  00000-0  00000-0 0  9994
2 74388  43.0000 199.9173 0001000 134.9163 119.5506 15.06000000000016
STARLINK-74389
1 74389U 20010A   25001.00000000  .00000000  00000-0  00000-0 0  9992
2 74389  43.0000 116.8428 0001000 306.4762  46.4646 15.06000000000012
STARLINK-74390
1 74390U 20030A   25001.00000000  .00000000  00000-0  00000-0 0  9996
2 74390  53.0000  29.8311 0001000 191.3964  14.3500 15.06000000000017
STARLINK-74391
1 74391U 24038A   25001.00000000  .00000000  00000-0  00000-0 0  9999
2 74391  53.0000 205.7483 0001000  81.9390  12.5526 15.06000000000018
STARLINK-74392
1 74392U 25036A   25001.00000000  .00000000  00000-0  00000-0 0  9999
2 74392  53.2000 135.5096 0001000  22.6615 101.0632 15.06000000000015
STARLINK-74393
1 74393U 20036A   25001.00000000  .00000000  00000-0  00000-0 0  9995
2 74393  97.6000 206.4058 0001000  59.4423 235.0367 15.06000000000012
STARLINK-74394
1 74394U 22005A   25001.00000000  .00000000  00000-0  00000-0 0  9994
2 74394  53.0000 267.1574 0001000 213.2757 135.8453 15.06000000000019
STARLINK-74395
1 74395U 22032A   25001.00000000  .00000000  00000-0  00000-0 0  9995
2 74395  70.0000 222.2816 0001000 201.5161 197.4988 15.06000000000016
STARLINK-74396
1 74396U 22005A   25001.00000000  .00000000  00000-0  00000-0 0  9996
2 74396  70.0000 201.8982 0001000 323.8992 200.2715 15.06000000000015
STARLINK-74397
1 74397U 19068A   25001.00000000  .00000000  00000-0  00000-0 0  9992
2 74397  70.0000 304.7719 0001000  86.7444  37.1446 15.06000000000012
STARLINK-74398
1 74398U 21038A   25001.00000000  .00000000  00000-0  00000-0 0  9993
2 74398  97.6000 334.1330 0001000  36.0041 345.1760 15.06000000000016
STARLINK-74399
1 74399U 21076A   25001.00000000  .00000000  00000-0  00000-0 0  9996
2 74399  53.2000 216.4240 0001000  71.0433 220.0587 15.06000000000019
STARLINK-74400
1 74400U 21078A   25001.00000000  .00000000  00000-0  00000-0 0  9991
2 74400  53.2000 184.1554 0001000 248.8620 195.8523 15.06000000000012
STARLINK-74401
1 74401U 25082A   25001.00000000  .00000000  00000-0  00000-0 0  9991
2 74401  70.0000 156.2905 0001000  56.6326 267.7547 15.06000000000013
STARLINK-74402
1 74402U 24096A   25001.00000000  .00000000  00000-0  00000-0 0  9996
2 74402  43.0000  55.7994 0001000  78.3302 234.4296 15.06000000000012
STARLINK-74403
1 74403U 20042A   25001.00000000  .00000000  00000-0  00000-0 0  9994
2 74403  53.2000 238.7817 0001000 212.5132 110.9234 15.06000000000016
STARLINK-74404
1 74404U 23046A   25001.00000000  .00000000  00000-0  00000-0 0  9992
2 74404  53.2000 280.5202 0001000 247.4601 294.9678 15.06000000000013
STARLINK-74405
1 74405U 19079A   25001.00000000  .00000000  00000-0  00000-0 0  9994
2 74405  43.0000 118.0256 0001000 210.1716 329.6270 15.06000000000013
STARLINK-74406
1 74406U 25074A   25001.00000000  .00000000  00000-0  00000-0 0  9997
2 74406  53.0000 338.4093 0001000 280.1957 267.8188 15.06000000000017
STARLINK-74407
1 74407U 22020A   25001.00000000  .00000000  00000-0  00000-0 0  9996
2 74407  97.6000 302.5889 0001000 208.5854  58.0038 15.06000000000011
STARLINK-74408
1 74408U 19049A   25001.00000000  .00000000  00000-0  00000-0 0  9994
2 74408  53.2000  94.3237 0001000  70.9077 351.2851 15.06000000000012
STARLINK-74409
1 74409U 25099A   25001.00000000  .00000000  00000-0  00000-0 0  9997
2 74409  70.0000 348.6244 0001000 313.0169  93.8087 15.06000000000016
STARLINK-74410
1 74410U 19022A   25001.00000000  .00000000  00000-0  00000-0 0  9998
2 74410  70.0000 242.1321 0001000 274.2360 331.4380 15.06000000000010
STARLINK-74411
1 74411U 20100A   25001.00000000  .00000000  00000-0  00000-0 0  9998
2 74411  97.6000   5.7100 0001000 229.1012  15.7945 15.06000000000016
STARLINK-74412
1 74412U 20003A   25001.00000000  .00000000  00000-0  00000-0 0  9991
2 74412  43.0000 237.0831 0001000  95.3312  83.9960 15.06000000000013
STARLINK-74413
1 74413U 22015A   25001.00000000  .00000000  00000-0  00000-0 0  9997
2 74413  43.0000   6.1287 0001000  29.7735   6.3204 15.06000000000014
STARLINK-74414
1 74414U 19045A   25001.00000000  .00000000  00000-0  00000-0 0  9997
2 74414  43.0000 290.6952 0001000 266.9977  55.7021 15.06000000000012
STARLINK-74415
1 74415U 23084A   25001.00000000  .00000000  00000-0  00000-0 0  9996
2 74415  70.0000 268.9616 0001000 349.1678  59.7633 15.06000000000013
STARLINK-74416
1 74416U 20069A   25001.00000000  .00000000  00000-0  00000-0 0  9997
2 74416  53.2000 352.9991 0001000 192.1784  21.2329 15.06000000000017
STARLINK-74417
1 74417U 20010A   25001.00000000  .00000000  00000-0  00000-0 0  9994
2 74417  70.0000  93.4369 0001000 144.3419 342.5436 15.06000000000013
STARLINK-74418
1 74418U 23047A   25001.00000000  .00000000  00000-0  00000-0 0  9998
2 74418  53.2000 236.1017 0001000 244.2093 117.3976 15.06000000000018
STARLINK-74419
1 74419U 25051A   25001.00000000  .00000000  00000-0  00000-0 0  9996
2 74419  53.0000 129.0026 0001000 194.9059 105.1963 15.06000000000011
STARLINK-74420
1 74420U 19009A   25001.00000000  .00000000  00000-0  00000-0 0  9994
2 74420  43.0000 187.8199 0001000 143.7070 355.5144 15.06000000000012
STARLINK-74421
1 74421U 24060A   25001.00000000  .00000000  00000-0  00000-0 0  9998
2 74421  53.0000 251.3078 0001000 191.2342 339.9898 15.06000000000019
STARLINK-74422
1 74422U 25060A   25001.00000000  .00000000  00000-0  00000-0 0  9990
2 74422  43.0000  29.5808 0001000 191.1741  76.6695 15.06000000000017
STARLINK-74423
1 74423U 22046A   25001.00000000  .00000000  00000-0  00000-0 0  9992
2 74423  43.0000  72.3730 0001000 165.7027 269.1236 15.06000000000012
STARLINK-74424
1 74424U 25071A   25001.00000000  .00000000  00000-0  00000-0 0  9994
2 74424  97.6000 339.0689 0001000 130.5099 250.5863 15.06000000000013
STARLINK-74425
1 74425U 19029A   25001.00000000  .00000000  00000-0  00000-0 0  9991
2 74425  53.0000 304.2004 0001000  44.6389 191.1626 15.06000000000019
STARLINK-74426
1 74426U 23078A   25001.00000000  .00000000  00000-0  00000-0 0  9991
2 74426  70.0000  40.6585 0001000 174.9368 329.8804 15.06000000000016
STARLINK-74427
1 74427U 23003A   25001.00000000  .00000000  00000-0  00000-0 0  9990
2 74427  97.6000 157.0990 0001000  54.1866 256.6765 15.06000000000010
STARLINK-74428
1 74428U 23074A   25001.00000000  .00000000  00000-0  00000-0 0  9999
2 74428  53.0000 292.7873 0001000   0.5110 218.6490 15.06000000000014
STARLINK-74429
1 74429U 22061A   25001.00000000  .00000000  00000-0  00000-0 0  9995
2 74429  53.2000 279.6650 0001000 208.0993  83.8246 15.06000000000019
STARLINK-74430
1 74430U 25031A   25001.00000000  .00000000  00000-0  00000-0 0  9997
2 74430  53.2000 241.0093 0001000 267.2874  69.8379 15.06000000000011
STARLINK-74431
1 74431U 24009A   25001.00000000  .00000000  00000-0  00000-0 0  9992
2 74431  53.0000  67.0547 0001000   4.8815 271.0301 15.06000000000012
STARLINK-74432
1 74432U 20099A   25001.00000000  .00000000  00000-0  00000-0 0  9998
2 74432  53.0000 306.0093 0001000 311.7226 337.8678 15.06000000000019
STARLINK-74433
1 74433U 24054A   25001.00000000  .00000000  00000-0  00000-0 0  9994
2 74433  53.0000  85.1758 0001000 136.5756 315.0481 15.06000000000014
STARLINK-74434
1 74434U 25071A   25001.00000000  .00000000  00000-0  00000-0 0  9995
2 74434  97.6000  46.6519 0001000  69.0889 314.5088 15.06000000000010
STARLINK-74435
1 74435U 19089A   25001.00000000  .00000000  00000-0  00000-0 0  9998
2 74435  97.6000 198.2377 0001000 107.9107 298.6552 15.06000000000010
STARLINK-74436
1 74436U 23086A   25001.00000000  .00000000  00000-0  00000-0 0  9991
2 74436  53.0000 268.4447 0001000  55.0057 131.8554 15.06000000000012
STARLINK-74437
1 74437U 20024A   25001.00000000  .00000000  00000-0  00000-0 0  9991
2 74437  43.0000 238.4854 0001000 109.9949 180.3844 15.06000000000011
STARLINK-74438
1 74438U 25086A   25001.00000000  .00000000  00000-0  00000-0 0  9995
2 74438  43.0000 193.9155 0001000 281.4658 260.0385 15.06000000000010
STARLINK-74439
1 74439U 25086A   25001.00000000  .00000000  00000-0  00000-0 0  9996
2 74439  97.6000  27.1521 0001000 279.3291 106.4982 15.06000000000016
STARLINK-74440
1 74440U 24051A   25001.00000000  .00000000  00000-0  00000-0 0  9999
2 74440  70.0000 146.2630 0001000 348.2226 179.0663 15.06000000000013
STARLINK-74441
1 74441U 21071A   25001.00000000  .00000000  00000-0  00000-0 0  9999
2 74441  43.0000 301.6241 0001000 104.0364 220.0468 15.06000000000010
STARLINK-74442
1 74442U 25032A   25001.00000000  .00000000  00000-0  00000-0 0  9991
2 74442  53.0000 247.9775 0001000 291.4961 353.7630 15.06000000000015
STARLINK-74443
1 74443U 24084A   25001.00000000  .00000000  00000-0  00000-0 0  9998
2 74443  70.0000 152.9367 0001000 162.1191   3.7010 15.06000000000010
STARLINK-74444
1 74444U 25019A   25001.00000000  .00000000  00000-0  00000-0 0  9998
2 74444  53.2000 323.3913 0001000  11.8576 272.0321 15.06000000000018
STARLINK-74445
1 74445U 19069A   25001.00000000  .00000000  00000-0  00000-0 0  9997
2 74445  53.0000  37.7244 0001000  30.0526  16.4912 15.06000000000014
STARLINK-74446
1 74446U 22006A   25001.00000000  .00000000  00000-0  00000-0 0  9993
2 74446  53.2000 155.9236 0001000 345.0447  68.9374 15.06000000000016
STARLINK-74447
1 74447U 22036A   25001.00000000  .00000000  00000-0  00000-0 0  9997
2 74447  97.6000 313.4124 0001000 133.8093  53.6181 15.06000000000013
STARLINK-74448
1 74448U 20070A   25001.00000000  .00000000  00000-0  00000-0 0  9994
2 74448  43.0000  82.2359 0001000 333.2162  73.1744 15.06000000000015
STARLINK-74449
1 74449U 22033A   25001.00000000  .00000000  00000-0  00000-0 0  9996
2 74449  53.2000 232.4559 0001000 118.4272  30.8636 15.06000000000015
STARLINK-74450
1 74450U 23014A   25001.00000000  .00000000  00000-0  00000-0 0  9998
2 74450  53.2000 295.1254 0001000 121.9445  95.3997 15.06000000000012
STARLINK-74451
1 74451U 24008A   25001.00000000  .00000000  00000-0  00000-0 0  9993
2 74451  53.2000  80.4796 0001000 315.6025 216.9563 15.06000000000015
STARLINK-74452
1 74452U 20047A   25001.00000000  .00000000  00000-0  00000-0 0  9993
2 74452  70.0000 126.9412 0001000  79.2588 214.8518 15.06000000000018
STARLINK-74453
1 74453U 20089A   25001.00000000  .00000000  00000-0  00000-0 0  9990
2 74453  97.6000  40.8260 0001000 151.6918 146.3032 15.06000000000011
STARLINK-74454
1 74454U 21100A   25001.00000000  .00000000  00000-0  00000-0 0  9996
2 74454  53.2000  45.4515 0001000 276.2087 123.8807 15.06000000000015
STARLINK-74455
1 74455U 22078A   25001.00000000  .00000000  00000-0  00000-0 0  9992
2 74455  97.6000  28.6035 0001000  75.5821  54.2079 15.06000000000012
STARLINK-74456
1 74456U 22042A   25001.00000000  .00000000  00000-0  00000-0 0  9994
2 74456  43.0000 356.3654 0001000 201.9708 129.4192 15.06000000000016
STARLINK-74457
1 74457U 22063A   25001.00000000  .00000000  00000-0  00000-0 0  9998
2 74457  53.2000 142.4744 0001000 203.3796 165.0440 15.06000000000019
STARLINK-74458
1 74458U 25001A   25001.00000000  .00000000  00000-0  00000-0 0  9994
2 74458  53.0000 100.2064 0001000 163.4251 161.4949 15.06000000000011
STARLINK-74459
1 74459U 24066A   25001.00000000  .00000000  00000-0  00000-0 0  9995
2 74459  70.0000  27.7071 0001000  25.9194  52.6437 15.06000000000013
STARLINK-74460
1 74460U 21078A   25001.00000000  .00000000  00000-0  00000-0 0  9997
2 74460  70.0000 214.4871 0001000 267.9874   7.5406 15.06000000000016
STARLINK-74461
1 74461U 21069A   25001.00000000  .00000000  00000-0  00000-0 0  9998
2 74461  53.0000   6.3009 0001000 142.9285 272.6379 15.06000000000011
STARLINK-74462
1 74462U 21051A   25001.00000000  .00000000  00000-0  00000-0 0  9990
2 74462  43.0000 344.1618 0001000 352.9797 125.6039 15.06000000000011
STARLINK-74463
1 74463U 22058A   25001.00000000  .00000000  00000-0  00000-0 0  9999
2 74463  70.0000  46.9150 0001000 275.7432 256.9089 15.06000000000011
STARLINK-74464
1 74464U 25018A   25001.00000000  .00000000  00000-0  00000-0 0  9999
2 74464  97.6000 350.4077 0001000  26.8772 321.6563 15.06000000000017
STARLINK-74465
1 74465U 21057A   25001.00000000  .00000000  00000-0  00000-0 0  9999
2 74465  43.0000 126.7189 0001000 227.3192  10.4806 15.06000000000018
STARLINK-74466
1 74466U 19057A   25001.00000000  .00000000  00000-0  00000-0 0  9997
2 74466  53.2000 155.9439 0001000 297.4764  37.6718 15.06000000000010
STARLINK-74467
1 74467U 24057A   25001.00000000  .00000000  00000-0  00000-0 0  9994
2 74467  53.0000 279.0111 0001000 161.1497 113.8487 15.06000000000014
STARLINK-74468
1 74468U 25096A   25001.00000000  .00000000  00000-0  00000-0 0  9999
2 74468  97.6000 321.1656 0001000 152.7911 104.6783 15.06000000000016
STARLINK-74469
1 74469U 19026A   25001.00000000  .00000000  00000-0  00000-0 0  9996
2 74469  43.0000 312.5535 0001000 347.4691  16.0978 15.06000000000012
STARLINK-74470
1 74470U 21043A   25001.00000000  .00000000  00000-0  00000-0 0  9990
2 74470  53.2000 121.0502 0001000  80.3387  67.3626 15.06000000000018
STARLINK-74471
1 74471U 25013A   25001.00000000  .00000000  00000-0  00000-0 0  9992
2 74471  43.0000 218.6576 0001000 156.8340 352.3103 15.06000000000015
STARLINK-74472
1 74472U 23086A   25001.00000000  .00000000  00000-0  00000-0 0  9991
2 74472  43.0000  87.1634 0001000 260.5725 186.0675 15.06000000000016
STARLINK-74473
1 74473U 22041A   25001.00000000  .00000000  00000-0  00000-0 0  9992
2 74473  43.0000 292.2419 0001000 306.0433 132.6502 15.06000000000015
STARLINK-74474
1 74474U 22072A   25001.00000000  .00000000  00000-0  00000-0 0  9997
2 74474  53.2000 190.8554 0001000 185.6513 193.8474 15.06000000000019
STARLINK-74475
1 74475U 20039A   25001.00000000  .00000000  00000-0  00000-0 0  9999
2 74475  43.0000 299.8109 0001000 296.2260 301.3500 15.06000000000017
STARLINK-74476
1 74476U 20030A   25001.00000000  .00000000  00000-0  00000-0 0  9991
2 74476  53.2000  21.1125 0001000 282.7961 239.7748 15.06000000000011
STARLINK-74477
1 74477U 24100A   25001.00000000  .00000000  00000-0  00000-0 0  9994
2 74477  43.0000 110.6600 0001000 317.6568  85.2066 15.06000000000019
STARLINK-74478
1 74478U 25009A   25001.00000000  .00000000  00000-0  00000-0 0  9994
2 74478  70.0000 340.0310 0001000 345.3016   5.1998 15.06000000000018
STARLINK-74479
1 74479U 21068A   25001.00000000  .00000000  00000-0  00000-0 0  9996
2 74479  53.2000 114.4106 0001000 282.5449  87.3621 15.06000000000015
STARLINK-74480
1 74480U 19045A   25001.00000000  .00000000  00000-0  00000-0 0  9990
2 74480  97.6000  24.5038 0001000 296.9633 325.9725 15.06000000000014
STARLINK-74481
1 74481U 19038A   25001.00000000  .00000000  00000-0  00000-0 0  9993
2 74481  97.6000 311.2832 0001000  15.5558  86.6141 15.06000000000017
STARLINK-74482
1 74482U 20042A   25001.00000000  .00000000  00000-0  00000-0 0  9991
2 74482  43.0000 295.3774 0001000  76.2066  12.2686 15.06000000000017
STARLINK-74483
1 74483U 22073A   25001.00000000  .00000000  00000-0  00000-0 0  9998
2 74483  43.0000 323.3642 0001000 217.8159 205.5638 15.06000000000014
STARLINK-74484
1 74484U 23001A   25001.00000000  .00000000  00000-0  00000-0 0  9991
2 74484  53.0000 270.8898 0001000 268.6619  80.1565 15.06000000000016
STARLINK-74485
1 74485U 23068A   25001.00000000  .00000000  00000-0  00000-0 0  9995
2 74485  70.0000  70.5161 0001000 359.1749 100.3166 15.06000000000016
STARLINK-74486
1 74486U 24069A   25001.00000000  .00000000  00000-0  00000-0 0  9998
2 74486  53.0000 266.6115 0001000 202.3567 339.1520 15.06000000000018
STARLINK-74487
1 74487U 23014A   25001.00000000  .00000000  00000-0  00000-0 0  9998
2 74487  43.0000  63.9735 0001000 206.6086 295.9224 15.06000000000017
STARLINK-74488
1 74488U 25059A   25001.00000000  .00000000  00000-0  00000-0 0  9990
2 74488  53.0000 277.2012 0001000  80.3287 187.1059 15.06000000000015
STARLINK-74489
1 74489U 20045A   25001.00000000  .00000000  00000-0  00000-0 0  9991
2 74489  53.2000 172.0247 0001000   8.5393 141.5457 15.06000000000016
STARLINK-74490
1 74490U 23011A   25001.00000000  .00000000  00000-0  00000-0 0  9999
2 74490  53.0000 211.9818 0001000   9.4626  18.1444 15.06000000000017
STARLINK-74491
1 74491U 20021A   25001.00000000  .00000000  00000-0  00000-0 0  9998
2 74491  53.0000 204.2220 0001000 349.9320  42.6607 15.06000000000016
STARLINK-74492
1 74492U 21078A   25001.00000000  .00000000  00000-0  00000-0 0  9992
2 74492  43.0000 301.8607 0001000 343.0944  72.6974 15.06000000000016
STARLINK-74493
1 74493U 19099A   25001.00000000  .00000000  00000-0  00000-0 0  9993
2 74493  53.0000 358.7205 0001000 304.2922 157.0384 15.06000000000011
STARLINK-74494
1 74494U 19081A   25001.00000000  .00000000  00000-0  00000-0 0  9995
2 74494  53.0000  42.6225 0001000  74.1706 155.4704 15.06000000000014
STARLINK-74495
1 74495U 23009A   25001.00000000  .00000000  00000-0  00000-0 0  9991
2 74495  97.6000 327.6373 0001000 251.4505 334.4808 15.06000000000010
STARLINK-74496
1 74496U 20045A   25001.00000000  .00000000  00000-0  00000-0 0  9999
2 74496  97.6000 183.2518 0001000 291.1190 148.3545 15.06000000000019
STARLINK-74497
1 74497U 25100A   25001.00000000  .00000000  00000-0  00000-0 0  9997
2 74497  43.0000 238.2428 0001000 190.2127 353.0177 15.06000000000011
STARLINK-74498
1 74498U 23009A   25001.00000000  .00000000  00000-0  00000-0 0  9994
2 74498  43.0000 216.4536 0001000 218.6051 117.9179 15.06000000000010
STARLINK-74499
1 74499U 25023A   25001.00000000  .00000000  00000-0  00000-0 0  9993
2 74499  43.0000 206.1328 0001000  69.3005 255.3576 15.06000000000014
STARLINK-74500
1 74500U 22068A   25001.00000000  .00000000  00000-0  00000-0 0  9992
2 74500  53.0000 156.4669 0001000  66.7447  44.2202 15.06000000000015
STARLINK-74501
1 74501U 20049A   25001.00000000  .00000000  00000-0  00000-0 0  9990
2 74501  53.2000 253.4003 0001000 326.7680  40.6081 15.06000000000011
STARLINK-74502
1 74502U 24086A   25001.00000000  .00000000  00000-0  00000-0 0  9996
2 74502  70.0000 269.2564 0001000 325.5033 162.9270 15.06000000000013
STARLINK-74503
1 74503U 20029A   25001.00000000  .00000000  00000-0  00000-0 0  9990
2 74503  70.0000 300.1070 0001000 189.0160 197.9341 15.06000000000012
STARLINK-74504
1 74504U 20075A   25001.00000000  .00000000  00000-0  00000-0 0  9992
2 74504  43.0000 131.7777 0001000 140.7271  70.1800 15.06000000000014
STARLINK-74505
1 74505U 19058A   25001.00000000  .00000000  00000-0  00000-0 0  9992
2 74505  43.0000  39.9338 0001000 245.9525 210.3426 15.06000000000019
STARLINK-74506
1 74506U 23058A   25001.00000000  .00000000  00000-0  00000-0 0  9998
2 74506  53.0000 194.6622 0001000 219.7533  49.9199 15.06000000000017
STARLINK-74507
1 74507U 19023A   25001.00000000  .00000000  00000-0  00000-0 0  9996
2 74507  97.6000 140.0025 0001000  51.6935  95.2311 15.06000000000013
STARLINK-74508
1 74508U 19037A   25001.00000000  .00000000  00000-0  00000-0 0  9992
2 74508  97.6000 263.4930 0001000  85.9987 325.7993 15.06000000000013
STARLINK-74509
1 74509U 23008A   25001.00000000  .00000000  00000-0  00000-0 0  9996
2 74509  70.0000 102.8752 0001000 349.4161  69.0640 15.06000000000016
STARLINK-74510
1 74510U 23001A   25001.00000000  .00000000  00000-0  00000-0 0  9991
2 74510  97.6000 296.9932 0001000 137.4261 151.4670 15.06000000000013
STARLINK-74511
1 74511U 24025A   25001.00000000  .00000000  00000-0  00000-0 0  9999
2 74511  53.0000  78.0253 0001000 308.1961 285.0916 15.06000000000016
STARLINK-74512
1 74512U 22040A   25001.00000000  .00000000  00000-0  00000-0 0  9995
2 74512  43.0000 331.4684 0001000 149.9216 168.3201 15.06000000000014
STARLINK-74513
1 74513U 23070A   25001.00000000  .00000000  00000-0  00000-0 0  9990
2 74513  70.0000 330.9333 0001000  50.4803 301.3208 15.06000000000014
STARLINK-74514
1 74514U 25070A   25001.00000000  .00000000  00000-0  00000-0 0  9993
2 74514  70.0000 241.2735 0001000 138.0171 269.6040 15.06000000000016
STARLINK-74515
1 74515U 20031A   25001.00000000  .00000000  00000-0  00000-0 0  9996
2 74515  97.6000  87.5366 0001000 285.2073 295.9364 15.06000000000010
STARLINK-74516
1 74516U 20013A   25001.00000000  .00000000  00000-0  00000-0 0  9997
2 74516  53.0000 240.8216 0001000 217.8131  68.1876 15.06000000000019
STARLINK-74517
1 74517U 19031A   25001.00000000  .00000000  00000-0  00000-0 0  9996
2 74517  97.6000 297.9860 0001000 280.5349 167.2696 15.06000000000011
STARLINK-74518
1 74518U 22014A   25001.00000000  .00000000  00000-0  00000-0 0  9992
2 74518  97.6000  29.4967 0001000 261.3123 194.2611 15.06000000000012
STARLINK-74519
1 74519U 22098A   25001.00000000  .00000000  00000-0  00000-0 0  9995
2 74519  97.6000 263.1780 0001000 210.1433 246.2840 15.06000000000011
STARLINK-74520
1 74520U 24062A   25001.00000000  .00000000  00000-0  00000-0 0  9990
2 74520  97.6000 133.0233 0001000  95.6052 346.9596 15.06000000000010
STARLINK-74521
1 74521U 24040A   25001.00000000  .00000000  00000-0  00000-0 0  9997
2 74521  43.0000  26.4263 0001000 126.1811 110.0196 15.06000000000013
STARLINK-74522
1 74522U 23039A   25001.00000000  .00000000  00000-0  00000-0 0  9995
2 74522  97.6000 108.8920 0001000 275.2108  50.4368 15.06000000000017
STARLINK-74523
1 74523U 24018A   25001.00000000  .00000000  00000-0  00000-0 0  9994
2 74523  53.0000 344.8109 0001000 150.8801 143.5022 15.06000000000014
STARLINK-74524
1 74524U 19039A   25001.00000000  .00000000  00000-0  00000-0 0  9992
2 74524  53.2000  94.9348 0001000 134.3494 340.6058 15.06000000000019
STARLINK-74525
1 74525U 23005A   25001.00000000  .00000000  00000-0  00000-0 0  9991
2 74525  43.0000 319.3189 0001000 286.5001 106.7832 15.06000000000019
STARLINK-74526
1 74526U 23019A   25001.00000000  .00000000  00000-0  00000-0 0  9997
2 74526  97.6000 190.4133 0001000 112.8954   0.3882 15.06000000000014
STARLINK-74527
1 74527U 24030A   25001.00000000  .00000000  00000-0  00000-0 0  9992
2 74527  53.0000 292.0174 0001000 120.3491 328.0280 15.06000000000017
STARLINK-74528
1 74528U 21043A   25001.00000000  .00000000  00000-0  00000-0 0  9994
2 74528  70.0000 327.6433 0001000  82.4153 228.6093 15.06000000000010
STARLINK-74529
1 74529U 20016A   25001.00000000  .00000000  00000-0  00000-0 0  9994
2 74529  43.0000 160.5040 0001000 306.0366  92.3162 15.06000000000013
STARLINK-74530
1 74530U 20050A   25001.00000000  .00000000  00000-0  00000-0 0  9994
2 74530  53.0000  95.4722 0001000 224.5514 357.7996 15.06000000000011
STARLINK-74531
1 74531U 24069A   25001.00000000  .00000000  00000-0  00000-0 0  9999
2 74531  53.0000 211.6231 0001000  98.3063 250.3064 15.06000000000019
STARLINK-74532
1 74532U 25028A   25001.00000000  .00000000  00000-0  00000-0 0  9996
2 74532  70.0000 276.3279 0001000  58.6785 186.5171 15.06000000000018
STARLINK-74533
1 74533U 24062A   25001.00000000  .00000000  00000-0  00000-0 0  9994
2 74533  53.2000 169.2506 0001000  26.5109 358.9699 15.06000000000019
STARLINK-74534
1 74534U 22001A   25001.00000000  .00000000  00000-0  00000-0 0  9996
2 74534  43.0000  82.3286 0001000 316.5224  31.1513 15.06000000000012
STARLINK-74535
1 74535U 19009A   25001.00000000  .00000000  00000-0  00000-0 0  9991
2 74535  70.0000 233.9914 0001000 199.1146 343.2880 15.06000000000017
STARLINK-74536
1 74536U 22015A   25001.00000000  .00000000  00000-0  00000-0 0  9993
2 74536  53.0000 226.2611 0001000 217.5109 334.5611 15.06000000000017
STARLINK-74537
1 74537U 21043A   25001.00000000  .00000000  00000-0  00000-0 0  9994
2 74537  53.0000 313.8646 0001000 144.5683 262.0024 15.06000000000018
STARLINK-74538
1 74538U 19019A   25001.00000000  .00000000  00000-0  00000-0 0  9995
2 74538  53.2000 115.1693 0001000  25.8850  15.0173 15.06000000000014
STARLINK-74539
1 74539U 21041A   25001.00000000  .00000000  00000-0  00000-0 0  9994
2 74539  43.0000 280.7420 0001000  91.5501 259.9389 15.06000000000010
STARLINK-74540
1 74540U 22077A   25001.00000000  .00000000  00000-0  00000-0 0  9996
2 74540  43.0000 218.8287 0001000 357.3107 245.9866 15.06000000000015
STARLINK-74541
1 74541U 22090A   25001.00000000  .00000000  00000-0  00000-0 0  9992
2 74541  70.0000  78.1838 0001000  19.7670  31.5133 15.06000000000015
STARLINK-74542
1 74542U 21001A   25001.00000000  .00000000  00000-0  00000-0 0  9994
2 74542  53.2000 298.3952 0001000 251.4122 182.1253 15.06000000000015
STARLINK-74543
1 74543U 25045A   25001.00000000  .00000000  00000-0  00000-0 0  9997
2 74543  53.0000 307.7469 0001000 250.6876  12.6540 15.06000000000015
STARLINK-74544
1 74544U 23090A   25001.00000000  .00000000  00000-0  00000-0 0  9996
2 74544  70.0000 102.6272 0001000 209.7971 308.5027 15.06000000000017
STARLINK-74545
1 74545U 20073A   25001.00000000  .00000000  00000-0  00000-0 0  9995
2 74545  53.2000 332.2510 0001000 155.6851 158.0147 15.06000000000014
STARLINK-74546
1 74546U 21094A   25001.00000000  .00000000  00000-0  00000-0 0  9990
2 74546  97.6000 193.6398 0001000 319.5422  51.7790 15.06000000000018
STARLINK-74547
1 74547U 23094A   25001.00000000  .00000000  00000-0  00000-0 0  9993
2 74547  70.0000 319.4231 0001000 175.1759 218.4693 15.06000000000011
STARLINK-74548
1 74548U 20076A   25001.00000000  .00000000  00000-0  00000-0 0  9991
2 74548  53.2000 268.3703 0001000  97.7114 285.8311 15.06000000000010
STARLINK-74549
1 74549U 22029A   25001.00000000  .00000000  00000-0  00000-0 0  9992
2 74549  43.0000 139.4288 0001000 231.7884 184.5436 15.06000000000011
STARLINK-74550
1 74550U 23051A   25001.00000000  .00000000  00000-0  00000-0 0  9990
2 74550  53.2000 339.2430 0001000 298.4206  88.3984 15.06000000000012
STARLINK-74551
1 74551U 23044A   25001.00000000  .00000000  00000-0  00000-0 0  9993
2 74551  70.0000 198.4668 0001000  31.2583 199.9858 15.06000000000018
STARLINK-74552
1 74552U 23060A   25001.00000000  .00000000  00000-0  00000-0 0  9992
2 74552  43.0000 358.2919 0001000 114.0032 278.4591 15.06000000000010
STARLINK-74553
1 74553U 24093A   25001.00000000  .00000000  00000-0  00000-0 0  9990
2 74553  97.6000 267.7524 0001000 212.8151  93.4888 15.06000000000015
STARLINK-74554
1 74554U 25004A   25001.00000000  .00000000  00000-0  00000-0 0  9994
2 74554  97.6000 286.2477 0001000 140.0797 318.8952 15.06000000000013
STARLINK-74555
1 74555U 20088A   25001.00000000  .00000000  00000-0  00000-0 0  9992
2 74555  53.2000  76.5782 0001000 195.2319 183.6136 15.06000000000015
STARLINK-74556
1 74556U 21028A   25001.00000000  .00000000  00000-0  00000-0 0  9998
2 74556  97.6000 236.9196 0001000 355.7492 280.9293 15.06000000000019
STARLINK-74557
1 74557U 21093A   25001.00000000  .00000000  00000-0  00000-0 0  9991
2 74557  43.0000 340.2362 0001000  67.3020 302.7304 15.06000000000018
STARLINK-74558
1 74558U 24073A   25001.00000000  .00000000  00000-0  00000-0 0  9993
2 74558  53.2000 107.7101 0001000   9.7032  41.6652 15.06000000000017
STARLINK-74559
1 74559U 19061A   25001.00000000  .00000000  00000-0  00000-0 0  9995
2 74559  53.2000  90.7087 0001000 177.8038 278.2388 15.06000000000019
STARLINK-74560
1 74560U 24027A   25001.00000000  .00000000  00000-0  00000-0 0  9995
2 74560  53.2000 272.0104 0001000 249.8759 339.2716 15.06000000000019
STARLINK-74561
1 74561U 20021A   25001.00000000  .00000000  00000-0  00000-0 0  9996
2 74561  70.0000 330.3497 0001000 151.7401 268.2241 15.06000000000019
STARLINK-74562
1 74562U 21039A   25001.00000000  .00000000  00000-0  00000-0 0  9997
2 74562  53.2000  54.8984 0001000 252.0042  21.6815 15.06000000000016
STARLINK-74563
1 74563U 19004A   25001.00000000  .00000000  00000-0  00000-0 0  9997
2 74563  97.6000 211.1102 0001000 292.2009 355.4916 15.06000000000018
STARLINK-74564
1 74564U 25049A   25001.00000000  .00000000  00000-0  00000-0 0  9994
2 74564  43.0000 136.9926 0001000 106.0450 190.7279 15.06000000000016
STARLINK-74565
1 74565U 22018A   25001.00000000  .00000000  00000-0  00000-0 0  9998
2 74565  53.0000 315.1839 0001000 204.9981  86.7535 15.06000000000018
STARLINK-74566
1 74566U 20074A   25001.00000000  .00000000  00000-0  00000-0 0  9999
2 74566  43.0000 254.2884 0001000 332.9314 267.4908 15.06000000000015
STARLINK-74567
1 74567U 21053A   25001.00000000  .00000000  00000-0  00000-0 0  9998
2 74567  43.0000 347.2123 0001000 211.3950 341.4318 15.06000000000019
STARLINK-74568
1 74568U 24047A   25001.00000000  .00000000  00000-0  00000-0 0  9995
2 74568  97.6000  49.2180 0001000 120.7117 270.0990 15.06000000000018
STARLINK-74569
1 74569U 21079A   25001.00000000  .00000000  00000-0  00000-0 0  9998
2 74569  53.0000 132.2342 0001000 198.9242 179.5044 15.06000000000017
STARLINK-74570
1 74570U 19047A   25001.00000000  .00000000  00000-0  00000-0 0  9992
2 74570  43.0000 106.6518 0001000 292.5801  71.6220 15.06000000000018
STARLINK-74571
1 74571U 23083A   25001.00000000  .00000000  00000-0  00000-0 0  9998
2 74571  53.0000  71.2256 0001000  18.2511 114.6678 15.06000000000012
STARLINK-74572
1 74572U 24079A   25001.00000000  .00000000  00000-0  00000-0 0  9995
2 74572  53.0000 327.6916 0001000 195.5065 134.2292 15.06000000000017
STARLINK-74573
1 74573U 24007A   25001.00000000  .00000000  00000-0  00000-0 0  9997
2 74573  53.2000 202.6208 0001000 223.1912 322.1737 15.06000000000017
STARLINK-74574
1 74574U 23017A   25001.00000000  .00000000  00000-0  00000-0 0  9998
2 74574  53.2000  78.3255 0001000  98.3546 311.6245 15.06000000000010
STARLINK-74575
1 74575U 19053A   25001.00000000  .00000000  00000-0  00000-0 0  9994
2 74575  53.2000 122.5780 0001000 141.6296 115.4997 15.06000000000014
STARLINK-74576
1 74576U 20081A   25001.00000000  .00000000  00000-0  00000-0 0  9998
2 74576  53.2000  80.4366 0001000 260.8984 239.1607 15.06000000000017
STARLINK-74577
1 74577U 22084A   25001.00000000  .00000000  00000-0  00000-0 0  9994
2 74577  53.2000 281.4403 0001000  33.8885 208.2762 15.06000000000010
STARLINK-74578
1 74578U 20014A   25001.00000000  .00000000  00000-0  00000-0 0  9996
2 74578  70.0000 102.7740 0001000 287.9163   1.0633 15.06000000000014
STARLINK-74579
1 74579U 22061A   25001.00000000  .00000000  00000-0  00000-0 0  9991
2 74579  53.2000 198.6315 0001000 199.9123  29.0579 15.06000000000017
STARLINK-74580
1 74580U 23068A   25001.00000000  .00000000  00000-0  00000-0 0  9991
2 74580  53.2000 207.3887 0001000 327.1842  35.0760 15.06000000000013
STARLINK-74581
1 74581U 23090A   25001.00000000  .00000000  00000-0  00000-0 0  9997
2 74581  53.0000 161.1531 0001000 278.3561  59.5925 15.06000000000014
STARLINK-74582
1 74582U 25077A   25001.00000000  .00000000  00000-0  00000-0 0  9995
2 74582  43.0000 105.8598 0001000 261.7353 188.6399 15.06000000000016
STARLINK-74583
1 74583U 25057A   25001.00000000  .00000000  00000-0  00000-0 0  9994
2 74583  53.0000  16.2769 0001000 311.2709 230.1060 15.06000000000017
STARLINK-74584
1 74584U 21097A   25001.00000000  .00000000  00000-0  00000-0 0  9995
2 74584  97.6000 157.5647 0001000  21.0172 152.4100 15.06000000000017
STARLINK-74585
1 74585U 24004A   25001.00000000  .00000000  00000-0  00000-0 0  9997
2 74585  43.0000  59.3405 0001000 257.7726 332.1124 15.06000000000010
STARLINK-74586
1 74586U 24047A   25001.00000000  .00000000  00000-0  00000-0 0  9995
2 74586  53.0000 242.8633 0001000 184.6456 154.4276 15.06000000000015
STARLINK-74587
1 74587U 20092A   25001.00000000  .00000000  00000-0  00000-0 0  9992
2 74587  53.0000 242.8083 0001000 346.6313 235.3337 15.06000000000014
STARLINK-74588
1 74588U 22006A   25001.00000000  .00000000  00000-0  00000-0 0  9990
2 74588  43.0000 277.6288 0001000 121.3261 231.8720 15.06000000000014
STARLINK-74589
1 74589U 21099A   25001.00000000  .00000000  00000-0  00000-0 0  9992
2 74589  43.0000 134.2294 0001000  11.4532 273.3009 15.06000000000011
STARLINK-74590
1 74590U 24030A   25001.00000000  .00000000  00000-0  00000-0 0  9992
2 74590  70.0000  17.0900 0001000 185.5252 215.1865 15.06000000000011
STARLINK-74591
1 74591U 19054A   25001.00000000  .00000000  00000-0  00000-0 0  9993
2 74591  53.0000 309.1029 0001000 178.0174 285.6771 15.06000000000018
STARLINK-74592
1 74592U 20031A   25001.00000000  .00000000  00000-0  00000-0 0  9991
2 74592  97.6000  57.8752 0001000 116.3508 145.2580 15.06000000000018
STARLINK-74593
1 74593U 25034A   25001.00000000  .00000000  00000-0  00000-0 0  9990
2 74593  70.0000 206.4243 0001000 114.4500 164.3732 15.06000000000013
STARLINK-74594
1 74594U 21088A   25001.00000000  .00000000  00000-0  00000-0 0  9996
2 74594  43.0000  19.7661 0001000  34.5064 159.6349 15.06000000000011
STARLINK-74595
1 74595U 25046A   25001.00000000  .00000000  00000-0  00000-0 0  9995
2 74595  97.6000  73.8007 0001000 128.9268 204.7372 15.06000000000014
STARLINK-74596
1 74596U 19029A   25001.00000000  .00000000  00000-0  00000-0 0  9990
2 74596  53.2000 340.6369 0001000 243.3370 194.3505 15.06000000000017
STARLINK-74597
1 74597U 21033A   25001.00000000  .00000000  00000-0  00000-0 0  9999
2 74597  70.0000 145.0578 0001000 358.4074 289.3297 15.06000000000016
STARLINK-74598
1 74598U 25048A   25001.00000000  .00000000  00000-0  00000-0 0  9990
2 74598  53.2000 123.7690 0001000 345.1082 358.9614 15.06000000000016
STARLINK-74599
1 74599U 24084A   25001.00000000  .00000000  00000-0  00000-0 0  9990
2 74599  70.0000 273.5218 0001000  76.2696 326.9300 15.06000000000014
STARLINK-74600
1 74600U 24084A   25001.00000000  .00000000  00000-0  00000-0 0  9993
2 74600  97.6000 304.7083 0001000 129.3618 292.1179 15.06000000000011
STARLINK-74601
1 74601U 25025A   25001.00000000  .00000000  00000-0  00000-0 0  9990
2 74601  53.2000 269.2954 0001000  17.8969  73.3169 15.06000000000010
STARLINK-74602
1 74602U 23090A   25001.00000000  .00000000  00000-0  00000-0 0  9991
2 74602  53.0000 267.2468 0001000 135.6679 255.3831 15.06000000000012
STARLINK-74603
1 74603U 22024A   25001.00000000  .00000000  00000-0  00000-0 0  9998
2 74603  70.0000  13.2471 0001000 134.3344 194.9867 15.06000000000017
STARLINK-74604
1 74604U 21028A   25001.00000000  .00000000  00000-0  00000-0 0  9992
2 74604  70.0000  83.5716 0001000  82.3923 314.1691 15.06000000000016
STARLINK-74605
1 74605U 21096A   25001.00000000  .00000000  00000-0  00000-0 0  9998
2 74605  53.0000 100.0629 0001000 117.0951 176.9033 15.06000000000017
STARLINK-74606
1 74606U 25056A   25001.00000000  .00000000  00000-0  00000-0 0  9999
2 74606  97.6000  45.7203 0001000 223.7036 247.1411 15.06000000000015
STARLINK-74607
1 74607U 24090A   25001.00000000  .00000000  00000-0  00000-0 0  9997
2 74607  53.2000 126.6769 0001000 134.9320  36.0975 15.06000000000019
STARLINK-74608
1 74608U 24013A   25001.00000000  .00000000  00000-0  00000-0 0  9993
2 74608  70.0000 250.7775 0001000  66.7633 272.7413 15.06000000000018
STARLINK-74609
1 74609U 23029A   25001.00000000  .00000000  00000-0  00000-0 0  9990
2 74609  53.0000 355.2821 0001000 341.5706 107.2634 15.06000000000015
STARLINK-74610
1 74610U 21003A   25001.00000000  .00000000  00000-0  00000-0 0  9992
2 74610  97.6000 176.4897 0001000 159.2140 221.1972 15.06000000000014
STARLINK-74611
1 74611U 25091A   25001.00000000  .00000000  00000-0  00000-0 0  9994
2 74611  53.2000 197.9737 0001000 223.8193 126.5773 15.06000000000017
STARLINK-74612
1 74612U 23079A   25001.00000000  .00000000  00000-0  00000-0 0  9999
2 74612  53.2000 334.3166 0001000 266.3286 104.9866 15.06000000000019
STARLINK-74613
1 74613U 23033A   25001.00000000  .00000000  00000-0  00000-0 0  9990
2 74613  53.0000 259.7240 0001000  82.0507 180.6004 15.06000000000015
STARLINK-74614
1 74614U 21093A   25001.00000000  .00000000  00000-0  00000-0 0  9995
2 74614  53.2000 173.4944 0001000 221.9439 197.5436 15.06000000000015
STARLINK-74615
1 74615U 25061A   25001.00000000  .00000000  00000-0  00000-0 0  9995
2 74615  97.6000  94.0837 0001000  21.5899  93.5599 15.06000000000016
STARLINK-74616
1 74616U 21007A   25001.00000000  .00000000  00000-0  00000-0 0  9992
2 74616  53.2000 166.1321 0001000 142.4114  90.4771 15.06000000000015
STARLINK-74617
1 74617U 23041A   25001.00000000  .00000000  00000-0  00000-0 0  9993
2 74617  43.0000  47.3178 0001000 112.7237 127.6408 15.06000000000019
STARLINK-74618
1 74618U 20069A   25001.00000000  .00000000  00000-0  00000-0 0  9991
2 74618  53.0000 290.4872 0001000 197.2684 300.1107 15.06000000000011
STARLINK-74619
1 74619U 23046A   25001.00000000  .00000000  00000-0  00000-0 0  9990
2 74619  53.2000 164.2967 0001000 110.2244 235.4020 15.06000000000018
STARLINK-74620
1 74620U 21089A   25001.00000000  .00000000  00000-0  00000-0 0  9997
2 74620  43.0000 325.9025 0001000 168.1034 204.1736 15.06000000000014
STARLINK-74621
1 74621U 20083A   25001.00000000  .00000000  00000-0  00000-0 0  9991
2 74621  53.2000   7.0009 0001000 178.6846 146.3148 15.06000000000019
STARLINK-74622
1 74622U 24031A   25001.00000000  .00000000  00000-0  00000-0 0  9999
2 74622  70.0000 131.6489 0001000 296.5176  84.5383 15.06000000000013
STARLINK-74623
1 74623U 25071A   25001.00000000  .00000000  00000-0  00000-0 0  9995
2 74623  43.0000 183.1589 0001000  73.2349  52.0933 15.06000000000010
STARLINK-74624
1 74624U 23079A   25001.00000000  .00000000  00000-0  00000-0 0  9992
2 74624  43.0000  12.4704 0001000 236.1408 317.8932 15.06000000000011
STARLINK-74625
1 74625U 21008A   25001.00000000  .00000000  00000-0  00000-0 0  9993
2 74625  43.0000 264.1873 0001000 185.9671 182.6435 15.06000000000014
STARLINK-74626
1 74626U 19032A   25001.00000000  .00000000  00000-0  00000-0 0  9998
2 74626  53.2000 344.9662 0001000 323.4136 139.9158 15.06000000000013
STARLINK-74627
1 74627U 24061A   25001.00000000  .00000000  00000-0  00000-0 0  9997
2 74627  97.6000 220.3081 0001000 331.7207 298.5502 15.06000000000014
STARLINK-74628
1 74628U 23068A   25001.00000000  .00000000  00000-0  00000-0 0  9994
2 74628  97.6000  96.7341 0001000 180.2823 232.7285 15.06000000000018
STARLINK-74629
1 74629U 24091A   25001.00000000  .00000000  00000-0  00000-0 0  9992
2 74629  97.6000 121.3010 0001000  43.6035 256.6981 15.06000000000012
STARLINK-74630
1 74630U 19019A   25001.00000000  .00000000  00000-0  00000-0 0  9998
2 74630  43.0000  97.7638 0001000 111.8732 212.9397 15.06000000000019
STARLINK-74631
1 74631U 25080A   25001.00000000  .00000000  00000-0  00000-0 0  9994
2 74631  53.2000 226.6280 0001000 266.3426 253.7892 15.06000000000018
STARLINK-74632
1 74632U 25100A   25001.00000000  .00000000  00000-0  00000-0 0  9998
2 74632  97.6000 194.7219 0001000 250.3345  62.2570 15.06000000000017
STARLINK-74633
1 74633U 22012A   25001.00000000  .00000000  00000-0  00000-0 0  9998
2 74633  97.6000 284.0647 0001000 358.3571  13.8559 15.06000000000015
STARLINK-74634
1 74634U 20063A   25001.00000000  .00000000  00000-0  00000-0 0  9993
2 74634  97.6000 199.4693 0001000 203.2266 172.6000 15.06000000000010
STARLINK-74635
1 74635U 22066A   25001.00000000  .00000000  00000-0  00000-0 0  9999
2 74635  97.6000 149.4183 0001000 341.7470   1.1050 15.06000000000016
STARLINK-74636
1 74636U 25079A   25001.00000000  .00000000  00000-0  00000-0 0  9997
2 74636  97.6000 127.1295 0001000  99.9402 187.9234 15.06000000000018
STARLINK-74637
1 74637U 21063A   25001.00000000  .00000000  00000-0  00000-0 0  9997
2 74637  97.6000 352.8910 0001000 266.6043 131.3027 15.06000000000017
STARLINK-74638
1 74638U 25006A   25001.00000000  .00000000  00000-0  00000-0 0  9999
2 74638  97.6000 242.4177 0001000 267.6091 103.1570 15.06000000000011
STARLINK-74639
1 74639U 22036A   25001.00000000  .00000000  00000-0  00000-0 0  9990
2 74639  53.0000 319.6882 0001000  11.3236 143.5982 15.06000000000018
STARLINK-74640
1 74640U 20029A   25001.00000000  .00000000  00000-0  00000-0 0  9992
2 74640  70.0000 182.6090 0001000 185.0123 131.3253 15.06000000000018
STARLINK-74641
1 74641U 24021A   25001.00000000  .00000000  00000-0  00000-0 0  9999
2 74641  53.0000  55.6259 0001000  79.1453 190.1711 15.06000000000017
STARLINK-74642
1 74642U 20029A   25001.00000000  .00000000  00000-0  00000-0 0  9994
2 74642  97.6000  80.9362 0001000 248.0734  79.8799 15.06000000000016
STARLINK-74643
1 74643U 19018A   25001.00000000  .00000000  00000-0  00000-0 0  9991
2 74643  70.0000   2.3486 0001000 284.2986 129.7896 15.06000000000011
STARLINK-74644
1 74644U 20077A   25001.00000000  .00000000  00000-0  00000-0 0  9999
2 74644  70.0000 137.5103 0001000 308.9509 215.7163 15.06000000000017
STARLINK-74645
1 74645U 22038A   25001.00000000  .00000000  00000-0  00000-0 0  9999
2 74645  43.0000 176.5495 0001000  97.8475 314.4810 15.06000000000017
STARLINK-74646
1 74646U 23040A   25001.00000000  .00000000  00000-0  00000-0 0  9994
2 74646  53.2000 257.5064 0001000  18.2639 114.3663 15.06000000000015
STARLINK-74647
1 74647U 21086A   25001.00000000  .00000000  00000-0  00000-0 0  9993
2 74647  43.0000  93.4921 0001000 158.2974  84.8627 15.06000000000010
STARLINK-74648
1 74648U 20016A   25001.00000000  .00000000  00000-0  00000-0 0  9996
2 74648  70.0000 174.4889 0001000  54.2356 209.0028 15.06000000000019
STARLINK-74649
1 74649U 19092A   25001.00000000  .00000000  00000-0  00000-0 0  9999
2 74649  70.0000 242.3333 0001000  89.8780  40.0032 15.06000000000012
STARLINK-74650
1 74650U 24026A   25001.00000000  .00000000  00000-0  00000-0 0  9994
2 74650  43.0000 172.9058 0001000 153.5197 350.9147 15.06000000000017
STARLINK-74651
1 74651U 24063A   25001.00000000  .00000000  00000-0  00000-0 0  9996
2 74651  43.0000 273.2690 0001000   7.0594 197.5756 15.06000000000010
STARLINK-74652
1 74652U 21027A   25001.00000000  .00000000  00000-0  00000-0 0  9994
2 74652  53.2000  71.2398 0001000 307.7810 328.2541 15.06000000000011
STARLINK-74653
1 74653U 25085A   25001.00000000  .00000000  00000-0  00000-0 0  9993
2 74653  43.0000   1.4549 0001000 129.5577 308.5065 15.06000000000014
STARLINK-74654
1 74654U 21086A   25001.00000000  .00000000  00000-0  00000-0 0  9991
2 74654  53.0000  23.5907 0001000  74.7260 165.0597 15.06000000000015
STARLINK-74655
1 74655U 20095A   25001.00000000  .00000000  00000-0  00000-0 0  9991
2 74655  53.2000  89.8010 0001000 235.3079 188.7944 15.06000000000019
STARLINK-74656
1 74656U 23032A   25001.00000000  .00000000  00000-0  00000-0 0  9996
2 74656  43.0000 280.3861 0001000 329.0987  90.8855 15.06000000000012
STARLINK-74657
1 74657U 20082A   25001.00000000  .00000000  00000-0  00000-0 0  9999
2 74657  53.0000 175.3444 0001000 352.7953 188.0006 15.06000000000018
STARLINK-74658
1 74658U 23052A   25001.00000000  .00000000  00000-0  00000-0 0  9990
2 74658  70.0000  51.2053 0001000 284.3061 289.5617 15.06000000000011
STARLINK-74659
1 74659U 21031A   25001.00000000  .00000000  00000-0  00000-0 0  9996
2 74659  97.6000 245.2404 0001000   7.4902 227.4999 15.06000000000014
STARLINK-74660
1 74660U 25097A   25001.00000000  .00000000  00000-0  00000-0 0  9994
2 74660  70.0000 250.9939 0001000  96.2696 222.1147 15.06000000000010
STARLINK-74661
1 74661U 22060A   25001.00000000  .00000000  00000-0  00000-0 0  9992
2 74661  53.0000 121.5081 0001000 236.1471  46.9254 15.06000000000010
STARLINK-74662
1 74662U 21034A   25001.00000000  .00000000  00000-0  00000-0 0  9993
2 74662  97.6000 172.2244 0001000 298.5355 160.7941 15.06000000000010
STARLINK-74663
1 74663U 25050A   25001.00000000  .00000000  00000-0  00000-0 0  9996
2 74663  70.0000 306.4913 0001000 116.9901 188.4926 15.06000000000010
STARLINK-74664
1 74664U 25039A   25001.00000000  .00000000  00000-0  00000-0 0  9994
2 74664  70.0000 353.8195 0001000 308.0505 251.1524 15.06000000000015
STARLINK-74665
1 74665U 21014A   25001.00000000  .00000000  00000-0  00000-0 0  9994
2 74665  97.6000  74.8174 0001000  40.0754 322.1923 15.06000000000019
STARLINK-74666
1 74666U 22053A   25001.00000000  .00000000  00000-0  00000-0 0  9999
2 74666  53.0000 243.4625 0001000 331.1174  16.5658 15.06000000000010
STARLINK-74667
1 74667U 22090A   25001.00000000  .00000000  00000-0  00000-0 0  9991
2 74667  43.0000  85.3966 0001000 310.4384 166.4664 15.06000000000016
STARLINK-74668
1 74668U 25094A   25001.00000000  .00000000  00000-0  00000-0 0  9999
2 74668  53.0000 242.1536 0001000 203.8628 112.9134 15.06000000000018
STARLINK-74669
1 74669U 21043A   25001.00000000  .00000000  00000-0  00000-0 0  9990
2 74669  43.0000 183.2952 0001000 264.5603 128.2836 15.06000000000011
STARLINK-74670
1 74670U 22074A   25001.00000000  .00000000  00000-0  00000-0 0  9997
2 74670  70.0000 132.9810 0001000 324.2063 221.2207 15.06000000000017
STARLINK-74671
1 74671U 23067A   25001.00000000  .00000000  00000-0  00000-0 0  9991
2 74671  97.6000 315.3940 0001000 248.2218 219.4280 15.06000000000011
STARLINK-74672
1 74672U 22016A   25001.00000000  .00000000  00000-0  00000-0 0  9995
2 74672  43.0000 359.0604 0001000 327.1779 353.3524 15.06000000000017
STARLINK-74673
1 74673U 19002A   25001.00000000  .00000000  00000-0  00000-0 0  9997
2 74673  53.2000 102.2602 0001000 231.7972  80.1360 15.06000000000015
STARLINK-74674
1 74674U 20015A   25001.00000000  .00000000  00000-0  00000-0 0  9994
2 74674  97.6000 346.9979 0001000 344.0255 147.2166 15.06000000000013
STARLINK-74675
1 74675U 22035A   25001.00000000  .00000000  00000-0  00000-0 0  9999
2 74675  70.0000 256.3486 0001000   0.6506 113.1365 15.06000000000013
STARLINK-74676
1 74676U 19081A   25001.00000000  .00000000  00000-0  00000-0 0  9997
2 74676  53.0000 291.1151 0001000 155.1253 190.7733 15.06000000000016
STARLINK-74677
1 74677U 20098A   25001.00000000  .00000000  00000-0  00000-0 0  9998
2 74677  53.2000 357.8752 0001000 132.5935   4.7587 15.06000000000013
STARLINK-74678
1 74678U 20099A   25001.00000000  .00000000  00000-0  00000-0 0  9990
2 74678  43.0000  27.1463 0001000  43.3330  59.2237 15.06000000000012
STARLINK-74679
1 74679U 22087A   25001.00000000  .00000000  00000-0  00000-0 0  9990
2 74679  53.2000 325.1304 0001000 223.3477 265.0858 15.06000000000019
STARLINK-74680
1 74680U 23074A   25001.00000000  .00000000  00000-0  00000-0 0  9999
2 74680  97.6000 285.4575 0001000  58.3361 291.5975 15.06000000000013
STARLINK-74681
1 74681U 21030A   25001.00000000  .00000000  00000-0  00000-0 0  9990
2 74681  43.0000  59.6732 0001000 336.9552 189.3152 15.06000000000013
STARLINK-74682
1 74682U 24092A   25001.00000000  .00000000  00000-0  00000-0 0  9992
2 74682  70.0000 198.6902 0001000  11.3100 223.4948 15.06000000000013
STARLINK-74683
1 74683U 24029A   25001.00000000  .00000000  00000-0  00000-0 0  9993
2 74683  53.0000 223.8004 0001000  91.8573 181.5561 15.06000000000011
STARLINK-74684
1 74684U 21031A   25001.00000000  .00000000  00000-0  00000-0 0  9994
2 74684  53.2000 346.2763 0001000 119.8083 306.1771 15.06000000000011
STARLINK-74685
1 74685U 19001A   25001.00000000  .00000000  00000-0  00000-0 0  9999
2 74685  70.0000  95.1124 0001000 225.1682   5.8075 15.06000000000016
STARLINK-74686
1 74686U 25006A   25001.00000000  .00000000  00000-0  00000-0 0  9992
2 74686  70.0000 315.4260 0001000   0.3612 235.0670 15.06000000000010
STARLINK-74687
1 74687U 20032A   25001.00000000  .00000000  00000-0  00000-0 0  9997
2 74687  53.2000 112.2492 0001000 112.4245 190.2303 15.06000000000016
STARLINK-74688
1 74688U 19025A   25001.00000000  .00000000  00000-0  00000-0 0  9998
2 74688  53.2000 209.7037 0001000  33.7453  71.8678 15.06000000000019
STARLINK-74689
1 74689U 21091A   25001.00000000  .00000000  00000-0  00000-0 0  9995
2 74689  53.0000  84.3770 0001000 257.4185  42.2917 15.06000000000014
STARLINK-74690
1 74690U 25052A   25001.00000000  .00000000  00000-0  00000-0 0  9998
2 74690  53.0000 343.8902 0001000  11.2722 352.5669 15.06000000000010
STARLINK-74691
1 74691U 19081A   25001.00000000  .00000000  00000-0  00000-0 0  9994
2 74691  97.6000 344.3152 0001000 262.0790  55.8392 15.06000000000015
STARLINK-74692
1 74692U 25016A   25001.00000000  .00000000  00000-0  00000-0 0  9990
2 74692  97.6000 238.8434 0001000 130.7196 151.5488 15.06000000000017
STARLINK-74693
1 74693U 24064A   25001.00000000  .00000000  00000-0  00000-0 0  9993
2 74693  70.0000 318.8656 0001000  71.0799 298.2949 15.06000000000015
STARLINK-74694
1 74694U 20062A   25001.00000000  .00000000  00000-0  00000-0 0  9998
2 74694  97.6000 253.3265 0001000 127.4599 125.6339 15.06000000000010
STARLINK-74695
1 74695U 25022A   25001.00000000  .00000000  00000-0  00000-0 0  9990
2 74695  53.0000 218.9352 0001000 101.8267 169.7881 15.06000000000010
STARLINK-74696
1 74696U 19083A   25001.00000000  .00000000  00000-0  00000-0 0  9991
2 74696  43.0000 286.2986 0001000  13.1773 230.4752 15.06000000000011
STARLINK-74697
1 74697U 22098A   25001.00000000  .00000000  00000-0  00000-0 0  9992
2 74697  53.0000 328.5752 0001000 241.6693 318.1418 15.06000000000016
STARLINK-74698
1 74698U 21030A   25001.00000000  .00000000  00000-0  00000-0 0  9998
2 74698  53.2000  65.9556 0001000   6.0628 133.4244 15.06000000000019
STARLINK-74699
1 74699U 23078A   25001.00000000  .00000000  00000-0  00000-0 0  9993
2 74699  70.0000 158.3019 0001000 251.8019 179.0897 15.06000000000012
STARLINK-74700
1 74700U 21043A   25001.00000000  .00000000  00000-0  00000-0 0  9996
2 74700  43.0000  51.4883 0001000  16.2713 313.2323 15.06000000000017
STARLINK-74701
1 74701U 24074A   25001.00000000  .00000000  00000-0  00000-0 0  9994
2 74701  70.0000  32.9300 0001000 141.6223  76.8871 15.06000000000015
STARLINK-74702
1 74702U 23015A   25001.00000000  .00000000  00000-0  00000-0 0  9999
2 74702  53.2000  39.9401 0001000  17.4729 170.7150 15.06000000000013
STARLINK-74703
1 74703U 20075A   25001.00000000  .00000000  00000-0  00000-0 0  9993
2 74703  97.6000 103.3789 0001000 212.0287 356.5139 15.06000000000014
STARLINK-74704
1 74704U 24096A   25001.00000000  .00000000  00000-0  00000-0 0  9991
2 74704  97.6000 240.5002 0001000 324.3030 347.7061 15.06000000000016
STARLINK-74705
1 74705U 21069A   25001.00000000  .00000000  00000-0  00000-0 0  9999
2 74705  70.0000 196.9798 0001000 333.2685 310.5982 15.06000000000013
STARLINK-74706
1 74706U 22038A   25001.00000000  .00000000  00000-0  00000-0 0  9997
2 74706  53.2000  90.3205 0001000 296.6790 133.8402 15.06000000000019
STARLINK-74707
1 74707U 25004A   25001.00000000  .00000000  00000-0  00000-0 0  9994
2 74707  53.2000 184.3535 0001000 166.8432   1.4536 15.06000000000019
STARLINK-74708
1 74708U 20039A   25001.00000000  .00000000  00000-0  00000-0 0  9998
2 74708  43.0000 140.1115 0001000 155.9602 304.7051 15.06000000000010
STARLINK-74709
1 74709U 19069A   25001.00000000  .00000000  00000-0  00000-0 0  9990
2 74709  97.6000 107.8278 0001000  87.8258 172.9683 15.06000000000012
STARLINK-74710
1 74710U 20050A   25001.00000000  .00000000  00000-0  00000-0 0  9994
2 74710  97.6000 290.7088 0001000 235.8189 282.9183 15.06000000000010
STARLINK-74711
1 74711U 24095A   25001.00000000  .00000000  00000-0  00000-0 0  9998
2 74711  53.0000 309.7443 0001000 164.0458 208.9567 15.06000000000019
STARLINK-74712
1 74712U 21037A   25001.00000000  .00000000  00000-0  00000-0 0  9992
2 74712  53.0000 337.7195 0001000  24.4446 304.5102 15.06000000000019
STARLINK-74713
1 74713U 19085A   25001.00000000  .00000000  00000-0  00000-0 0  9993
2 74713  97.6000 119.7517 0001000 150.0598  77.3862 15.06000000000012
STARLINK-74714
1 74714U 22041A   25001.00000000  .00000000  00000-0  00000-0 0  9990
2 74714  97.6000 237.2438 0001000  16.3380 302.2269 15.06000000000015
STARLINK-74715
1 74715U 23025A   25001.00000000  .00000000  00000-0  00000-0 0  9994
2 74715  97.6000 328.2037 0001000 255.1897 132.9248 15.06000000000013
STARLINK-74716
1 74716U 21077A   25001.00000000  .00000000  00000-0  00000-0 0  9990
2 74716  43.0000 194.0468 0001000 199.6051   9.6210 15.06000000000019
STARLINK-74717
1 74717U 20022A   25001.00000000  .00000000  00000-0  00000-0 0  9990
2 74717  43.0000  14.3780 0001000  61.3193 249.3558 15.06000000000011
STARLINK-74718
1 74718U 23086A   25001.00000000  .00000000  00000-0  00000-0 0  9994
2 74718  53.0000  83.0951 0001000 126.5548 131.3681 15.06000000000011
STARLINK-74719
1 74719U 25064A   25001.00000000  .00000000  00000-0  00000-0 0  9993
2 74719  97.6000 259.7311 0001000 110.9809 339.2047 15.06000000000010
STARLINK-74720
1 74720U 20088A   25001.00000000  .00000000  00000-0  00000-0 0  9996
2 74720  70.0000 100.3725 0001000 219.6069  78.3990 15.06000000000010
STARLINK-74721
1 74721U 19079A   25001.00000000  .00000000  00000-0  00000-0 0  9995
2 74721  70.0000 340.8165 0001000 256.5253 130.7551 15.06000000000011
STARLINK-74722
1 74722U 22042A   25001.00000000  .00000000  00000-0  00000-0 0  9990
2 74722  43.0000  71.8557 0001000 191.9126  25.1041 15.06000000000010
STARLINK-74723
1 74723U 22095A   25001.00000000  .00000000  00000-0  00000-0 0  9999
2 74723  53.0000 353.7962 0001000 286.0597  44.4191 15.06000000000012
STARLINK-74724
1 74724U 23062A   25001.00000000  .00000000  00000-0  00000-0 0  9995
2 74724  43.0000 337.7855 0001000  87.6849 297.6297 15.06000000000019
STARLINK-74725
1 74725U 19024A   25001.00000000  .00000000  00000-0  00000-0 0  9999
2 74725  97.6000 202.5707 0001000  66.9602  72.9260 15.06000000000011
STARLINK-74726
1 74726U 20077A   25001.00000000  .00000000  00000-0  00000-0 0  9990
2 74726  53.2000  61.3967 0001000  12.3589  36.6259 15.06000000000013
STARLINK-74727
1 74727U 25057A   25001.00000000  .00000000  00000-0  00000-0 0  9994
2 74727  53.0000  39.7647 0001000 125.9102 210.4000 15.06000000000014
STARLINK-74728
1 74728U 22074A   25001.00000000  .00000000  00000-0  00000-0 0  9991
2 74728  70.0000  56.5592 0001000 156.2610 278.6573 15.06000000000012
STARLINK-74729
1 74729U 20037A   25001.00000000  .00000000  00000-0  00000-0 0  9999
2 74729  70.0000 162.8583 0001000 327.5557 231.9065 15.06000000000015
STARLINK-74730
1 74730U 20094A   25001.00000000  .00000000  00000-0  00000-0 0  9994
2 74730  43.0000 313.6452 0001000  75.9649 268.4616 15.06000000000011
STARLINK-74731
1 74731U 20056A   25001.00000000  .00000000  00000-0  00000-0 0  9993
2 74731  43.0000  40.4820 0001000 352.1592  75.2581 15.06000000000018
STARLINK-74732
1 74732U 21098A   25001.00000000  .00000000  00000-0  00000-0 0  9991
2 74732  53.2000 138.8687 0001000 222.7501 204.8094 15.06000000000016
STARLINK-74733
1 74733U 22052A   25001.00000000  .00000000  00000-0  00000-0 0  9993
2 74733  43.0000 193.5586 0001000 279.0115 275.3391 15.06000000000019
STARLINK-74734
1 74734U 23095A   25001.00000000  .00000000  00000-0  00000-0 0  9992
2 74734  97.6000 276.8279 0001000 271.6853 120.8925 15.06000000000013
STARLINK-74735
1 74735U 20045A   25001.00000000  .00000000  00000-0  00000-0 0  9995
2 74735  53.0000 200.2289 0001000 317.2063 306.9185 15.06000000000017
STARLINK-74736
1 74736U 21002A   25001.00000000  .00000000  00000-0  00000-0 0  9990
2 74736  53.0000  94.0431 0001000 328.8910  89.4477 15.06000000000012
STARLINK-74737
1 74737U 21007A   25001.00000000  .00000000  00000-0  00000-0 0  9996
2 74737  53.2000  97.1409 0001000 276.8907 346.7811 15.06000000000013
STARLINK-74738
1 74738U 23073A   25001.00000000  .00000000  00000-0  00000-0 0  9992
2 74738  70.0000 273.8874 0001000 225.7396  23.1744 15.06000000000016
STARLINK-74739
1 74739U 24006A   25001.00000000  .00000000  00000-0  00000-0 0  9990
2 74739  70.0000 144.3807 0001000 261.2795 148.1775 15.06000000000015
STARLINK-74740
1 74740U 25067A   25001.00000000  .00000000  00000-0  00000-0 0  9990
2 74740  97.6000  62.1328 0001000 345.2471  96.6696 15.06000000000010
STARLINK-74741
1 74741U 21043A   25001.00000000  .00000000  00000-0  00000-0 0  9991
2 74741  53.0000  87.2961 0001000 118.1710 236.0390 15.06000000000012
STARLINK-74742
1 74742U 25075A   25001.00000000  .00000000  00000-0  00000-0 0  9991
2 74742  70.0000 307.6940 0001000 169.1704  34.1873 15.06000000000010
STARLINK-74743
1 74743U 24028A   25001.00000000  .00000000  00000-0  00000-0 0  9999
2 74743  97.6000 260.6942 0001000  82.2105 286.5813 15.06000000000013
STARLINK-74744
1 74744U 25046A   25001.00000000  .00000000  00000-0  00000-0 0  9991
2 74744  43.0000 325.0201 0001000 199.8079 349.6369 15.06000000000015
STARLINK-74745
1 74745U 21059A   25001.00000000  .00000000  00000-0  00000-0 0  9992
2 74745  53.2000 339.0520 0001000 127.2764 302.1947 15.06000000000010
STARLINK-74746
1 74746U 25071A   25001.00000000  .00000000  00000-0  00000-0 0  9991
2 74746  97.6000 267.2898 0001000  15.5985 154.1930 15.06000000000014
STARLINK-74747
1 74747U 25085A   25001.00000000  .00000000  00000-0  00000-0 0  9997
2 74747  53.2000  77.6621 0001000  11.8773  54.6766 15.06000000000015
STARLINK-74748
1 74748U 20099A   25001.00000000  .00000000  00000-0  00000-0 0  9998
2 74748  53.0000 351.8202 0001000 146.8776   1.0248 15.06000000000019
STARLINK-74749
1 74749U 21065A   25001.00000000  .00000000  00000-0  00000-0 0  9993
2 74749  97.6000 205.6129 0001000 358.9709 187.8137 15.06000000000010
STARLINK-74750
1 74750U 22082A   25001.00000000  .00000000  00000-0  00000-0 0  9995
2 74750  97.6000  25.0834 0001000 244.4619 158.1631 15.06000000000018
STARLINK-74751
1 74751U 19055A   25001.00000000  .00000000  00000-0  00000-0 0  9992
2 74751  97.6000  44.0244 0001000 228.1437 197.2160 15.06000000000013
STARLINK-74752
1 74752U 21086A   25001.00000000  .00000000  00000-0  00000-0 0  9990
2 74752  97.6000 345.1705 0001000 189.2779 330.8295 15.06000000000011
STARLINK-74753
1 74753U 24041A   25001.00000000  .00000000  00000-0  00000-0 0  9995
2 74753  43.0000 148.7906 0001000 295.2655  79.5182 15.06000000000010
STARLINK-74754
1 74754U 23019A   25001.00000000  .00000000  00000-0  00000-0 0  9990
2 74754  97.6000 332.4191 0001000  42.8516  77.1916 15.06000000000015
STARLINK-74755
1 74755U 23058A   25001.00000000  .00000000  00000-0  00000-0 0  9994
2 74755  97.6000 331.4191 0001000 310.6218 212.7936 15.06000000000019
STARLINK-74756
1 74756U 23060A   25001.00000000  .00000000  00000-0  00000-0 0  9998
2 74756  53.2000  98.9599 0001000 357.8906 252.4473 15.06000000000019
STARLINK-74757
1 74757U 25038A   25001.00000000  .00000000  00000-0  00000-0 0  9996
2 74757  53.0000 349.0301 0001000 273.8488  46.4991 15.06000000000017
STARLINK-74758
1 74758U 25065A   25001.00000000  .00000000  00000-0  00000-0 0  9997
2 74758  43.0000 357.7284 0001000 133.9446 208.0133 15.06000000000017
STARLINK-74759
1 74759U 21058A   25001.00000000  .00000000  00000-0  00000-0 0  9996
2 74759  53.2000  93.9672 0001000 197.4300 202.1875 15.06000000000013
STARLINK-74760
1 74760U 25008A   25001.00000000  .00000000  00000-0  00000-0 0  9997
2 74760  43.0000 339.8727 0001000 274.2762 178.8467 15.06000000000017
STARLINK-74761
1 74761U 21069A   25001.00000000  .00000000  00000-0  00000-0 0  9991
2 74761  97.6000  44.6688 0001000  25.4796  99.6310 15.06000000000010
STARLINK-74762
1 74762U 24067A   25001.00000000  .00000000  00000-0  00000-0 0  9993
2 74762  53.2000  43.7575 0001000 287.4936 177.2528 15.06000000000014
STARLINK-74763
1 74763U 19090A   25001.00000000  .00000000  00000-0  00000-0 0  9994
2 74763  53.0000 240.2042 0001000 140.4998  79.0079 15.06000000000012
STARLINK-74764
1 74764U 25017A   25001.00000000  .00000000  00000-0  00000-0 0  9991
2 74764  70.0000   1.3713 0001000 245.2124   4.3071 15.06000000000011
STARLINK-74765
1 74765U 21043A   25001.00000000  .00000000  00000-0  00000-0 0  9997
2 74765  97.6000  46.0699 0001000 176.9006 264.6724 15.06000000000011
STARLINK-74766
1 74766U 24100A   25001.00000000  .00000000  00000-0  00000-0 0  9995
2 74766  97.6000  79.6816 0001000 321.0593 194.6860 15.06000000000012
STARLINK-74767
1 74767U 21018A   25001.00000000  .00000000  00000-0  00000-0 0  9991
2 74767  70.0000 265.5208 0001000 181.3444 256.4316 15.06000000000014
STARLINK-74768
1 74768U 21093A   25001.00000000  .00000000  00000-0  00000-0 0  9995
2 74768  53.0000 257.7952 0001000 321.5070 264.7814 15.06000000000013
STARLINK-74769
1 74769U 19031A   25001.00000000  .00000000  00000-0  00000-0 0  9995
2 74769  53.2000  71.9659 0001000   6.6712 202.9090 15.06000000000010
STARLINK-74770
1 74770U 19087A   25001.00000000  .00000000  00000-0  00000-0 0  9998
2 74770  43.0000 235.7339 0001000 288.5012 291.0415 15.06000000000018
STARLINK-74771
1 74771U 25054A   25001.00000000  .00000000  00000-0  00000-0 0  9990
2 74771  53.0000 348.1202 0001000  86.0163  84.7905 15.06000000000017
STARLINK-74772
1 74772U 20094A   25001.00000000  .00000000  00000-0  00000-0 0  9990
2 74772  70.0000 231.6203 0001000 236.2195 141.8059 15.06000000000013
STARLINK-74773
1 74773U 19030A   25001.00000000  .00000000  00000-0  00000-0 0  9999
2 74773  70.0000  96.1434 0001000 103.6656 194.0271 15.06000000000019
STARLINK-74774
1 74774U 24067A   25001.00000000  .00000000  00000-0  00000-0 0  9996
2 74774  70.0000 196.3029 0001000 221.7521 345.0848 15.06000000000014
STARLINK-74775
1 74775U 24082A   25001.00000000  .00000000  00000-0  00000-0 0  9994
2 74775  97.6000  75.1932 0001000 304.3845 100.3488 15.06000000000016
STARLINK-74776
1 74776U 20034A   25001.00000000  .00000000  00000-0  00000-0 0  9998
2 74776  53.0000 159.3932 0001000 193.0809   3.4954 15.06000000000012
STARLINK-74777
1 74777U 19057A   25001.00000000  .00000000  00000-0  00000-0 0  9992
2 74777  53.0000  90.7785 0001000 333.3450 134.6887 15.06000000000010
STARLINK-74778
1 74778U 22020A   25001.00000000  .00000000  00000-0  00000-0 0  9997
2 74778  70.0000  16.6049 0001000  39.9462 181.7348 15.06000000000017
STARLINK-74779
1 74779U 24024A   25001.00000000  .00000000  00000-0  00000-0 0  9994
2 74779  53.0000 280.2970 0001000  13.1766  54.3483 15.06000000000017
STARLINK-74780
1 74780U 20056A   25001.00000000  .00000000  00000-0  00000-0 0  9997
2 74780  53.0000 151.7824 0001000 230.4636 186.7852 15.06000000000019
STARLINK-74781
1 74781U 19035A   25001.00000000  .00000000  00000-0  00000-0 0  9993
2 74781  53.2000 104.2234 0001000 140.8344 323.1084 15.06000000000014
STARLINK-74782
1 74782U 22099A   25001.00000000  .00000000  00000-0  00000-0 0  9998
2 74782  43.0000 217.2502 0001000 162.9070  10.4297 15.06000000000018
STARLINK-74783
1 74783U 21015A   25001.00000000  .00000000  00000-0  00000-0 0  9996
2 74783  53.2000 274.0927 0001000 194.4894  38.2485 15.06000000000015
STARLINK-74784
1 74784U 21011A   25001.00000000  .00000000  00000-0  00000-0 0  9993
2 74784  53.0000 139.5064 0001000 312.2392  35.2104 15.06000000000019
STARLINK-74785
1 74785U 20041A   25001.00000000  .00000000  00000-0  00000-0 0  9996
2 74785  43.0000  93.9491 0001000 288.9271 236.6628 15.06000000000019
STARLINK-74786
1 74786U 19043A   25001.00000000  .00000000  00000-0  00000-0 0  9997
2 74786  53.0000 260.3722 0001000 241.9098   2.2232 15.06000000000012
STARLINK-74787
1 74787U 22072A   25001.00000000  .00000000  00000-0  00000-0 0  9994
2 74787  53.0000 312.1568 0001000 301.2099 324.3688 15.06000000000011
STARLINK-74788
1 74788U 24047A   25001.00000000  .00000000  00000-0  00000-0 0  9999
2 74788  53.2000 247.7012 0001000 209.7133   9.3381 15.06000000000012
STARLINK-74789
1 74789U 20025A   25001.00000000  .00000000  00000-0  00000-0 0  9992
2 74789  53.2000  50.5241 0001000  34.8406  39.3617 15.06000000000012
STARLINK-74790
1 74790U 20049A   25001.00000000  .00000000  00000-0  00000-0 0  9990
2 74790  43.0000  66.7925 0001000 262.9783 275.8309 15.06000000000016
STARLINK-74791
1 74791U 19069A   25001.00000000  .00000000  00000-0  00000-0 0  9991
2 74791  53.2000 135.1848 0001000 351.6080 120.2993 15.06000000000013
STARLINK-74792
1 74792U 25018A   25001.00000000  .00000000  00000-0  00000-0 0  9993
2 74792  53.0000 130.9757 0001000 185.8446 281.8753 15.06000000000015
STARLINK-74793
1 74793U 19045A   25001.00000000  .00000000  00000-0  00000-0 0  9997
2 74793  43.0000 354.2680 0001000 162.4207 141.6193 15.06000000000018
STARLINK-74794
1 74794U 21026A   25001.00000000  .00000000  00000-0  00000-0 0  9990
2 74794  43.0000 261.0626 0001000  50.2896 204.7051 15.06000000000016
STARLINK-74795
1 74795U 22028A   25001.00000000  .00000000  00000-0  00000-0 0  9994
2 74795  97.6000  31.2381 0001000  89.4065 257.2147 15.06000000000018
STARLINK-74796
1 74796U 22002A   25001.00000000  .00000000  00000-0  00000-0 0  9997
2 74796  43.0000 164.0223 0001000 147.4888 337.1505 15.06000000000018
STARLINK-74797
1 74797U 23020A   25001.00000000  .00000000  00000-0  00000-0 0  9999
2 74797  53.2000 212.7353 0001000  26.6606 159.8752 15.06000000000016
STARLINK-74798
1 74798U 22043A   25001.00000000  .00000000  00000-0  00000-0 0  9994
2 74798  53.0000 314.9529 0001000  32.8986 115.7815 15.06000000000016
STARLINK-74799
1 74799U 25053A   25001.00000000  .00000000  00000-0  00000-0 0  9999
2 74799  53.2000   3.8965 0001000 298.0401 164.4294 15.06000000000017
STARLINK-74800
1 74800U 25038A   25001.00000000  .00000000  00000-0  00000-0 0  9995
2 74800  97.6000 155.1922 0001000 227.9826 153.1506 15.06000000000019
STARLINK-74801
1 74801U 25097A   25001.00000000  .00000000  00000-0  00000-0 0  9991
2 74801  70.0000  80.8912 0001000 105.8941 222.2170 15.06000000000015
STARLINK-74802
1 74802U 20089A   25001.00000000  .00000000  00000-0  00000-0 0  9998
2 74802  70.0000 266.7856 0001000 301.0380  76.9689 15.06000000000014
STARLINK-74803
1 74803U 20088A   25001.00000000  .00000000  00000-0  00000-0 0  9998
2 74803  53.2000  77.7325 0001000 115.7399 349.7730 15.06000000000017
STARLINK-74804
1 74804U 21058A   25001.00000000  .00000000  00000-0  00000-0 0  9997
2 74804  70.0000  76.2484 0001000  30.2248 352.7052 15.06000000000010
STARLINK-74805
1 74805U 22031A   25001.00000000  .00000000  00000-0  00000-0 0  9990
2 74805  53.2000 122.9377 0001000 356.2892 255.7573 15.06000000000010
STARLINK-74806
1 74806U 19020A   25001.00000000  .00000000  00000-0  00000-0 0  9995
2 74806  43.0000 121.0595 0001000  33.5906   0.7455 15.06000000000018
STARLINK-74807
1 74807U 22084A   25001.00000000  .00000000  00000-0  00000-0 0  9990
2 74807  97.6000 248.1234 0001000 196.9704 219.1971 15.06000000000014
STARLINK-74808
1 74808U 21080A   25001.00000000  .00000000  00000-0  00000-0 0  9996
2 74808  43.0000 125.9066 0001000  26.5590 183.6613 15.06000000000014
STARLINK-74809
1 74809U 25072A   25001.00000000  .00000000  00000-0  00000-0 0  9992
2 74809  70.0000 312.1020 0001000 172.8916 205.7469 15.06000000000017
STARLINK-74810
1 74810U 20046A   25001.00000000  .00000000  00000-0  00000-0 0  9990
2 74810  43.0000 191.8556 0001000 212.3985 283.0638 15.06000000000018
STARLINK-74811
1 74811U 23031A   25001.00000000  .00000000  00000-0  00000-0 0  9998
2 74811  70.0000 145.7342 0001000 274.3760 330.1844 15.06000000000012
STARLINK-74812
1 74812U 23082A   25001.00000000  .00000000  00000-0  00000-0 0  9995
2 74812  53.0000 249.8654 0001000 169.5123 293.7667 15.06000000000011
STARLINK-74813
1 74813U 20054A   25001.00000000  .00000000  00000-0  00000-0 0  9992
2 74813  70.0000 114.8804 0001000 179.4090  80.0769 15.06000000000012
STARLINK-74814
1 74814U 23073A   25001.00000000  .00000000  00000-0  00000-0 0  9997
2 74814  97.6000 112.5926 0001000 350.4234   8.5988 15.06000000000017
STARLINK-74815
1 74815U 21013A   25001.00000000  .00000000  00000-0  00000-0 0  9990
2 74815  97.6000  75.3824 0001000  57.8233 164.7997 15.06000000000013
STARLINK-74816
1 74816U 21061A   25001.00000000  .00000000  00000-0  00000-0 0  9994
2 74816  43.0000 337.2663 0001000 331.5145 307.6057 15.06000000000019
STARLINK-74817
1 74817U 21009A   25001.00000000  .00000000  00000-0  00000-0 0  9997
2 74817  53.0000 324.0975 0001000  80.5629  58.3083 15.06000000000018
STARLINK-74818
1 74818U 20074A   25001.00000000  .00000000  00000-0  00000-0 0  9999
2 74818  53.2000 158.9450 0001000 283.8567 193.8611 15.06000000000014
STARLINK-74819
1 74819U 21042A   25001.00000000  .00000000  00000-0  00000-0 0  9996
2 74819  53.2000 251.1459 0001000  19.3934  17.0000 15.06000000000019
STARLINK-74820
1 74820U 25063A   25001.00000000  .00000000  00000-0  00000-0 0  9995
2 74820  70.0000   2.1258 0001000 349.1795 222.4784 15.06000000000019
STARLINK-74821
1 74821U 25021A   25001.00000000  .00000000  00000-0  00000-0 0  9990
2 74821  53.0000  27.2575 0001000 306.5948 180.9177 15.06000000000012
STARLINK-74822
1 74822U 21042A   25001.00000000  .00000000  00000-0  00000-0 0  9990
2 74822  70.0000 126.0188 0001000  52.5622 327.3093 15.06000000000011
STARLINK-74823
1 74823U 22029A   25001.00000000  .00000000  00000-0  00000-0 0  9997
2 74823  43.0000 253.6502 0001000 167.2289 221.5526 15.06000000000018
STARLINK-74824
1 74824U 24056A   25001.00000000  .00000000  00000-0  00000-0 0  9990
2 74824  70.0000 323.5538 0001000  27.2368 140.7487 15.06000000000016
STARLINK-74825
1 74825U 21086A   25001.00000000  .00000000  00000-0  00000-0 0  9991
2 74825  43.0000  26.8463 0001000  43.8531 315.7441 15.06000000000017
STARLINK-74826
1 74826U 23077A   25001.00000000  .00000000  00000-0  00000-0 0  9994
2 74826  70.0000 152.8444 0001000 328.8894  82.8095 15.06000000000012
STARLINK-74827
1 74827U 25047A   25001.00000000  .00000000  00000-0  00000-0 0  9994
2 74827  97.6000  88.5515 0001000 189.5270 268.4140 15.06000000000015
STARLINK-74828
1 74828U 25059A   25001.00000000  .00000000  00000-0  00000-0 0  9998
2 74828  70.0000  85.4585 0001000 182.1584 156.6575 15.06000000000011
STARLINK-74829
1 74829U 23093A   25001.00000000  .00000000  00000-0  00000-0 0  9995
2 74829  97.6000 349.5358 0001000 344.8579  19.5937 15.06000000000019
STARLINK-74830
1 74830U 20018A   25001.00000000  .00000000  00000-0  00000-0 0  9991
2 74830  53.0000 331.1214 0001000 130.9066 302.1655 15.06000000000018
STARLINK-74831
1 74831U 24053A   25001.00000000  .00000000  00000-0  00000-0 0  9995
2 74831  53.0000 155.0903 0001000 327.9512 131.7811 15.06000000000011
STARLINK-74832
1 74832U 24073A   25001.00000000  .00000000  00000-0  00000-0 0  9998
2 74832  53.2000 113.3765 0001000 244.8773  48.8946 15.06000000000010
STARLINK-74833
1 74833U 25062A   25001.00000000  .00000000  00000-0  00000-0 0  9998
2 74833  53.2000 270.8412 0001000  64.6364  47.1927 15.06000000000014
STARLINK-74834
1 74834U 23068A   25001.00000000  .00000000  00000-0  00000-0 0  9993
2 74834  53.0000 186.4852 0001000 196.5068 281.5449 15.06000000000012
STARLINK-74835
1 74835U 21094A   25001.00000000  .00000000  00000-0  00000-0 0  9991
2 74835  53.0000 320.5334 0001000 330.4622  52.6205 15.06000000000011
STARLINK-74836
1 74836U 20047A   25001.00000000  .00000000  00000-0  00000-0 0  9999
2 74836  97.6000 189.6540 0001000 255.8408 216.9248 15.06000000000013
STARLINK-74837
1 74837U 20033A   25001.00000000  .00000000  00000-0  00000-0 0  9995
2 74837  53.2000 289.9950 0001000 120.2877 312.7699 15.06000000000011
STARLINK-74838
1 74838U 22029A   25001.00000000  .00000000  00000-0  00000-0 0  9993
2 74838  70.0000 239.0061 0001000  67.2685  50.4387 15.06000000000015
STARLINK-74839
1 74839U 22064A   25001.00000000  .00000000  00000-0  00000-0 0  9993
2 74839  70.0000 317.6818 0001000 186.1733 275.5434 15.06000000000017
STARLINK-74840
1 74840U 22025A   25001.00000000  .00000000  00000-0  00000-0 0  9992
2 74840  70.0000  68.4866 0001000 270.7126 256.6000 15.06000000000018
STARLINK-74841
1 74841U 19044A   25001.00000000  .00000000  00000-0  00000-0 0  9990
2 74841  53.0000 342.3292 0001000 331.3474  85.2520 15.06000000000010
STARLINK-74842
1 74842U 25042A   25001.00000000  .00000000  00000-0  00000-0 0  9996
2 74842  53.2000 123.6635 0001000 345.5500  79.0544 15.06000000000018
STARLINK-74843
1 74843U 25061A   25001.00000000  .00000000  00000-0  00000-0 0  9998
2 74843  43.0000 195.8070 0001000 344.7889 351.5024 15.06000000000012
STARLINK-74844
1 74844U 21085A   25001.00000000  .00000000  00000-0  00000-0 0  9991
2 74844  97.6000 352.4082 0001000 267.5191 288.0101 15.06000000000010
STARLINK-74845
1 74845U 22042A   25001.00000000  .00000000  00000-0  00000-0 0  9996
2 74845  53.0000  42.1108 0001000 354.4630 106.2704 15.06000000000013
STARLINK-74846
1 74846U 19087A   25001.00000000  .00000000  00000-0  00000-0 0  9992
2 74846  53.2000 225.5926 0001000 125.4356 265.1001 15.06000000000017
STARLINK-74847
1 74847U 24023A   25001.00000000  .00000000  00000-0  00000-0 0  9999
2 74847  53.0000   1.1678 0001000 126.9127 198.6655 15.06000000000015
STARLINK-74848
1 74848U 23072A   25001.00000000  .00000000  00000-0  00000-0 0  9993
2 74848  53.0000 300.6821 0001000  96.4712  12.3495 15.06000000000018
STARLINK-74849
1 74849U 20055A   25001.00000000  .00000000  00000-0  00000-0 0  9992
2 74849  43.0000 155.7013 0001000 132.6741  67.8155 15.06000000000013
STARLINK-74850
1 74850U 22087A   25001.00000000  .00000000  00000-0  00000-0 0  9991
2 74850  70.0000 283.8519 0001000  24.6076  65.4391 15.06000000000016
STARLINK-74851
1 74851U 21097A   25001.00000000  .00000000  00000-0  00000-0 0  9992
2 74851  53.0000 196.9684 0001000 324.7413 275.3137 15.06000000000014
STARLINK-74852
1 74852U 21037A   25001.00000000  .00000000  00000-0  00000-0 0  9997
2 74852  97.6000  14.2234 0001000 208.2969 222.8978 15.06000000000014
STARLINK-74853
1 74853U 22021A   25001.00000000  .00000000  00000-0  00000-0 0  9992
2 74853  97.6000 172.1634 0001000  93.2709  51.2346 15.06000000000010
STARLINK-74854
1 74854U 19062A   25001.00000000  .00000000  00000-0  00000-0 0  9994
2 74854  70.0000 241.4850 0001000 224.9061  59.2264 15.06000000000017
STARLINK-74855
1 74855U 19031A   25001.00000000  .00000000  00000-0  00000-0 0  9991
2 74855  53.0000  82.2886 0001000  44.6243 351.4270 15.06000000000012
STARLINK-74856
1 74856U 25089A   25001.00000000  .00000000  00000-0  00000-0 0  9992
2 74856  53.2000 294.6336 0001000 168.0023 182.6696 15.06000000000017
STARLINK-74857
1 74857U 25075A   25001.00000000  .00000000  00000-0  00000-0 0  9998
2 74857  53.0000 353.6957 0001000 140.2516 355.6866 15.06000000000011
STARLINK-74858
1 74858U 24023A   25001.00000000  .00000000  00000-0  00000-0 0  9991
2 74858  43.0000  51.7044 0001000 106.6648 268.0091 15.06000000000013
STARLINK-74859
1 74859U 20041A   25001.00000000  .00000000  00000-0  00000-0 0  9998
2 74859  53.2000 160.7320 0001000 141.4193 214.3952 15.06000000000017
STARLINK-74860
1 74860U 22076A   25001.00000000  .00000000  00000-0  00000-0 0  9990
2 74860  70.0000 328.3448 0001000 279.9189 168.3879 15.06000000000017
STARLINK-74861
1 74861U 24045A   25001.00000000  .00000000  00000-0  00000-0 0  9999
2 74861  53.2000 237.2355 0001000 337.4850 359.0575 15.06000000000013
STARLINK-74862
1 74862U 20071A   25001.00000000  .00000000  00000-0  00000-0 0  9995
2 74862  97.6000 220.4965 0001000 124.8467  11.8322 15.06000000000012
STARLINK-74863
1 74863U 19096A   25001.00000000  .00000000  00000-0  00000-0 0  9991
2 74863  70.0000 173.7836 0001000 252.3749 311.4034 15.06000000000014
STARLINK-74864
1 74864U 21089A   25001.00000000  .00000000  00000-0  00000-0 0  9997
2 74864  70.0000  96.5249 0001000 249.0071  56.8911 15.06000000000010
STARLINK-74865
1 74865U 23021A   25001.00000000  .00000000  00000-0  00000-0 0  9996
2 74865  53.2000 216.1723 0001000  49.7786 199.8183 15.06000000000018
STARLINK-74866
1 74866U 24018A   25001.00000000  .00000000  00000-0  00000-0 0  9994
2 74866  53.0000 259.2808 0001000 287.3967 161.3380 15.06000000000013
STARLINK-74867
1 74867U 24054A   25001.00000000  .00000000  00000-0  00000-0 0  9995
2 74867  43.0000  47.9534 0001000 287.9202  37.6258 15.06000000000018
STARLINK-74868
1 74868U 21065A   25001.00000000  .00000000  00000-0  00000-0 0  9995
2 74868  97.6000  95.7189 0001000 226.9100 285.6847 15.06000000000010
STARLINK-74869
1 74869U 25003A   25001.00000000  .00000000  00000-0  00000-0 0  9992
2 74869  53.2000 135.3311 0001000 206.8908 113.4033 15.06000000000015
STARLINK-74870
1 74870U 19059A   25001.00000000  .00000000  00000-0  00000-0 0  9998
2 74870  43.0000  53.6033 0001000 339.1157 122.6962 15.06000000000016
STARLINK-74871
1 74871U 24090A   25001.00000000  .00000000  00000-0  00000-0 0  9990
2 74871  53.0000 221.6645 0001000 230.7634 203.7794 15.06000000000014
STARLINK-74872
1 74872U 21077A   25001.00000000  .00000000  00000-0  00000-0 0  9993
2 74872  53.0000 157.8803 0001000  74.1666  75.8848 15.06000000000014
STARLINK-74873
1 74873U 24068A   25001.00000000  .00000000  00000-0  00000-0 0  9997
2 74873  53.2000 276.1226 0001000 208.0193 234.5273 15.06000000000010
STARLINK-74874
1 74874U 23073A   25001.00000000  .00000000  00000-0  00000-0 0  9993
2 74874  70.0000 215.4321 0001000  29.9674  84.4491 15.06000000000018
STARLINK-74875
1 74875U 23042A   25001.00000000  .00000000  00000-0  00000-0 0  9990
2 74875  43.0000 302.7474 0001000 263.5050 160.0838 15.06000000000018
STARLINK-74876
1 74876U 21053A   25001.00000000  .00000000  00000-0  00000-0 0  9991
2 74876  70.0000   0.1672 0001000 243.6629  93.0800 15.06000000000013
STARLINK-74877
1 74877U 24066A   25001.00000000  .00000000  00000-0  00000-0 0  9999
2 74877  53.2000 110.4637 0001000 172.5053  22.1582 15.06000000000014
STARLINK-74878
1 74878U 23091A   25001.00000000  .00000000  00000-0  00000-0 0  9997
2 74878  43.0000  25.3803 0001000 147.1448 343.1605 15.06000000000019
STARLINK-74879
1 74879U 19086A   25001.00000000  .00000000  00000-0  00000-0 0  9997
2 74879  53.2000 133.4311 0001000  36.0549  23.9845 15.06000000000015
STARLINK-74880
1 74880U 20094A   25001.00000000  .00000000  00000-0  00000-0 0  9990
2 74880  70.0000 355.9181 0001000  56.5992 222.9641 15.06000000000014
STARLINK-74881
1 74881U 22100A   25001.00000000  .00000000  00000-0  00000-0 0  9991
2 74881  97.6000  32.2125 0001000  22.0223 117.6083 15.06000000000018
STARLINK-74882
1 74882U 20037A   25001.00000000  .00000000  00000-0  00000-0 0  9999
2 74882  70.0000 299.9672 0001000  87.4375 275.7765 15.06000000000019
STARLINK-74883
1 74883U 22013A   25001.00000000  .00000000  00000-0  00000-0 0  9996
2 74883  43.0000 194.1529 0001000 223.4471 204.6597 15.06000000000010
STARLINK-74884
1 74884U 21077A   25001.00000000  .00000000  00000-0  00000-0 0  9996
2 74884  53.2000 209.9283 0001000 323.2375 303.3505 15.06000000000014
STARLINK-74885
1 74885U 25017A   25001.00000000  .00000000  00000-0  00000-0 0  9995
2 74885  53.0000 333.2103 0001000  40.6960  46.0988 15.06000000000011
STARLINK-74886
1 74886U 20040A   25001.00000000  .00000000  00000-0  00000-0 0  9997
2 74886  53.2000 217.7365 0001000 135.0361  66.8741 15.06000000000011
STARLINK-74887
1 74887U 25012A   25001.00000000  .00000000  00000-0  00000-0 0  9992
2 74887  53.0000  42.8956 0001000  93.7740 299.8064 15.06000000000010
STARLINK-74888
1 74888U 19037A   25001.00000000  .00000000  00000-0  00000-0 0  9993
2 74888  53.0000 347.7279 0001000 235.7710 142.2697 15.06000000000014
STARLINK-74889
1 74889U 21064A   25001.00000000  .00000000  00000-0  00000-0 0  9997
2 74889  53.2000  94.7768 0001000 139.2869  11.5903 15.06000000000010
STARLINK-74890
1 74890U 25057A   25001.00000000  .00000000  00000-0  00000-0 0  9995
2 74890  70.0000 190.0289 0001000 356.4064 101.3819 15.06000000000011
STARLINK-74891
1 74891U 19004A   25001.00000000  .00000000  00000-0  00000-0 0  9991
2 74891  70.0000 242.8852 0001000 131.0437 118.0562 15.06000000000015
STARLINK-74892
1 74892U 19038A   25001.00000000  .00000000  00000-0  00000-0 0  9999
2 74892  53.0000  15.7574 0001000 347.8730 350.3311 15.06000000000011
STARLINK-74893
1 74893U 24077A   25001.00000000  .00000000  00000-0  00000-0 0  9999
2 74893  97.6000 325.3759 0001000  49.1485 259.2206 15.06000000000010
STARLINK-74894
1 74894U 20091A   25001.00000000  .00000000  00000-0  00000-0 0  9992
2 74894  53.0000  39.7757 0001000 117.3599 328.7037 15.06000000000019
STARLINK-74895
1 74895U 19086A   25001.00000000  .00000000  00000-0  00000-0 0  9995
2 74895  43.0000 232.9822 0001000 208.4145 330.7860 15.06000000000015
STARLINK-74896
1 74896U 22003A   25001.00000000  .00000000  00000-0  00000-0 0  9999
2 74896  70.0000   5.2293 0001000 146.0932 265.6244 15.06000000000012
STARLINK-74897
1 74897U 19097A   25001.00000000  .00000000  00000-0  00000-0 0  9999
2 74897  53.2000 261.3932 0001000 256.8849 248.7662 15.06000000000014
STARLINK-74898
1 74898U 25068A   25001.00000000  .00000000  00000-0  00000-0 0  9995
2 74898  97.6000 358.6562 0001000 112.1309  15.3560 15.06000000000016
STARLINK-74899
1 74899U 19031A   25001.00000000  .00000000  00000-0  00000-0 0  9999
2 74899  43.0000 143.8729 0001000 297.8643 273.8393 15.06000000000018
STARLINK-74900
1 74900U 25046A   25001.00000000  .00000000  00000-0  00000-0 0  9995
2 74900  53.0000 310.4294 0001000 269.5643 149.2704 15.06000000000019
STARLINK-74901
1 74901U 23063A   25001.00000000  .00000000  00000-0  00000-0 0  9993
2 74901  53.0000  19.6033 0001000 184.2427 187.1620 15.06000000000010
STARLINK-74902
1 74902U 21073A   25001.00000000  .00000000  00000-0  00000-0 0  9993
2 74902  53.0000 256.3668 0001000 256.8452 234.0107 15.06000000000011
STARLINK-74903
1 74903U 21012A   25001.00000000  .00000000  00000-0  00000-0 0  9997
2 74903  53.2000 338.0147 0001000 183.7357  67.9386 15.06000000000018
STARLINK-74904
1 74904U 24025A   25001.00000000  .00000000  00000-0  00000-0 0  9995
2 74904  70.0000  69.5426 0001000 357.1797 322.5056 15.06000000000011
STARLINK-74905
1 74905U 21048A   25001.00000000  .00000000  00000-0  00000-0 0  9998
2 74905  53.2000 326.3768 0001000 290.9339  27.2468 15.06000000000010
STARLINK-74906
1 74906U 22052A   25001.00000000  .00000000  00000-0  00000-0 0  9995
2 74906  43.0000  15.0833 0001000  55.2417  45.4565 15.06000000000012
STARLINK-74907
1 74907U 25078A   25001.00000000  .00000000  00000-0  00000-0 0  9997
2 74907  70.0000 292.6615 0001000  45.3410   7.6089 15.06000000000018
STARLINK-74908
1 74908U 20042A   25001.00000000  .00000000  00000-0  00000-0 0  9994
2 74908  70.0000  13.4858 0001000 178.3865 164.1417 15.06000000000012
STARLINK-74909
1 74909U 25051A   25001.00000000  .00000000  00000-0  00000-0 0  9990
2 74909  70.0000 253.0731 0001000 121.4065   0.5952 15.06000000000013
STARLINK-74910
1 74910U 25070A   25001.00000000  .00000000  00000-0  00000-0 0  9993
2 74910  43.0000 116.4588 0001000 338.3011  59.3372 15.06000000000015
STARLINK-74911
1 74911U 22069A   25001.00000000  .00000000  00000-0  00000-0 0  9999
2 74911  53.0000  47.0026 0001000 236.1132 270.9690 15.06000000000016
STARLINK-74912
1 74912U 20037A   25001.00000000  .00000000  00000-0  00000-0 0  9993
2 74912  53.2000  11.7440 0001000 244.5930 253.9568 15.06000000000011
STARLINK-74913
1 74913U 19097A   25001.00000000  .00000000  00000-0  00000-0 0  9998
2 74913  70.0000  61.1927 0001000 212.2868 227.5176 15.06000000000012
STARLINK-74914
1 74914U 22094A   25001.00000000  .00000000  00000-0  00000-0 0  9990
2 74914  70.0000  69.3349 0001000 348.7955 167.1572 15.06000000000012
STARLINK-74915
1 74915U 21020A   25001.00000000  .00000000  00000-0  00000-0 0  9999
2 74915  97.6000 285.4102 0001000 242.6115 109.2981 15.06000000000017
STARLINK-74916
1 74916U 24055A   25001.00000000  .00000000  00000-0  00000-0 0  9991
2 74916  43.0000  85.9422 0001000 162.9522 192.0046 15.06000000000019
STARLINK-74917
1 74917U 24079A   25001.00000000  .00000000  00000-0  00000-0 0  9998
2 74917  97.6000  17.8042 0001000  94.5758 100.3585 15.06000000000018
STARLINK-74918
1 74918U 23073A   25001.00000000  .00000000  00000-0  00000-0 0  9992
2 74918  53.0000 321.2944 0001000 264.0502 186.8039 15.06000000000012
STARLINK-74919
1 74919U 22008A   25001.00000000  .00000000  00000-0  00000-0 0  9990
2 74919  43.0000  36.8152 0001000 318.1070 106.4592 15.06000000000015
STARLINK-74920
1 74920U 21021A   25001.00000000  .00000000  00000-0  00000-0 0  9996
2 74920  70.0000 147.0422 0001000 206.1933 335.8406 15.06000000000018
STARLINK-74921
1 74921U 20017A   25001.00000000  .00000000  00000-0  00000-0 0  9991
2 74921  70.0000 279.7661 0001000 258.5496 235.2187 15.06000000000011
STARLINK-74922
1 74922U 24043A   25001.00000000  .00000000  00000-0  00000-0 0  9995
2 74922  43.0000   7.1189 0001000 149.7980  48.9202 15.06000000000016
STARLINK-74923
1 74923U 20033A   25001.00000000  .00000000  00000-0  00000-0 0  9991
2 74923  70.0000 297.1241 0001000 115.4926  64.2790 15.06000000000010
STARLINK-74924
1 74924U 25059A   25001.00000000  .00000000  00000-0  00000-0 0  9995
2 74924  43.0000 290.3737 0001000 234.8847  69.4765 15.06000000000013
STARLINK-74925
1 74925U 19008A   25001.00000000  .00000000  00000-0  00000-0 0  9993
2 74925  53.2000 324.3499 0001000 154.3634 103.3051 15.06000000000016
STARLINK-74926
1 74926U 20029A   25001.00000000  .00000000  00000-0  00000-0 0  9999
2 74926  53.2000  26.1645 0001000 119.4532 196.2013 15.06000000000015
STARLINK-74927
1 74927U 22051A   25001.00000000  .00000000  00000-0  00000-0 0  9997
2 74927  53.0000 281.3838 0001000   7.3358  48.7970 15.06000000000017
STARLINK-74928
1 74928U 21096A   25001.00000000  .00000000  00000-0  00000-0 0  9996
2 74928  97.6000  47.0704 0001000 158.6488 190.0134 15.06000000000018
STARLINK-74929
1 74929U 24025A   25001.00000000  .00000000  00000-0  00000-0 0  9992
2 74929  70.0000 211.4180 0001000 211.8817  21.9614 15.06000000000012
STARLINK-74930
1 74930U 21084A   25001.00000000  .00000000  00000-0  00000-0 0  9996
2 74930  70.0000 231.5508 0001000 130.0975 132.3663 15.06000000000019
STARLINK-74931
1 74931U 21088A   25001.00000000  .00000000  00000-0  00000-0 0  9991
2 74931  53.2000 270.7365 0001000 115.5702 333.8738 15.06000000000016
STARLINK-74932
1 74932U 23030A   25001.00000000  .00000000  00000-0  00000-0 0  9991
2 74932  97.6000  39.3155 0001000 293.3721 159.5203 15.06000000000011
STARLINK-74933
1 74933U 22093A   25001.00000000  .00000000  00000-0  00000-0 0  9990
2 74933  43.0000 153.6017 0001000  29.4957 296.6425 15.06000000000012
STARLINK-74934
1 74934U 25038A   25001.00000000  .00000000  00000-0  00000-0 0  9993
2 74934  43.0000 285.6483 0001000 201.6044 191.9651 15.06000000000015
STARLINK-74935
1 74935U 23096A   25001.00000000  .00000000  00000-0  00000-0 0  9996
2 74935  70.0000  51.9959 0001000 302.9609  52.1576 15.06000000000014
STARLINK-74936
1 74936U 25045A   25001.00000000  .00000000  00000-0  00000-0 0  9993
2 74936  43.0000 137.6129 0001000 276.5922  47.1077 15.06000000000010
STARLINK-74937
1 74937U 20045A   25001.00000000  .00000000  00000-0  00000-0 0  9999
2 74937  97.6000  82.1463 0001000 290.2280 292.9296 15.06000000000014
STARLINK-74938
1 74938U 23003A   25001.00000000  .00000000  00000-0  00000-0 0  9997
2 74938  53.0000 150.7162 0001000 131.1720 134.6029 15.06000000000017
STARLINK-74939
1 74939U 22073A   25001.00000000  .00000000  00000-0  00000-0 0  9994
2 74939  97.6000 177.5135 0001000  43.0304 232.3783 15.06000000000011
STARLINK-74940
1 74940U 21040A   25001.00000000  .00000000  00000-0  00000-0 0  9999
2 74940  43.0000 205.6305 0001000 137.5002  78.5134 15.06000000000014
STARLINK-74941
1 74941U 22050A   25001.00000000  .00000000  00000-0  00000-0 0  9992
2 74941  70.0000  75.4206 0001000 175.9820 115.6862 15.06000000000013
STARLINK-74942
1 74942U 21071A   25001.00000000  .00000000  00000-0  00000-0 0  9995
2 74942  53.2000 264.6462 0001000  16.3316 243.8838 15.06000000000018
STARLINK-74943
1 74943U 22061A   25001.00000000  .00000000  00000-0  00000-0 0  9996
2 74943  70.0000 144.8121 0001000   5.4199 309.7883 15.06000000000017
STARLINK-74944
1 74944U 24050A   25001.00000000  .00000000  00000-0  00000-0 0  9997
2 74944  97.6000 174.4384 0001000 267.5328  97.4982 15.06000000000019
STARLINK-74945
1 74945U 22025A   25001.00000000  .00000000  00000-0  00000-0 0  9998
2 74945  97.6000  38.8030 0001000 336.3735 220.4379 15.06000000000016
STARLINK-74946
1 74946U 25065A   25001.00000000  .00000000  00000-0  00000-0 0  9996
2 74946  53.0000 172.3180 0001000  61.8566  24.4351 15.06000000000017
STARLINK-74947
1 74947U 25083A   25001.00000000  .00000000  00000-0  00000-0 0  9997
2 74947  53.0000  81.7374 0001000 297.4772 321.9062 15.06000000000016
STARLINK-74948
1 74948U 21050A   25001.00000000  .00000000  00000-0  00000-0 0  9998
2 74948  53.0000 256.2957 0001000 252.8400 135.1195 15.06000000000018
STARLINK-74949
1 74949U 21080A   25001.00000000  .00000000  00000-0  00000-0 0  9992
2 74949  97.6000 285.1747 0001000 315.8922 257.5297 15.06000000000012
STARLINK-74950
1 74950U 24093A   25001.00000000  .00000000  00000-0  00000-0 0  9991
2 74950  97.6000  35.2019 0001000  34.6123 232.2463 15.06000000000014
STARLINK-74951
1 74951U 19047A   25001.00000000  .00000000  00000-0  00000-0 0  9995
2 74951  97.6000  52.0639 0001000  23.3444  32.5148 15.06000000000012
STARLINK-74952
1 74952U 24084A   25001.00000000  .00000000  00000-0  00000-0 0  9993
2 74952  43.0000 260.1376 0001000 233.5604  27.6553 15.06000000000016
STARLINK-74953
1 74953U 19035A   25001.00000000  .00000000  00000-0  00000-0 0  9994
2 74953  70.0000 358.4809 0001000 113.6354 324.5699 15.06000000000019
STARLINK-74954
1 74954U 20005A   25001.00000000  .00000000  00000-0  00000-0 0  9994
2 74954  43.0000 306.1154 0001000   2.4478 291.5689 15.06000000000017
STARLINK-74955
1 74955U 25050A   25001.00000000  .00000000  00000-0  00000-0 0  9990
2 74955  43.0000 284.9171 0001000 348.9756 316.6233 15.06000000000011
STARLINK-74956
1 74956U 21042A   25001.00000000  .00000000  00000-0  00000-0 0  9998
2 74956  43.0000  47.7266 0001000 297.5796 123.1332 15.06000000000016
STARLINK-74957
1 74957U 21025A   25001.00000000  .00000000  00000-0  00000-0 0  9990
2 74957  53.0000  49.9196 0001000 350.0505 301.3616 15.06000000000012
STARLINK-74958
1 74958U 21091A   25001.00000000  .00000000  00000-0  00000-0 0  9994
2 74958  53.0000  88.3153 0001000 359.9371 335.8483 15.06000000000016
STARLINK-74959
1 74959U 22045A   25001.00000000  .00000000  00000-0  00000-0 0  9995
2 74959  43.0000   7.6350 0001000 253.2535 357.2664 15.06000000000016
STARLINK-74960
1 74960U 19010A   25001.00000000  .00000000  00000-0  00000-0 0  9995
2 74960  53.0000  89.7668 0001000 351.3014 260.6973 15.06000000000014
STARLINK-74961
1 74961U 23082A   25001.00000000  .00000000  00000-0  00000-0 0  9990
2 74961  70.0000 244.8344 0001000 219.4369  80.6008 15.06000000000015
STARLINK-74962
1 74962U 21034A   25001.00000000  .00000000  00000-0  00000-0 0  9996
2 74962  97.6000 110.1228 0001000 133.9389  64.8259 15.06000000000011
STARLINK-74963
1 74963U 22022A   25001.00000000  .00000000  00000-0  00000-0 0  9995
2 74963  53.2000 349.4196 0001000  94.2755 158.6465 15.06000000000018
STARLINK-74964
1 74964U 22079A   25001.00000000  .00000000  00000-0  00000-0 0  9998
2 74964  53.0000 149.9530 0001000 114.2440  51.1451 15.06000000000018
STARLINK-74965
1 74965U 19055A   25001.00000000  .00000000  00000-0  00000-0 0  9999
2 74965  53.0000 201.4365 0001000 309.9121 133.7809 15.06000000000012
STARLINK-74966
1 74966U 24048A   25001.00000000  .00000000  00000-0  00000-0 0  9998
2 74966  70.0000 115.2602 0001000 235.8447 346.4640 15.06000000000012
STARLINK-74967
1 74967U 23053A   25001.00000000  .00000000  00000-0  00000-0 0  9994
2 74967  97.6000 219.6880 0001000 260.6116 116.4699 15.06000000000013
STARLINK-74968
1 74968U 21015A   25001.00000000  .00000000  00000-0  00000-0 0  9991
2 74968  97.6000 243.9701 0001000 287.1609 150.1952 15.06000000000014
STARLINK-74969
1 74969U 21023A   25001.00000000  .00000000  00000-0  00000-0 0  9991
2 74969  43.0000  57.5704 0001000 149.1844 205.0547 15.06000000000010
STARLINK-74970
1 74970U 19032A   25001.00000000  .00000000  00000-0  00000-0 0  9990
2 74970  70.0000 103.6831 0001000 185.3029 245.9471 15.06000000000012
STARLINK-74971
1 74971U 19032A   25001.00000000  .00000000  00000-0  00000-0 0  9991
2 74971  53.0000 356.5270 0001000 241.1742 268.0415 15.06000000000017
STARLINK-74972
1 74972U 20094A   25001.00000000  .00000000  00000-0  00000-0 0  9992
2 74972  53.0000 148.3873 0001000 161.8955 285.2523 15.06000000000019
STARLINK-74973
1 74973U 20028A   25001.00000000  .00000000  00000-0  00000-0 0  9990
2 74973  97.6000 155.3518 0001000 312.5598  98.0026 15.06000000000014
STARLINK-74974
1 74974U 21099A   25001.00000000  .00000000  00000-0  00000-0 0  9990
2 74974  97.6000 241.6837 0001000 330.4690 112.3877 15.06000000000014
STARLINK-74975
1 74975U 24034A   25001.00000000  .00000000  00000-0  00000-0 0  9993
2 74975  97.6000  19.7755 0001000 351.9509  83.5850 15.06000000000015
STARLINK-74976
1 74976U 21066A   25001.00000000  .00000000  00000-0  00000-0 0  9996
2 74976  43.0000 255.2418 0001000 162.2192  55.1715 15.06000000000010
STARLINK-74977
1 74977U 24100A   25001.00000000  .00000000  00000-0  00000-0 0  9999
2 74977  53.0000 258.1376 0001000  28.9656 223.4765 15.06000000000015
STARLINK-74978
1 74978U 21044A   25001.00000000  .00000000  00000-0  00000-0 0  9994
2 74978  53.0000  21.0315 0001000   0.9878 316.4659 15.06000000000017
STARLINK-74979
1 74979U 25056A   25001.00000000  .00000000  00000-0  00000-0 0  9992
2 74979  70.0000  61.5013 0001000 198.9838 128.5413 15.06000000000015
STARLINK-74980
1 74980U 20020A   25001.00000000  .00000000  00000-0  00000-0 0  9990
2 74980  53.2000   2.1613 0001000 171.5126 225.8714 15.06000000000019
STARLINK-74981
1 74981U 20058A   25001.00000000  .00000000  00000-0  00000-0 0  9992
2 74981  97.6000 333.8313 0001000  26.7373 264.5280 15.06000000000016
STARLINK-74982
1 74982U 22011A   25001.00000000  .00000000  00000-0  00000-0 0  9994
2 74982  43.0000  31.3785 0001000 212.0693 254.4307 15.06000000000018
STARLINK-74983
1 74983U 23077A   25001.00000000  .00000000  00000-0  00000-0 0  9998
2 74983  97.6000 161.4856 0001000 249.1658 309.3586 15.06000000000019
STARLINK-74984
1 74984U 19064A   25001.00000000  .00000000  00000-0  00000-0 0  9990
2 74984  53.0000  82.5593 0001000 104.6666 313.3635 15.06000000000011
STARLINK-74985
1 74985U 21077A   25001.00000000  .00000000  00000-0  00000-0 0  9998
2 74985  53.0000 354.7167 0001000  75.8469  24.1213 15.06000000000012
STARLINK-74986
1 74986U 20038A   25001.00000000  .00000000  00000-0  00000-0 0  9995
2 74986  53.2000 167.0259 0001000 239.3807 196.8467 15.06000000000013
STARLINK-74987
1 74987U 20033A   25001.00000000  .00000000  00000-0  00000-0 0  9991
2 74987  53.2000 273.8047 0001000 162.0110 120.9784 15.06000000000014
STARLINK-74988
1 74988U 19099A   25001.00000000  .00000000  00000-0  00000-0 0  9992
2 74988  43.0000 178.5901 0001000 181.7115 192.2824 15.06000000000012
STARLINK-74989
1 74989U 23044A   25001.00000000  .00000000  00000-0  00000-0 0  9998
2 74989  70.0000 249.6958 0001000 156.5092 345.0345 15.06000000000015
STARLINK-74990
1 74990U 25083A   25001.00000000  .00000000  00000-0  00000-0 0  9995
2 74990  97.6000 245.9319 0001000 285.7410 199.4309 15.06000000000012
STARLINK-74991
1 74991U 19047A   25001.00000000  .00000000  00000-0  00000-0 0  9999
2 74991  53.0000 316.6181 0001000 134.7079 286.2195 15.06000000000014
STARLINK-74992
1 74992U 19043A   25001.00000000  .00000000  00000-0  00000-0 0  9996
2 74992  53.0000 247.6504 0001000   1.4070 106.6744 15.06000000000013
STARLINK-74993
1 74993U 25009A   25001.00000000  .00000000  00000-0  00000-0 0  9996
2 74993  43.0000  83.4875 0001000  69.6647 242.1390 15.06000000000019
STARLINK-74994
1 74994U 23004A   25001.00000000  .00000000  00000-0  00000-0 0  9990
2 74994  43.0000 325.9808 0001000  44.3782 300.1666 15.06000000000011
STARLINK-74995
1 74995U 21085A   25001.00000000  .00000000  00000-0  00000-0 0  9998
2 74995  53.0000 235.1536 0001000 128.2365  70.0475 15.06000000000013
STARLINK-74996
1 74996U 22045A   25001.00000000  .00000000  00000-0  00000-0 0  9996
2 74996  97.6000 200.2691 0001000  88.9460 132.2106 15.06000000000013
STARLINK-74997
1 74997U 20090A   25001.00000000  .00000000  00000-0  00000-0 0  9995
2 74997  43.0000 299.8519 0001000 288.4465  31.0411 15.06000000000019
STARLINK-74998
1 74998U 24013A   25001.00000000  .00000000  00000-0  00000-0 0  9995
2 74998  43.0000 270.9247 0001000  92.4581 275.9197 15.06000000000010
STARLINK-74999
1 74999U 21034A   25001.00000000  .00000000  00000-0  00000-0 0  9996
2 74999  70.0000 128.6993 0001000 265.5820 343.9937 15.06000000000015
